{
  "type": "integrated_api:optional_dependency_structure",
  "start_pool": "integrated_villages:minka_village/path/torii",
  "size": 13,
  "required_mods" : "quark",
  "valid_biome_radius_check": 2,
  "terrain_height_radius_check": 2,
  "allowed_terrain_height_range": 23,
  "allowed_y_range_from_start": 90,
  "biomes": "#integrated_villages:has_structure/minka_village_biomes",
  "step": "surface_structures",
  "enhanced_terrain_adaptation": {
    "type": "integrated_api:none"
  },
  "project_start_to_heightmap": "WORLD_SURFACE_WG",
  "start_height": {
    "absolute": 0
  },
  "use_bounding_box_hack": true,
  "spawn_overrides": {}
}