{
	"format_version": "1.21.6",
	"credit": "Made with Blockbench",
	"parent": "block/block",
	"textures": {
		"redstone_antenna": "create:block/redstone_antenna_powered",
		"particle": "create:block/redstone_bridge_powered",
		"redstone_bridge": "create:block/redstone_bridge_powered"
	},
	"elements": [
		{
			"name": "Controller",
			"from": [2, 0, 2],
			"to": [14, 3, 14],
			"faces": {
				"north": {"uv": [6, 7, 7.5, 13], "rotation": 90, "texture": "#redstone_bridge"},
				"east": {"uv": [0, 13, 6, 14.5], "texture": "#redstone_bridge"},
				"south": {"uv": [6, 7, 7.5, 13], "rotation": 90, "texture": "#redstone_bridge"},
				"west": {"uv": [0, 13, 6, 14.5], "texture": "#redstone_bridge"},
				"up": {"uv": [0, 7, 6, 13], "rotation": 270, "texture": "#redstone_bridge"},
				"down": {"uv": [5, 0, 11, 6], "rotation": 90, "texture": "#redstone_bridge"}
			}
		},
		{
			"from": [6, 2.5, 3.5],
			"to": [10, 3.5, 7.5],
			"faces": {
				"north": {"uv": [11, 2, 13, 2.5], "texture": "#redstone_bridge"},
				"east": {"uv": [11, 2, 13, 2.5], "texture": "#redstone_bridge"},
				"south": {"uv": [11, 2, 13, 2.5], "texture": "#redstone_bridge"},
				"west": {"uv": [11, 2, 13, 2.5], "texture": "#redstone_bridge"},
				"up": {"uv": [11, 0, 13, 2], "texture": "#redstone_bridge"}
			}
		},
		{
			"from": [6, 2.5, 8.5],
			"to": [10, 3.5, 12.5],
			"faces": {
				"north": {"uv": [11, 2, 13, 2.5], "texture": "#redstone_bridge"},
				"east": {"uv": [11, 2, 13, 2.5], "texture": "#redstone_bridge"},
				"south": {"uv": [11, 2, 13, 2.5], "texture": "#redstone_bridge"},
				"west": {"uv": [11, 2, 13, 2.5], "texture": "#redstone_bridge"},
				"up": {"uv": [13, 0, 15, 2], "texture": "#redstone_bridge"}
			}
		},
		{
			"name": "emiter1",
			"from": [2.5, 4, 3.5],
			"to": [3.5, 8, 4.5],
			"rotation": {"angle": 0, "axis": "y", "origin": [2, 5, 3]},
			"faces": {
				"north": {"uv": [2, 11, 3, 14], "texture": "#redstone_antenna"},
				"east": {"uv": [2, 10, 3, 14], "texture": "#redstone_antenna"},
				"south": {"uv": [2, 11, 3, 14], "texture": "#redstone_antenna"},
				"west": {"uv": [2, 11, 3, 14], "texture": "#redstone_antenna"},
				"up": {"uv": [2, 11, 3, 14], "texture": "#missing"},
				"down": {"uv": [2, 11, 3, 14], "texture": "#missing"}
			}
		},
		{
			"name": "emiter3",
			"from": [2, 3, 3],
			"to": [4, 4, 5],
			"rotation": {"angle": 0, "axis": "y", "origin": [1, 2, 2]},
			"faces": {
				"north": {"uv": [5.5, 7, 6, 8], "rotation": 90, "texture": "#redstone_bridge"},
				"east": {"uv": [4.5, 7.5, 5.5, 8], "texture": "#redstone_bridge"},
				"south": {"uv": [4, 8, 4.5, 7], "rotation": 90, "texture": "#redstone_bridge"},
				"west": {"uv": [4, 12.5, 5, 13], "texture": "#redstone_bridge"},
				"up": {"uv": [5, 8, 4, 7], "rotation": 90, "texture": "#redstone_bridge"},
				"down": {"uv": [15, 3, 15.5, 4], "rotation": 90, "texture": "#missing"}
			}
		},
		{
			"name": "emiter4",
			"from": [2, 5, 3],
			"to": [4, 6, 5],
			"rotation": {"angle": 0, "axis": "y", "origin": [1, 2, 2]},
			"faces": {
				"north": {"uv": [2, 11, 4, 12], "texture": "#redstone_antenna"},
				"east": {"uv": [2, 11, 4, 12], "texture": "#redstone_antenna"},
				"south": {"uv": [2, 11, 4, 12], "texture": "#redstone_antenna"},
				"west": {"uv": [2, 11, 4, 12], "texture": "#redstone_antenna"},
				"up": {"uv": [2, 11, 4, 12], "texture": "#redstone_antenna"},
				"down": {"uv": [2, 11, 4, 12], "texture": "#redstone_antenna"}
			}
		},
		{
			"from": [2, 7.5, 3],
			"to": [4, 9.5, 5],
			"rotation": {"angle": 0, "axis": "y", "origin": [2, 10, 3]},
			"faces": {
				"north": {"uv": [2, 5, 4, 7], "texture": "#redstone_antenna"},
				"east": {"uv": [2, 5, 4, 7], "texture": "#redstone_antenna"},
				"south": {"uv": [2, 5, 4, 7], "texture": "#redstone_antenna"},
				"west": {"uv": [2, 5, 4, 7], "texture": "#redstone_antenna"},
				"up": {"uv": [2, 4, 4, 6], "texture": "#redstone_antenna"},
				"down": {"uv": [2, 5, 4, 7], "texture": "#redstone_antenna"}
			}
		},
		{
			"from": [1.5, 6, 2.5],
			"to": [4.5, 10, 5.5],
			"faces": {
				"north": {"uv": [0, 0, 3, 4], "texture": "#redstone_antenna"},
				"east": {"uv": [0, 0, 3, 4], "texture": "#redstone_antenna"},
				"south": {"uv": [0, 0, 3, 4], "texture": "#redstone_antenna"},
				"west": {"uv": [0, 0, 3, 4], "texture": "#redstone_antenna"}
			}
		}
	],
	"display": {
		"gui": {
			"rotation": [30, 45, 0],
			"scale": [0.625, 0.625, 0.625]
		}
	},
	"groups": [
		0,
		1,
		2,
		{
			"name": "emiter",
			"origin": [3, 5, 10],
			"color": 0,
			"children": [3, 4, 5, 6, 7]
		}
	]
}