{
	"format_version": "1.21.6",
	"credit": "Made with Blockbench",
	"parent": "block/block",
	"textures": {
		"redstone_antenna": "create:block/redstone_antenna_powered",
		"particle": "create:block/redstone_bridge_powered",
		"redstone_bridge_side": "create:block/redstone_bridge_powered"
	},
	"elements": [
		{
			"name": "Body",
			"from": [3, -1, 1],
			"to": [13, 3, 15],
			"faces": {
				"north": {"uv": [7.5, 13, 12.5, 15], "texture": "#redstone_bridge_side"},
				"east": {"uv": [12.5, 6, 14.5, 13], "rotation": 90, "texture": "#redstone_bridge_side"},
				"south": {"uv": [7.5, 13, 12.5, 15], "texture": "#redstone_bridge_side"},
				"west": {"uv": [12.5, 6, 14.5, 13], "rotation": 90, "texture": "#redstone_bridge_side"},
				"up": {"uv": [7.5, 6, 12.5, 13], "texture": "#redstone_bridge_side"},
				"down": {"uv": [0, 0, 5, 7], "texture": "#redstone_bridge_side"}
			}
		},
		{
			"from": [6, 2.5, 3.5],
			"to": [10, 3.5, 7.5],
			"faces": {
				"north": {"uv": [11, 2, 13, 2.5], "texture": "#redstone_bridge_side"},
				"east": {"uv": [11, 2, 13, 2.5], "texture": "#redstone_bridge_side"},
				"south": {"uv": [11, 2, 13, 2.5], "texture": "#redstone_bridge_side"},
				"west": {"uv": [11, 2, 13, 2.5], "texture": "#redstone_bridge_side"},
				"up": {"uv": [11, 0, 13, 2], "texture": "#redstone_bridge_side"}
			}
		},
		{
			"from": [6, 2.5, 8.5],
			"to": [10, 3.5, 12.5],
			"faces": {
				"north": {"uv": [11, 2, 13, 2.5], "texture": "#redstone_bridge_side"},
				"east": {"uv": [11, 2, 13, 2.5], "texture": "#redstone_bridge_side"},
				"south": {"uv": [11, 2, 13, 2.5], "texture": "#redstone_bridge_side"},
				"west": {"uv": [11, 2, 13, 2.5], "texture": "#redstone_bridge_side"},
				"up": {"uv": [13, 0, 15, 2], "texture": "#redstone_bridge_side"}
			}
		},
		{
			"name": "emiter1",
			"from": [4.5, 1.75, -3.5],
			"to": [5.5, 2.75, 0.5],
			"rotation": {"angle": 0, "axis": "x", "origin": [4, 3, -1.25]},
			"faces": {
				"north": {"uv": [2, 11, 3, 14], "rotation": 180, "texture": "#missing"},
				"east": {"uv": [2, 10, 3, 14], "rotation": 90, "texture": "#redstone_antenna"},
				"south": {"uv": [2, 11, 3, 14], "texture": "#missing"},
				"west": {"uv": [2, 11, 3, 14], "rotation": 270, "texture": "#redstone_antenna"},
				"up": {"uv": [2, 11, 3, 14], "texture": "#redstone_antenna"},
				"down": {"uv": [2, 11, 3, 14], "rotation": 180, "texture": "#redstone_antenna"}
			}
		},
		{
			"name": "emiter3",
			"from": [4, 1.25, 0.5],
			"to": [6, 3.25, 2.5],
			"rotation": {"angle": 0, "axis": "x", "origin": [4, 3, -1.25]},
			"faces": {
				"north": {"uv": [5, 8, 4, 7], "rotation": 270, "texture": "#redstone_bridge_side"},
				"east": {"uv": [4.5, 7, 5.5, 8], "rotation": 180, "texture": "#redstone_bridge_side"},
				"south": {"uv": [11.5, 6.5, 12.5, 7.5], "rotation": 90, "texture": "#redstone_bridge_side"},
				"west": {"uv": [3.5, 7, 4.5, 8], "texture": "#redstone_bridge_side"},
				"up": {"uv": [6, 7, 5, 6], "texture": "#redstone_bridge_side"},
				"down": {"uv": [5, 7, 6, 8], "rotation": 270, "texture": "#redstone_bridge_side"}
			}
		},
		{
			"name": "emiter4",
			"from": [4, 1.25, -1.5],
			"to": [6, 3.25, -0.5],
			"rotation": {"angle": 0, "axis": "x", "origin": [4, 3, -1.25]},
			"faces": {
				"north": {"uv": [2, 11, 4, 12], "rotation": 180, "texture": "#redstone_antenna"},
				"east": {"uv": [2, 11, 4, 12], "rotation": 90, "texture": "#redstone_antenna"},
				"south": {"uv": [2, 11, 4, 12], "texture": "#redstone_antenna"},
				"west": {"uv": [2, 11, 4, 12], "rotation": 270, "texture": "#redstone_antenna"},
				"up": {"uv": [2, 11, 4, 12], "texture": "#redstone_antenna"},
				"down": {"uv": [2, 11, 4, 12], "rotation": 180, "texture": "#redstone_antenna"}
			}
		},
		{
			"from": [4, 1.25, -5],
			"to": [6, 3.25, -3],
			"rotation": {"angle": 0, "axis": "x", "origin": [4, 3, -1.25]},
			"faces": {
				"north": {"uv": [2, 4, 4, 6], "rotation": 180, "texture": "#redstone_antenna"},
				"east": {"uv": [2, 5, 4, 7], "rotation": 90, "texture": "#redstone_antenna"},
				"south": {"uv": [2, 5, 4, 7], "texture": "#redstone_antenna"},
				"west": {"uv": [2, 5, 4, 7], "rotation": 270, "texture": "#redstone_antenna"},
				"up": {"uv": [2, 5, 4, 7], "texture": "#redstone_antenna"},
				"down": {"uv": [2, 5, 4, 7], "rotation": 180, "texture": "#redstone_antenna"}
			}
		},
		{
			"from": [3.5, 0.75, -5.5],
			"to": [6.5, 3.75, -1.5],
			"rotation": {"angle": 0, "axis": "x", "origin": [4, 3, -1.25]},
			"faces": {
				"east": {"uv": [0, 0, 3, 4], "rotation": 90, "texture": "#redstone_antenna"},
				"west": {"uv": [0, 0, 3, 4], "rotation": 270, "texture": "#redstone_antenna"},
				"up": {"uv": [0, 0, 3, 4], "texture": "#redstone_antenna"},
				"down": {"uv": [0, 0, 3, 4], "rotation": 180, "texture": "#redstone_antenna"}
			}
		}
	],
	"groups": [
		0,
		1,
		2,
		{
			"name": "emiter",
			"origin": [3, 5, 10],
			"color": 0,
			"children": [3, 4, 5, 6, 7]
		}
	]
}