{
	"format_version": "1.21.6",
	"credit": "Made with Blockbench",
	"parent": "block/block",
	"textures": {
		"redstone_antenna": "create:block/redstone_antenna_powered",
		"particle": "create:block/redstone_bridge_powered",
		"redstone_bridge_side": "create:block/redstone_bridge_powered"
	},
	"elements": [
		{
			"name": "Body",
			"from": [3, -1, 1],
			"to": [13, 3, 15],
			"faces": {
				"north": {"uv": [7.5, 13, 12.5, 15], "texture": "#redstone_bridge_side"},
				"east": {"uv": [12.5, 6, 14.5, 13], "rotation": 90, "texture": "#redstone_bridge_side"},
				"south": {"uv": [7.5, 13, 12.5, 15], "texture": "#redstone_bridge_side"},
				"west": {"uv": [12.5, 6, 14.5, 13], "rotation": 90, "texture": "#redstone_bridge_side"},
				"up": {"uv": [7.5, 6, 12.5, 13], "texture": "#redstone_bridge_side"},
				"down": {"uv": [0, 0, 5, 7], "texture": "#redstone_bridge_side"}
			}
		},
		{
			"from": [6, 2.5, 3.5],
			"to": [10, 3.5, 7.5],
			"faces": {
				"north": {"uv": [11, 2, 13, 2.5], "texture": "#redstone_bridge_side"},
				"east": {"uv": [11, 2, 13, 2.5], "texture": "#redstone_bridge_side"},
				"south": {"uv": [11, 2, 13, 2.5], "texture": "#redstone_bridge_side"},
				"west": {"uv": [11, 2, 13, 2.5], "texture": "#redstone_bridge_side"},
				"up": {"uv": [11, 0, 13, 2], "texture": "#redstone_bridge_side"}
			}
		},
		{
			"from": [6, 2.5, 8.5],
			"to": [10, 3.5, 12.5],
			"faces": {
				"north": {"uv": [11, 2, 13, 2.5], "texture": "#redstone_bridge_side"},
				"east": {"uv": [11, 2, 13, 2.5], "texture": "#redstone_bridge_side"},
				"south": {"uv": [11, 2, 13, 2.5], "texture": "#redstone_bridge_side"},
				"west": {"uv": [11, 2, 13, 2.5], "texture": "#redstone_bridge_side"},
				"up": {"uv": [13, 0, 15, 2], "texture": "#redstone_bridge_side"}
			}
		},
		{
			"name": "copperdynamo",
			"from": [7.5, 0, 0],
			"to": [12.5, 3.5, 3],
			"rotation": {"angle": 0, "axis": "y", "origin": [8, 2, 2]},
			"faces": {
				"north": {"uv": [12.5, 3.5, 15.5, 6], "texture": "#redstone_bridge_side"},
				"east": {"uv": [13, 14, 14.5, 16], "texture": "#redstone_bridge_side"},
				"south": {"uv": [12, 3.5, 15, 6], "texture": "#redstone_bridge_side"},
				"west": {"uv": [12.5, 14, 14, 16], "texture": "#redstone_bridge_side"},
				"up": {"uv": [12.5, 2.5, 15.5, 5], "rotation": 180, "texture": "#redstone_bridge_side"},
				"down": {"uv": [12, 3.5, 15, 6], "texture": "#redstone_bridge_side"}
			}
		},
		{
			"name": "emiter1",
			"from": [4.5, 1.75, -0.5],
			"to": [5.5, 2.75, 0.5],
			"rotation": {"angle": 0, "axis": "x", "origin": [3, 3, 1]},
			"faces": {
				"north": {"uv": [2, 11, 3, 14], "rotation": 180, "texture": "#missing"},
				"east": {"uv": [2, 11, 3, 12], "rotation": 90, "texture": "#redstone_antenna"},
				"west": {"uv": [2, 11, 3, 12], "rotation": 270, "texture": "#redstone_antenna"},
				"up": {"uv": [2, 11, 3, 12], "texture": "#redstone_antenna"},
				"down": {"uv": [2, 11, 3, 12], "rotation": 180, "texture": "#redstone_antenna"}
			}
		},
		{
			"name": "emiter3",
			"from": [4, 1.25, 0.5],
			"to": [6, 3.25, 2.5],
			"rotation": {"angle": 0, "axis": "x", "origin": [3, 3, 1]},
			"faces": {
				"north": {"uv": [13.5, 10, 14.5, 9], "rotation": 90, "texture": "#redstone_bridge_side"},
				"east": {"uv": [13.5, 10, 14.5, 9], "rotation": 90, "texture": "#redstone_bridge_side"},
				"south": {"uv": [13.5, 10, 14.5, 9], "rotation": 90, "texture": "#redstone_bridge_side"},
				"west": {"uv": [13.5, 10, 14.5, 9], "rotation": 90, "texture": "#redstone_bridge_side"},
				"up": {"uv": [6, 7, 5, 6], "texture": "#redstone_bridge_side"},
				"down": {"uv": [13.5, 10, 14.5, 9], "rotation": 90, "texture": "#redstone_bridge_side"}
			}
		},
		{
			"name": "emiter3",
			"from": [3, 1.75, -1.5],
			"to": [7, 2.75, -0.5],
			"rotation": {"angle": 0, "axis": "x", "origin": [3, 3, 1]},
			"faces": {
				"north": {"uv": [1, 10, 5, 11], "rotation": 180, "texture": "#redstone_antenna"},
				"east": {"uv": [4, 10, 5, 11], "rotation": 90, "texture": "#redstone_antenna"},
				"south": {"uv": [1, 10, 5, 11], "texture": "#redstone_antenna"},
				"west": {"uv": [1, 10, 2, 11], "rotation": 270, "texture": "#redstone_antenna"},
				"up": {"uv": [1, 10, 5, 11], "texture": "#redstone_antenna"},
				"down": {"uv": [1, 10, 5, 11], "rotation": 180, "texture": "#redstone_antenna"}
			}
		},
		{
			"name": "emiter4",
			"from": [6, 1.75, -4.5],
			"to": [7, 2.75, -1.5],
			"rotation": {"angle": 0, "axis": "x", "origin": [3, 3, 1]},
			"faces": {
				"north": {"uv": [1, 6, 2, 7], "rotation": 180, "texture": "#redstone_antenna"},
				"east": {"uv": [1, 7, 2, 10], "rotation": 90, "texture": "#redstone_antenna"},
				"west": {"uv": [1, 6, 2, 10], "rotation": 270, "texture": "#redstone_antenna"},
				"up": {"uv": [1, 7, 2, 10], "texture": "#redstone_antenna"},
				"down": {"uv": [1, 7, 2, 10], "rotation": 180, "texture": "#redstone_antenna"}
			}
		},
		{
			"name": "emiter5",
			"from": [3, 1.75, -4.5],
			"to": [4, 2.75, -1.5],
			"rotation": {"angle": 0, "axis": "x", "origin": [3, 3, 1]},
			"faces": {
				"north": {"uv": [1, 6, 2, 7], "rotation": 180, "texture": "#redstone_antenna"},
				"east": {"uv": [1, 6, 2, 10], "rotation": 90, "texture": "#redstone_antenna"},
				"west": {"uv": [1, 7, 2, 10], "rotation": 270, "texture": "#redstone_antenna"},
				"up": {"uv": [1, 7, 2, 10], "texture": "#redstone_antenna"},
				"down": {"uv": [1, 7, 2, 10], "rotation": 180, "texture": "#redstone_antenna"}
			}
		},
		{
			"from": [4, 1.25, -5],
			"to": [6, 3.25, -3],
			"rotation": {"angle": 0, "axis": "z", "origin": [4.25, 2.25, -7]},
			"faces": {
				"north": {"uv": [2, 4, 4, 6], "rotation": 180, "texture": "#redstone_antenna"},
				"east": {"uv": [2, 5, 4, 7], "rotation": 90, "texture": "#redstone_antenna"},
				"south": {"uv": [4, 7, 2, 5], "texture": "#redstone_antenna"},
				"west": {"uv": [2, 5, 4, 7], "rotation": 270, "texture": "#redstone_antenna"},
				"up": {"uv": [2, 5, 4, 7], "texture": "#redstone_antenna"},
				"down": {"uv": [2, 5, 4, 7], "rotation": 180, "texture": "#redstone_antenna"}
			}
		}
	],
	"groups": [
		0,
		1,
		2,
		3,
		{
			"name": "emiter",
			"origin": [3, 5, 10],
			"color": 0,
			"children": [4, 5, 6, 7, 8, 9]
		}
	]
}