{
	"credit": "Made with Blockbench",
	"parent": "block/block",
	"textures": {
		"2": "apotheosis:blocks/deepshelf/deepshelf_top",
		"3": "apotheosis:blocks/deepshelf/cracked_deepslate_tiles_large",
		"4": "apotheosis:blocks/deepshelf/cracked_deepslate_tiles",
		"9": "apotheosis:blocks/deepshelf/echoing_deepshelf2",
		"particle": "apotheosis:blocks/deepshelf/deepshelf_top"
	},
	"elements": [
		{
			"name": "Books",
			"from": [2, 2, 2],
			"to": [14, 15, 14],
			"rotation": {"angle": 0, "axis": "y", "origin": [8, 0, 8]},
			"faces": {
				"north": {"uv": [2, 1, 14, 14], "texture": "#9"},
				"east": {"uv": [2, 1, 14, 14], "texture": "#9"},
				"south": {"uv": [2, 1, 14, 14], "texture": "#9"},
				"west": {"uv": [2, 1, 14, 14], "texture": "#9"}
			}
		},
		{
			"name": "Bottom",
			"from": [0, 0, 0],
			"to": [16, 2, 16],
			"faces": {
				"north": {"uv": [0, 14, 16, 16], "texture": "#9"},
				"east": {"uv": [0, 14, 16, 16], "texture": "#9"},
				"south": {"uv": [0, 14, 16, 16], "texture": "#9"},
				"west": {"uv": [0, 14, 16, 16], "texture": "#9"},
				"up": {"uv": [0, 0, 16, 16], "texture": "#2"},
				"down": {"uv": [0, 0, 16, 16], "texture": "#2"}
			}
		},
		{
			"name": "Top",
			"from": [0, 15, 0],
			"to": [16, 16, 16],
			"faces": {
				"north": {"uv": [0, 0, 16, 1], "texture": "#9"},
				"east": {"uv": [0, 0, 16, 1], "texture": "#9"},
				"south": {"uv": [0, 0, 16, 1], "texture": "#9"},
				"west": {"uv": [0, 0, 16, 1], "texture": "#9"},
				"up": {"uv": [0, 0, 16, 16], "texture": "#2"},
				"down": {"uv": [0, 0, 16, 16], "texture": "#2"}
			}
		},
		{
			"name": "Shelf",
			"from": [0.5, 8, 0.5],
			"to": [15.5, 9, 15.5],
			"faces": {
				"north": {"uv": [0.5, 7, 15.5, 8], "texture": "#9"},
				"east": {"uv": [0.5, 7, 15.5, 8], "texture": "#9"},
				"south": {"uv": [0.5, 7, 15.5, 8], "texture": "#9"},
				"west": {"uv": [0.5, 7, 15.5, 8], "texture": "#9"},
				"up": {"uv": [0.5, 0.5, 15.5, 15.5], "texture": "#2"},
				"down": {"uv": [0.5, 0.5, 15.5, 15.5], "texture": "#2"}
			}
		},
		{
			"from": [0, 0, 15],
			"to": [1, 16, 16],
			"faces": {
				"north": {"uv": [0, 0, 1, 16], "texture": "#4"},
				"east": {"uv": [15, 0, 16, 16], "texture": "#4"},
				"south": {"uv": [0, 0, 1, 16], "texture": "#9"},
				"west": {"uv": [15, 0, 16, 16], "texture": "#9"}
			}
		},
		{
			"from": [15, 0, 0],
			"to": [16, 16, 1],
			"faces": {
				"north": {"uv": [0, 0, 1, 16], "texture": "#9"},
				"east": {"uv": [15, 0, 16, 16], "texture": "#9"},
				"south": {"uv": [0, 0, 1, 16], "texture": "#4"},
				"west": {"uv": [15, 0, 16, 16], "texture": "#4"}
			}
		},
		{
			"from": [15, 0, 15],
			"to": [16, 16, 16],
			"faces": {
				"north": {"uv": [15, 0, 16, 16], "texture": "#4"},
				"east": {"uv": [0, 0, 1, 16], "texture": "#9"},
				"south": {"uv": [15, 0, 16, 16], "texture": "#9"},
				"west": {"uv": [0, 0, 1, 16], "texture": "#4"}
			}
		},
		{
			"from": [0, 0, 0],
			"to": [1, 16, 1],
			"faces": {
				"north": {"uv": [15, 0, 16, 16], "texture": "#9"},
				"east": {"uv": [0, 0, 1, 16], "texture": "#4"},
				"south": {"uv": [15, 0, 16, 16], "texture": "#4"},
				"west": {"uv": [0, 0, 1, 16], "texture": "#9"}
			}
		},
		{
			"name": "panel",
			"from": [8, 0, -3],
			"to": [8, 16, 19],
			"rotation": {"angle": 45, "axis": "y", "origin": [8, 0, 8]},
			"faces": {
				"east": {"uv": [0, 0, 16, 16], "texture": "#3"},
				"west": {"uv": [0, 0, 16, 16], "texture": "#3"}
			}
		},
		{
			"name": "panel",
			"from": [8, 0, -3],
			"to": [8, 16, 19],
			"rotation": {"angle": -45, "axis": "y", "origin": [8, 0, 8]},
			"faces": {
				"east": {"uv": [0, 0, 16, 16], "texture": "#3"},
				"west": {"uv": [0, 0, 16, 16], "texture": "#3"}
			}
		},
		{
			"name": "wicky6",
			"from": [1.5, 12, 8.75],
			"to": [1.5, 13, 9.25],
			"rotation": {"angle": 0, "axis": "y", "origin": [8, 0, 8]},
			"faces": {
				"east": {"uv": [9, 3, 10, 4], "texture": "#9"},
				"west": {"uv": [2, 8, 2.5, 9], "texture": "#9"}
			}
		},
		{
			"name": "candle4",
			"from": [1, 9, 8],
			"to": [3, 12, 10],
			"rotation": {"angle": 0, "axis": "y", "origin": [8, 0, 8]},
			"faces": {
				"north": {"uv": [7, 4, 9, 7], "texture": "#9"},
				"south": {"uv": [8, 4, 10, 7], "texture": "#9"},
				"west": {"uv": [8, 4, 10, 7], "texture": "#9"},
				"up": {"uv": [8, 6, 10, 4], "texture": "#9"}
			}
		},
		{
			"name": "candy5",
			"from": [0.5, 2, 11],
			"to": [2.5, 4, 13],
			"rotation": {"angle": 0, "axis": "y", "origin": [8, 0, 8]},
			"faces": {
				"north": {"uv": [11, 12, 13, 14], "texture": "#9"},
				"south": {"uv": [13, 12, 11, 14], "texture": "#9"},
				"west": {"uv": [11, 12, 13, 14], "texture": "#9"},
				"up": {"uv": [11, 12, 13, 14], "texture": "#9"}
			}
		},
		{
			"name": "wicky5",
			"from": [1.25, 4, 11.75],
			"to": [1.25, 5, 12.25],
			"rotation": {"angle": 0, "axis": "y", "origin": [8, 0, 8]},
			"faces": {
				"east": {"uv": [9, 3, 10, 4], "texture": "#9"},
				"west": {"uv": [2, 8, 2.5, 9], "texture": "#9"}
			}
		},
		{
			"name": "wicky7",
			"from": [6.75, 12, 1.5],
			"to": [7.25, 13, 1.5],
			"rotation": {"angle": 0, "axis": "y", "origin": [8, 0, 8]},
			"faces": {
				"north": {"uv": [2, 8, 2.5, 9], "texture": "#9"},
				"south": {"uv": [9, 3, 10, 4], "texture": "#9"}
			}
		},
		{
			"name": "candle5",
			"from": [6, 9, 1],
			"to": [8, 12, 3],
			"rotation": {"angle": 0, "axis": "y", "origin": [8, 0, 8]},
			"faces": {
				"north": {"uv": [8, 4, 10, 7], "texture": "#9"},
				"east": {"uv": [7, 4, 9, 7], "texture": "#9"},
				"west": {"uv": [8, 4, 10, 7], "texture": "#9"},
				"up": {"uv": [8, 6, 10, 4], "rotation": 90, "texture": "#9"}
			}
		},
		{
			"name": "candy6",
			"from": [3, 2, 0.5],
			"to": [5, 4, 2.5],
			"rotation": {"angle": 0, "axis": "y", "origin": [8, 0, 8]},
			"faces": {
				"north": {"uv": [11, 12, 13, 14], "texture": "#9"},
				"east": {"uv": [11, 12, 13, 14], "texture": "#9"},
				"west": {"uv": [13, 12, 11, 14], "texture": "#9"},
				"up": {"uv": [11, 12, 13, 14], "rotation": 90, "texture": "#9"}
			}
		},
		{
			"name": "wicky6",
			"from": [3.75, 4, 1.25],
			"to": [4.25, 5, 1.25],
			"rotation": {"angle": 0, "axis": "y", "origin": [8, 0, 8]},
			"faces": {
				"north": {"uv": [2, 8, 2.5, 9], "texture": "#9"},
				"south": {"uv": [9, 3, 10, 4], "texture": "#9"}
			}
		},
		{
			"name": "wicky8",
			"from": [14.5, 12, 6.75],
			"to": [14.5, 13, 7.25],
			"rotation": {"angle": 0, "axis": "y", "origin": [8, 0, 8]},
			"faces": {
				"east": {"uv": [2, 8, 2.5, 9], "texture": "#9"},
				"west": {"uv": [9, 3, 10, 4], "texture": "#9"}
			}
		},
		{
			"name": "candle6",
			"from": [13, 9, 6],
			"to": [15, 12, 8],
			"rotation": {"angle": 0, "axis": "y", "origin": [8, 0, 8]},
			"faces": {
				"north": {"uv": [8, 4, 10, 7], "texture": "#9"},
				"east": {"uv": [8, 4, 10, 7], "texture": "#9"},
				"south": {"uv": [7, 4, 9, 7], "texture": "#9"},
				"up": {"uv": [8, 6, 10, 4], "rotation": 180, "texture": "#9"}
			}
		},
		{
			"name": "candy7",
			"from": [13.5, 2, 3],
			"to": [15.5, 4, 5],
			"rotation": {"angle": 0, "axis": "y", "origin": [8, 0, 8]},
			"faces": {
				"north": {"uv": [13, 12, 11, 14], "texture": "#9"},
				"east": {"uv": [11, 12, 13, 14], "texture": "#9"},
				"south": {"uv": [11, 12, 13, 14], "texture": "#9"},
				"up": {"uv": [11, 12, 13, 14], "rotation": 180, "texture": "#9"}
			}
		},
		{
			"name": "wicky7",
			"from": [14.75, 4, 3.75],
			"to": [14.75, 5, 4.25],
			"rotation": {"angle": 0, "axis": "y", "origin": [8, 0, 8]},
			"faces": {
				"east": {"uv": [2, 8, 2.5, 9], "texture": "#9"},
				"west": {"uv": [9, 3, 10, 4], "texture": "#9"}
			}
		},
		{
			"name": "wicky9",
			"from": [8.75, 12, 14.5],
			"to": [9.25, 13, 14.5],
			"rotation": {"angle": 0, "axis": "y", "origin": [8, 0, 8]},
			"faces": {
				"north": {"uv": [9, 3, 10, 4], "texture": "#9"},
				"south": {"uv": [2, 8, 2.5, 9], "texture": "#9"}
			}
		},
		{
			"name": "candle7",
			"from": [8, 9, 13],
			"to": [10, 12, 15],
			"rotation": {"angle": 0, "axis": "y", "origin": [8, 0, 8]},
			"faces": {
				"east": {"uv": [8, 4, 10, 7], "texture": "#9"},
				"south": {"uv": [8, 4, 10, 7], "texture": "#9"},
				"west": {"uv": [7, 4, 9, 7], "texture": "#9"},
				"up": {"uv": [8, 6, 10, 4], "rotation": 270, "texture": "#9"}
			}
		},
		{
			"name": "candy8",
			"from": [11, 2, 13.5],
			"to": [13, 4, 15.5],
			"rotation": {"angle": 0, "axis": "y", "origin": [8, 0, 8]},
			"faces": {
				"east": {"uv": [13, 12, 11, 14], "texture": "#9"},
				"south": {"uv": [11, 12, 13, 14], "texture": "#9"},
				"west": {"uv": [11, 12, 13, 14], "texture": "#9"},
				"up": {"uv": [11, 12, 13, 14], "rotation": 270, "texture": "#9"}
			}
		},
		{
			"name": "wicky8",
			"from": [11.75, 4, 14.75],
			"to": [12.25, 5, 14.75],
			"rotation": {"angle": 0, "axis": "y", "origin": [8, 0, 8]},
			"faces": {
				"north": {"uv": [9, 3, 10, 4], "texture": "#9"},
				"south": {"uv": [2, 8, 2.5, 9], "texture": "#9"}
			}
		}
	]
}