{
	"credit": "Made with Blockbench by Faellynna",
	"parent": "block/block",
	"render_type": "cutout",
	"textures": {
		"1": "apotheosis:blocks/gem_cutting_table",
		"2": "block/smooth_stone",
		"particle": "block/spruce_planks"
	},
	"elements": [
		{
			"from": [0, 13, 0],
			"to": [16, 16, 16],
			"faces": {
				"north": {"uv": [0, 4, 4, 4.75], "rotation": 180, "texture": "#1"},
				"east": {"uv": [0, 4, 4, 4.75], "rotation": 180, "texture": "#1"},
				"south": {"uv": [0, 4, 4, 4.75], "rotation": 180, "texture": "#1"},
				"west": {"uv": [0, 4, 4, 4.75], "rotation": 180, "texture": "#1"},
				"up": {"uv": [16, 16, 0, 0], "rotation": 270, "texture": "#2"},
				"down": {"uv": [4, 8, 0, 12], "texture": "#1"}
			}
		},
		{
			"from": [2, 16, 11.9],
			"to": [5, 17, 12.9],
			"faces": {
				"north": {"uv": [13.75, 2, 15, 2.5], "texture": "#1"},
				"east": {"uv": [12.75, 4.25, 13.25, 4.75], "texture": "#1"},
				"south": {"uv": [14, 1, 15.25, 1.5], "texture": "#1"},
				"west": {"uv": [14, 4, 14.5, 4.5], "texture": "#1"},
				"up": {"uv": [12.25, 0.75, 13.5, 1.25], "texture": "#1"},
				"down": {"uv": [13.75, 0, 15, 0.5], "texture": "#1"}
			}
		},
		{
			"from": [2, 16, 10],
			"to": [5, 17, 11],
			"faces": {
				"north": {"uv": [12.25, 2.25, 13.5, 2.75], "texture": "#1"},
				"east": {"uv": [13.25, 3, 13.75, 3.5], "texture": "#1"},
				"south": {"uv": [12.25, 1.5, 13.5, 2], "texture": "#1"},
				"west": {"uv": [12.5, 3.25, 13, 3.75], "texture": "#1"},
				"up": {"uv": [12.25, 0, 13.5, 0.5], "texture": "#1"},
				"down": {"uv": [12.25, 0.75, 13.5, 1.25], "texture": "#1"}
			}
		},
		{
			"from": [5, 16, 11],
			"to": [6, 17, 12],
			"faces": {
				"north": {"uv": [15.5, 1.25, 16, 1.75], "texture": "#1"},
				"east": {"uv": [15.25, 0.75, 15.75, 1.25], "texture": "#1"},
				"south": {"uv": [15.5, 0, 16, 0.5], "texture": "#1"},
				"west": {"uv": [15, 0, 15.5, 0.5], "texture": "#1"},
				"up": {"uv": [14, 0, 14.5, 0.5], "texture": "#1"},
				"down": {"uv": [14.5, 0, 15, 0.5], "texture": "#1"}
			}
		},
		{
			"from": [6, 16, 12],
			"to": [7, 17, 13],
			"faces": {
				"north": {"uv": [15.5, 5.25, 16, 5.75], "texture": "#1"},
				"east": {"uv": [15.5, 4.5, 16, 5], "texture": "#1"},
				"south": {"uv": [14.5, 4.5, 15, 5], "texture": "#1"},
				"west": {"uv": [15.5, 4, 16, 4.5], "texture": "#1"},
				"up": {"uv": [14.75, 3, 15.25, 3.5], "texture": "#1"},
				"down": {"uv": [14.75, 3.75, 15.25, 4.25], "texture": "#1"}
			}
		},
		{
			"from": [6, 16, 10],
			"to": [7, 17, 11],
			"faces": {
				"north": {"uv": [14, 3.5, 14.5, 4], "texture": "#1"},
				"east": {"uv": [14, 2.75, 14.5, 3.25], "texture": "#1"},
				"south": {"uv": [15.5, 3.25, 16, 3.75], "texture": "#1"},
				"west": {"uv": [15.5, 2.5, 16, 3], "texture": "#1"},
				"up": {"uv": [15.25, 2, 15.75, 2.5], "texture": "#1"},
				"down": {"uv": [15, 2.75, 15.5, 3.25], "texture": "#1"}
			}
		},
		{
			"from": [7, 16, 10.25],
			"to": [8, 17, 11.25],
			"faces": {
				"north": {"uv": [12.5, 5.5, 13, 6], "texture": "#1"},
				"east": {"uv": [12.5, 5, 13, 5.5], "texture": "#1"},
				"south": {"uv": [11.75, 5, 12.25, 5.5], "texture": "#1"},
				"west": {"uv": [11.25, 5.25, 11.75, 5.75], "texture": "#1"},
				"up": {"uv": [11.25, 4.5, 11.75, 5], "texture": "#1"},
				"down": {"uv": [10.5, 5.25, 11, 5.75], "texture": "#1"}
			}
		},
		{
			"from": [7, 16, 11.75],
			"to": [8, 17, 12.75],
			"faces": {
				"north": {"uv": [14, 5.75, 14.5, 6.25], "texture": "#1"},
				"east": {"uv": [13.25, 3.75, 13.75, 4.25], "texture": "#1"},
				"south": {"uv": [13.5, 5.5, 14, 6], "texture": "#1"},
				"west": {"uv": [14.75, 5.25, 15.25, 5.75], "texture": "#1"},
				"up": {"uv": [13.75, 4.75, 14.25, 5.25], "texture": "#1"},
				"down": {"uv": [13.25, 4.5, 13.75, 5], "texture": "#1"}
			}
		},
		{
			"from": [10, 16, 5],
			"to": [13, 17, 6],
			"faces": {
				"north": {"uv": [6.25, 15.5, 7.5, 16], "texture": "#1"},
				"east": {"uv": [7.25, 12.75, 7.75, 13.25], "texture": "#1"},
				"south": {"uv": [7.75, 11.25, 9, 11.75], "texture": "#1"},
				"west": {"uv": [7.5, 10, 8, 10.5], "texture": "#1"},
				"up": {"uv": [5.25, 13.25, 6.5, 13.75], "texture": "#1"},
				"down": {"uv": [3.25, 15.75, 4, 16], "texture": "#1"}
			}
		},
		{
			"from": [13, 16, 6],
			"to": [14, 17, 9],
			"faces": {
				"north": {"uv": [7, 13.75, 7.5, 14.25], "texture": "#1"},
				"east": {"uv": [5.5, 14.25, 6.75, 14.75], "texture": "#1"},
				"south": {"uv": [3.25, 14.5, 3.75, 15], "texture": "#1"},
				"west": {"uv": [5.5, 15, 6.75, 15.5], "texture": "#1"},
				"up": {"uv": [8, 14.75, 8.5, 16], "texture": "#1"},
				"down": {"uv": [0, 12, 0.25, 12.75], "texture": "#1"}
			}
		},
		{
			"from": [9, 16, 6],
			"to": [10, 17, 9],
			"faces": {
				"north": {"uv": [0, 0, 0.25, 0.25], "texture": "#1"},
				"east": {"uv": [6, 11.75, 7.25, 12.25], "texture": "#1"},
				"south": {"uv": [4.75, 12.25, 5.25, 12.75], "texture": "#1"},
				"west": {"uv": [6, 11, 7.25, 11.5], "texture": "#1"},
				"up": {"uv": [4.75, 9.75, 5.25, 11], "texture": "#1"},
				"down": {"uv": [6.25, 9.25, 7, 10.5], "texture": "#1"}
			}
		},
		{
			"from": [10, 16, 9],
			"to": [13, 17, 10],
			"faces": {
				"north": {"uv": [8.5, 15.25, 9.75, 15.75], "texture": "#1"},
				"east": {"uv": [9.25, 12, 9.75, 12.5], "texture": "#1"},
				"south": {"uv": [8.5, 13, 9.75, 13.5], "texture": "#1"},
				"west": {"uv": [8.5, 12, 9, 12.5], "texture": "#1"},
				"up": {"uv": [8.5, 13.75, 9.75, 14.25], "texture": "#1"},
				"down": {"uv": [8.5, 14.5, 9.75, 15], "texture": "#1"}
			}
		},
		{
			"from": [9, 16, 5],
			"to": [10, 17, 6],
			"faces": {
				"north": {"uv": [7.25, 10, 7.75, 10.5], "texture": "#1"},
				"east": {"uv": [6.75, 9.5, 7.25, 10], "texture": "#1"},
				"south": {"uv": [6.75, 8.5, 7.25, 9], "texture": "#1"},
				"west": {"uv": [5.75, 9, 6.25, 9.5], "texture": "#1"},
				"up": {"uv": [3, 12.75, 3.5, 13.25], "texture": "#1"},
				"down": {"uv": [4.75, 8.75, 5.25, 9.25], "texture": "#1"}
			}
		},
		{
			"from": [8, 16, 4],
			"to": [9, 17, 5],
			"faces": {
				"north": {"uv": [4.25, 14.25, 4.75, 14.75], "texture": "#1"},
				"east": {"uv": [2.75, 15.25, 3.25, 15.75], "texture": "#1"},
				"south": {"uv": [3.75, 15, 4.25, 15.5], "texture": "#1"},
				"west": {"uv": [3.75, 15.5, 4.25, 16], "texture": "#1"},
				"up": {"uv": [4.5, 15, 5, 15.5], "texture": "#1"},
				"down": {"uv": [4.75, 15.5, 5.25, 16], "texture": "#1"}
			}
		},
		{
			"from": [7, 16, 3],
			"to": [8, 17, 4],
			"faces": {
				"north": {"uv": [4.75, 11.25, 5.25, 11.75], "texture": "#1"},
				"east": {"uv": [4.75, 15.5, 5.25, 16], "texture": "#1"},
				"south": {"uv": [3.5, 13.75, 4, 14.25], "texture": "#1"},
				"west": {"uv": [2.5, 14.5, 3, 15], "texture": "#1"},
				"up": {"uv": [4, 13, 4.5, 13.5], "texture": "#1"},
				"down": {"uv": [2.75, 13.5, 3.25, 14], "texture": "#1"}
			}
		},
		{
			"from": [6, 16, 2],
			"to": [7, 17, 3],
			"faces": {
				"north": {"uv": [2.75, 12.25, 3.25, 12.75], "texture": "#1"},
				"east": {"uv": [2.25, 14, 2.75, 14.5], "texture": "#1"},
				"south": {"uv": [2.25, 13.5, 2.75, 14], "texture": "#1"},
				"west": {"uv": [2.25, 13, 2.75, 13.5], "texture": "#1"},
				"up": {"uv": [2.25, 12, 2.75, 12.5], "texture": "#1"},
				"down": {"uv": [2.25, 12.5, 2.75, 13], "texture": "#1"}
			}
		},
		{
			"from": [6, 16, 3],
			"to": [8.5, 16.5, 5.5],
			"rotation": {"angle": -22.5, "axis": "y", "origin": [0, 0, 0]},
			"faces": {
				"north": {"uv": [10.25, 13.25, 12.125, 13.625], "texture": "#1"},
				"east": {"uv": [10.25, 14, 12.125, 14.375], "texture": "#1"},
				"south": {"uv": [10.25, 14.75, 12.125, 15.125], "texture": "#1"},
				"west": {"uv": [10.25, 15.5, 12.125, 15.875], "texture": "#1"},
				"up": {"uv": [12.5, 14.5, 14, 16], "texture": "#1"},
				"down": {"uv": [13, 13.5, 13.625, 14.125], "texture": "#1"}
			}
		},
		{
			"from": [5.5, 16, 3.41],
			"to": [6, 16.5, 5.0767],
			"rotation": {"angle": -22.5, "axis": "y", "origin": [0, 0, 0]},
			"faces": {
				"north": {"uv": [14.75, 6.75, 15.125, 7.125], "texture": "#1"},
				"east": {"uv": [14.5, 7.25, 15.625, 7.625], "texture": "#1"},
				"south": {"uv": [13.75, 6.75, 14.125, 7.125], "texture": "#1"},
				"west": {"uv": [13.75, 7.75, 14.875, 8.125], "texture": "#1"},
				"up": {"uv": [15.5, 6, 16, 7], "texture": "#1"},
				"down": {"uv": [15, 6.25, 15.375, 7.125], "texture": "#1"}
			}
		},
		{
			"from": [8.5, 16, 3.41],
			"to": [9, 16.5, 5.0767],
			"rotation": {"angle": -22.5, "axis": "y", "origin": [0, 0, 0]},
			"faces": {
				"north": {"uv": [12.75, 6.5, 13.125, 6.875], "texture": "#1"},
				"east": {"uv": [11.75, 7.25, 12.625, 7.75], "texture": "#1"},
				"south": {"uv": [10.75, 5.5, 11.125, 5.875], "texture": "#1"},
				"west": {"uv": [11.75, 6.75, 12.625, 7.125], "texture": "#1"},
				"up": {"uv": [12, 5.75, 12.5, 6.75], "texture": "#1"},
				"down": {"uv": [11.25, 6.25, 11.625, 7.125], "texture": "#1"}
			}
		},
		{
			"from": [13.5, 16, 12],
			"to": [14.5, 16.5, 13],
			"faces": {
				"north": {"uv": [14.75, 13.75, 16, 14.125], "texture": "#1"},
				"east": {"uv": [14.75, 10.25, 16, 10.625], "texture": "#1"},
				"south": {"uv": [14.75, 11.25, 16, 11.625], "texture": "#1"},
				"west": {"uv": [14.75, 12.25, 16, 12.625], "texture": "#1"},
				"up": {"uv": [15, 15, 16, 16], "texture": "#1"},
				"down": {"uv": [14.25, 12.75, 16, 13.25], "texture": "#1"}
			}
		},
		{
			"from": [10.5, 16, 13],
			"to": [11.5, 16.5, 14],
			"faces": {
				"north": {"uv": [14.25, 13.5, 16, 14.125], "texture": "#1"},
				"east": {"uv": [14.25, 10, 16, 10.625], "texture": "#1"},
				"south": {"uv": [14.25, 11, 16, 11.625], "texture": "#1"},
				"west": {"uv": [14.25, 12, 16, 12.625], "texture": "#1"},
				"up": {"uv": [15, 14.75, 16, 16], "texture": "#1"},
				"down": {"uv": [14.25, 12.75, 16, 13.25], "texture": "#1"}
			}
		},
		{
			"from": [11.5, 16, 11.5],
			"to": [12, 16.5, 12],
			"faces": {
				"north": {"uv": [13.5, 14, 13.875, 14.375], "texture": "#1"},
				"east": {"uv": [12.25, 11.75, 12.625, 12.125], "texture": "#1"},
				"south": {"uv": [13.25, 12.25, 13.625, 12.625], "texture": "#1"},
				"west": {"uv": [12.5, 12.5, 12.875, 12.875], "texture": "#1"},
				"up": {"uv": [12.75, 13.25, 13.125, 13.625], "texture": "#1"},
				"down": {"uv": [13.5, 13, 13.875, 13.375], "texture": "#1"}
			}
		},
		{
			"from": [9.75, 16, 10.75],
			"to": [10.25, 16.5, 11.25],
			"faces": {
				"north": {"uv": [11.5, 12, 11.875, 12.375], "texture": "#1"},
				"east": {"uv": [10.25, 12, 10.625, 12.375], "texture": "#1"},
				"south": {"uv": [10.75, 12, 11.125, 12.375], "texture": "#1"},
				"west": {"uv": [11.75, 12.25, 12.125, 12.625], "texture": "#1"},
				"up": {"uv": [10.25, 12.5, 10.625, 12.875], "texture": "#1"},
				"down": {"uv": [11, 12.5, 11.375, 12.875], "texture": "#1"}
			}
		},
		{
			"from": [3.75, 16, 2.25],
			"to": [4.25, 16.5, 2.75],
			"faces": {
				"north": {"uv": [4.5, 9, 4.875, 9.375], "texture": "#1"},
				"east": {"uv": [5.25, 8.25, 5.625, 8.625], "texture": "#1"},
				"south": {"uv": [5.25, 8.75, 5.625, 9.125], "texture": "#1"},
				"west": {"uv": [5.75, 8.25, 6.125, 8.625], "texture": "#1"},
				"up": {"uv": [5.25, 9.25, 5.625, 9.625], "texture": "#1"},
				"down": {"uv": [4.5, 8.5, 4.875, 8.875], "texture": "#1"}
			}
		},
		{
			"from": [2.75, 16, 4.25],
			"to": [3.25, 16.5, 4.75],
			"faces": {
				"north": {"uv": [14.75, 9.25, 15.125, 9.5], "texture": "#1"},
				"east": {"uv": [15, 9.5, 15.375, 9.875], "texture": "#1"},
				"south": {"uv": [15.625, 9.25, 16, 9.625], "texture": "#1"},
				"west": {"uv": [15.25, 8.5, 15.625, 8.875], "texture": "#1"},
				"up": {"uv": [15.5, 7.25, 15.875, 7.75], "texture": "#1"},
				"down": {"uv": [15.625, 8, 16, 8.375], "texture": "#1"}
			}
		},
		{
			"from": [1.75, 16, 2.75],
			"to": [2.25, 16.5, 3.75],
			"faces": {
				"north": {"uv": [11.75, 10.25, 12.125, 10.625], "texture": "#1"},
				"east": {"uv": [12.75, 9.75, 13.25, 10.375], "texture": "#1"},
				"south": {"uv": [12.5, 10.5, 12.875, 10.875], "texture": "#1"},
				"west": {"uv": [13.25, 10.75, 14, 11.125], "texture": "#1"},
				"up": {"uv": [13.5, 11.25, 13.875, 12], "texture": "#1"},
				"down": {"uv": [13.75, 10, 14.125, 10.5], "texture": "#1"}
			}
		},
		{
			"from": [0, 10, 6],
			"to": [0.5, 10.5, 10],
			"faces": {
				"north": {"uv": [9.25, 11, 9.375, 11.125], "texture": "#1"},
				"east": {"uv": [13, 11, 13.5, 11.125], "texture": "#1"},
				"south": {"uv": [8.75, 10.75, 8.875, 10.875], "texture": "#1"},
				"west": {"uv": [10.25, 11.25, 10.75, 11.375], "texture": "#1"},
				"up": {"uv": [12.25, 11, 12.375, 11.5], "texture": "#1"},
				"down": {"uv": [11.5, 11, 11.625, 11.5], "texture": "#1"}
			}
		},
		{
			"from": [11.75, 16, 1.75],
			"to": [13.75, 16.5, 3.75],
			"faces": {
				"north": {"uv": [9.25, 6.5, 10.5, 6.75], "texture": "#1"},
				"east": {"uv": [9.25, 6.5, 10.5, 6.75], "texture": "#1"},
				"south": {"uv": [9.25, 6.5, 10.5, 6.75], "texture": "#1"},
				"west": {"uv": [9.25, 6.5, 10.5, 6.75], "texture": "#1"},
				"up": {"uv": [9, 5, 10.25, 6.25], "texture": "#1"},
				"down": {"uv": [9.25, 6.5, 10.75, 7], "texture": "#1"}
			}
		},
		{
			"from": [11.35, 16, 2.15],
			"to": [11.75, 16.5, 3.35],
			"faces": {
				"north": {"uv": [8.75, 8.75, 9.125, 9.125], "texture": "#1"},
				"east": {"uv": [9.5, 9.75, 10.375, 10.125], "texture": "#1"},
				"south": {"uv": [8.75, 9.75, 9.125, 10.125], "texture": "#1"},
				"west": {"uv": [7.5, 9.25, 8.375, 9.625], "texture": "#1"},
				"up": {"uv": [7, 8.5, 7.25, 9.25], "texture": "#1"},
				"down": {"uv": [7.75, 8.25, 8.125, 9.125], "texture": "#1"}
			}
		},
		{
			"from": [13.75, 16, 2.15],
			"to": [14.15, 16.5, 3.35],
			"faces": {
				"north": {"uv": [10.5, 7.5, 10.875, 7.875], "texture": "#1"},
				"east": {"uv": [9, 7, 10.125, 7.375], "texture": "#1"},
				"south": {"uv": [11, 6.75, 11.375, 7.125], "texture": "#1"},
				"west": {"uv": [8, 8.25, 8.875, 8.625], "texture": "#1"},
				"up": {"uv": [8.25, 7, 8.5, 7.75], "texture": "#1"},
				"down": {"uv": [8.25, 5.25, 8.75, 6.125], "texture": "#1"}
			}
		},
		{
			"from": [12.15, 16, 1.35],
			"to": [13.35, 16.5, 1.75],
			"faces": {
				"north": {"uv": [9.75, 10.75, 10.875, 11.125], "texture": "#1"},
				"east": {"uv": [12.25, 9, 12.625, 9.375], "texture": "#1"},
				"south": {"uv": [13, 8.75, 13.375, 9.125], "texture": "#1"},
				"west": {"uv": [13.5, 9.25, 13.875, 9.625], "texture": "#1"},
				"up": {"uv": [14.25, 9, 14.5, 9.75], "rotation": 90, "texture": "#1"},
				"down": {"uv": [10.5, 9.75, 10.875, 10.125], "rotation": 270, "texture": "#1"}
			}
		},
		{
			"from": [12.15, 16, 3.75],
			"to": [13.35, 16.5, 4.15],
			"faces": {
				"north": {"uv": [11.5, 8.5, 12.375, 8.875], "texture": "#1"},
				"east": {"uv": [13, 8.5, 13.375, 8.875], "texture": "#1"},
				"south": {"uv": [9.5, 10, 10.625, 10.5], "texture": "#1"},
				"west": {"uv": [11.25, 9.75, 11.625, 10.125], "texture": "#1"},
				"up": {"uv": [10.75, 9.25, 11, 10], "rotation": 90, "texture": "#1"},
				"down": {"uv": [2.25, 1, 2.375, 1.375], "rotation": 270, "texture": "#1"}
			}
		},
		{
			"from": [10, 16, 6],
			"to": [13, 17, 9],
			"faces": {
				"north": {"uv": [11.75, 8, 13, 8.5], "texture": "#1"},
				"east": {"uv": [0, 0, 0.75, 0.25], "texture": "#1"},
				"south": {"uv": [0, 0, 0.75, 0.25], "texture": "#1"},
				"west": {"uv": [0, 0, 0.75, 0.25], "texture": "#1"},
				"up": {"uv": [9.5, 9, 10.5, 10], "texture": "#1"},
				"down": {"uv": [9, 7.75, 9.75, 8.5], "texture": "#1"}
			}
		},
		{
			"from": [0, 0, 0],
			"to": [2, 13, 2],
			"faces": {
				"north": {"uv": [0, 0, 13, 2], "rotation": 90, "texture": "#particle"},
				"east": {"uv": [0, 3, 13, 5], "rotation": 90, "texture": "#particle"},
				"south": {"uv": [0, 3, 13, 5], "rotation": 90, "texture": "#particle"},
				"west": {"uv": [0, 1, 13, 3], "rotation": 90, "texture": "#particle"},
				"down": {"uv": [4, 3, 6, 5], "texture": "#particle"}
			}
		},
		{
			"from": [14, 0, 0],
			"to": [16, 13, 2],
			"rotation": {"angle": 0, "axis": "y", "origin": [15, 0, 1]},
			"faces": {
				"north": {"uv": [0, 1, 13, 3], "rotation": 90, "texture": "#particle"},
				"east": {"uv": [0, 0, 13, 2], "rotation": 90, "texture": "#particle"},
				"south": {"uv": [0, 3, 13, 5], "rotation": 90, "texture": "#particle"},
				"west": {"uv": [0, 3, 13, 5], "rotation": 90, "texture": "#particle"},
				"down": {"uv": [4, 3, 6, 5], "rotation": 270, "texture": "#particle"}
			}
		},
		{
			"from": [14, 0, 14],
			"to": [16, 13, 16],
			"rotation": {"angle": 0, "axis": "y", "origin": [15, 0, 15]},
			"faces": {
				"north": {"uv": [0, 3, 13, 5], "rotation": 90, "texture": "#particle"},
				"east": {"uv": [0, 1, 13, 3], "rotation": 90, "texture": "#particle"},
				"south": {"uv": [0, 0, 13, 2], "rotation": 90, "texture": "#particle"},
				"west": {"uv": [0, 3, 13, 5], "rotation": 90, "texture": "#particle"},
				"down": {"uv": [4, 3, 6, 5], "rotation": 180, "texture": "#particle"}
			}
		},
		{
			"from": [0, 0, 14],
			"to": [2, 13, 16],
			"rotation": {"angle": 0, "axis": "y", "origin": [1, 0, 15]},
			"faces": {
				"north": {"uv": [0, 3, 13, 5], "rotation": 270, "texture": "#particle"},
				"east": {"uv": [0, 14, 13, 16], "rotation": 270, "texture": "#particle"},
				"south": {"uv": [0, 1, 13, 3], "rotation": 90, "texture": "#particle"},
				"west": {"uv": [0, 0, 13, 2], "rotation": 90, "texture": "#particle"},
				"down": {"uv": [4, 3, 6, 5], "rotation": 90, "texture": "#particle"}
			}
		},
		{
			"from": [0.5, 8, 0.5],
			"to": [15.5, 13, 15.5],
			"faces": {
				"north": {"uv": [0, 5, 15, 10], "texture": "#particle"},
				"east": {"uv": [0, 5, 15, 10], "texture": "#particle"},
				"south": {"uv": [0, 5, 15, 10], "texture": "#particle"},
				"west": {"uv": [0, 5, 15, 10], "texture": "#particle"},
				"up": {"uv": [0, 0, 15, 14.5], "texture": "#missing"},
				"down": {"uv": [0, 0, 15, 14.5], "texture": "#particle"}
			}
		}
	]
}