{
	"credit": "Made with Blockbench",
	"parent": "block/block",
	"textures": {
		"top": "apotheosis:blocks/geode_shelf/geode_shelf_end",
		"side": "apotheosis:blocks/geode_shelf/geode_shelf_side",
		"particle": "apotheosis:blocks/geode_shelf/geode_shelf",
		"front": "apotheosis:blocks/geode_shelf/geode_shelf"
	},
	"elements": [
		{
			"name": "Body",
			"from": [0, 0, 0],
			"to": [16, 16, 16],
			"faces": {
				"east": {"uv": [0, 0, 16, 16], "texture": "#side", "cullface": "east"},
				"south": {"uv": [0, 0, 16, 16], "texture": "#side", "cullface": "south"},
				"west": {"uv": [0, 0, 16, 16], "texture": "#side", "cullface": "west"},
				"up": {"uv": [0, 0, 16, 16], "texture": "#top", "cullface": "up"},
				"down": {"uv": [0, 0, 16, 16], "texture": "#top", "cullface": "down"}
			}
		},
		{
			"name": "Top",
			"from": [0, 15, 0],
			"to": [16, 16, 2],
			"faces": {
				"north": {"uv": [0, 0, 16, 1], "texture": "#front", "cullface": "north"},
				"down": {"uv": [0, 2, 16, 0], "texture": "#top", "cullface": "north"}
			}
		},
		{
			"name": "Bottom",
			"from": [1, 0, 0],
			"to": [15, 2, 2],
			"faces": {
				"north": {"uv": [1, 14, 15, 16], "texture": "#front", "cullface": "north"},
				"up": {"uv": [0, 0, 16, 2], "texture": "#top", "cullface": "north"}
			}
		},
		{
			"name": "Shelf",
			"from": [0, 8, 0.5],
			"to": [16, 9, 2.5],
			"faces": {
				"north": {"uv": [0, 7, 16, 8], "texture": "#front", "cullface": "north"},
				"up": {"uv": [0, 0, 16, 2], "texture": "#top", "cullface": "north"},
				"down": {"uv": [0, 2, 16, 0], "texture": "#top", "cullface": "north"}
			}
		},
		{
			"name": "Left",
			"from": [15, 0, 0],
			"to": [16, 16, 1],
			"faces": {
				"north": {"uv": [0, 0, 1, 16], "texture": "#front", "cullface": "north"},
				"west": {"uv": [15, 0, 16, 16], "texture": "#front", "cullface": "north"}
			}
		},
		{
			"name": "Right",
			"from": [0, 0, 0],
			"to": [1, 16, 1],
			"faces": {
				"north": {"uv": [15, 0, 16, 16], "texture": "#front", "cullface": "north"},
				"east": {"uv": [0, 0, 1, 16], "texture": "#front", "cullface": "north"}
			}
		},
		{
			"from": [0, 0, 1],
			"to": [16, 16, 1],
			"rotation": {"angle": 0, "axis": "y", "origin": [0, 0, -1]},
			"faces": {
				"north": {"uv": [0, 0, 16, 16], "texture": "#front"},
				"east": {"uv": [0, 0, 16, 16], "texture": "#front"},
				"south": {"uv": [0, 0, 16, 16], "texture": "#front"},
				"west": {"uv": [0, 0, 16, 16], "texture": "#front"},
				"up": {"uv": [0, 0, 16, 16], "texture": "#front"},
				"down": {"uv": [0, 0, 16, 16], "texture": "#front"}
			}
		}
	]
}