{
	"credit": "Made with Blockbench",
	"parent": "block/block",
	"render_type": "cutout",
	"textures": {
		"particle": "block/smooth_stone",
		"bottom": "block/smooth_stone",
		"top": "apotheosis:blocks/reforging/simple_table_top",
		"side": "apotheosis:blocks/reforging/simple_table_side"
	},
	"elements": [
		{
			"from": [0, 9, 5],
			"to": [16, 12.5, 11],
			"faces": {
				"north": {"uv": [5, 0, 8, 16], "rotation": 90, "texture": "#top"},
				"east": {"uv": [5, 4.5, 11, 8], "texture": "#side", "cullface": "east"},
				"south": {"uv": [8, 0, 11, 16], "rotation": 90, "texture": "#top"},
				"west": {"uv": [5, 4.5, 11, 8], "texture": "#side", "cullface": "west"},
				"up": {"uv": [0, 5, 16, 11], "texture": "#top"},
				"down": {"uv": [0, 5, 16, 11], "texture": "#top", "cullface": "down"}
			}
		},
		{
			"from": [0, 0, 0],
			"to": [16, 8, 16],
			"faces": {
				"north": {"uv": [0, 8, 16, 16], "texture": "#side"},
				"east": {"uv": [0, 8, 16, 16], "texture": "#side"},
				"south": {"uv": [0, 8, 16, 16], "texture": "#side"},
				"west": {"uv": [0, 8, 16, 16], "texture": "#side"},
				"up": {"uv": [0, 0, 16, 16], "texture": "#bottom"},
				"down": {"uv": [0, 0, 16, 16], "texture": "#bottom"}
			}
		},
		{
			"from": [1, 8, 1],
			"to": [15, 9, 15],
			"faces": {
				"north": {"uv": [1, 7, 15, 8], "texture": "#side"},
				"east": {"uv": [1, 7, 15, 8], "texture": "#side"},
				"south": {"uv": [1, 7, 15, 8], "texture": "#side"},
				"west": {"uv": [1, 7, 15, 8], "texture": "#side"}
			}
		},
		{
			"from": [0, 9, 0],
			"to": [5, 12, 5],
			"faces": {
				"north": {"uv": [11, 4, 16, 7], "texture": "#side"},
				"west": {"uv": [0, 4, 5, 7], "texture": "#side"},
				"up": {"uv": [0, 0, 5, 5], "texture": "#top"},
				"down": {"uv": [0, 11, 5, 16], "texture": "#top"}
			}
		},
		{
			"from": [11, 9, 0],
			"to": [16, 12, 5],
			"faces": {
				"north": {"uv": [0, 4, 5, 7], "texture": "#side"},
				"east": {"uv": [11, 4, 16, 7], "texture": "#side"},
				"up": {"uv": [11, 0, 16, 5], "texture": "#top"},
				"down": {"uv": [11, 11, 16, 16], "texture": "#top"}
			}
		},
		{
			"from": [11, 9, 11],
			"to": [16, 12, 16],
			"faces": {
				"east": {"uv": [0, 4, 5, 7], "texture": "#side"},
				"south": {"uv": [11, 4, 16, 7], "texture": "#side"},
				"up": {"uv": [11, 11, 16, 16], "texture": "#top"},
				"down": {"uv": [11, 0, 16, 5], "texture": "#top"}
			}
		},
		{
			"from": [0, 9, 11],
			"to": [5, 12, 16],
			"faces": {
				"south": {"uv": [0, 4, 5, 7], "texture": "#side"},
				"west": {"uv": [11, 4, 16, 7], "texture": "#side"},
				"up": {"uv": [0, 11, 5, 16], "texture": "#top"},
				"down": {"uv": [0, 0, 5, 5], "texture": "#top"}
			}
		},
		{
			"from": [5, 9, 11],
			"to": [11, 12.5, 16],
			"faces": {
				"east": {"uv": [0, 8, 5, 11], "texture": "#top"},
				"south": {"uv": [5, 4.5, 11, 8], "texture": "#side"},
				"west": {"uv": [0, 8, 5, 11], "rotation": 180, "texture": "#top"},
				"up": {"uv": [5, 11, 11, 16], "texture": "#top"},
				"down": {"uv": [5, 11, 11, 16], "texture": "#top"}
			}
		},
		{
			"from": [5, 9, 0],
			"to": [11, 12.5, 5],
			"faces": {
				"north": {"uv": [5, 4.5, 11, 8], "texture": "#side"},
				"east": {"uv": [0, 8, 5, 11], "rotation": 180, "texture": "#top"},
				"west": {"uv": [0, 8, 5, 11], "texture": "#top"},
				"up": {"uv": [5, 0, 11, 5], "texture": "#top"},
				"down": {"uv": [5, 0, 11, 5], "texture": "#top"}
			}
		}
	]
}