{
	"credit": "Made with Blockbench",
	"parent": "block/block",
	"textures": {
		"2": "apotheosis:blocks/deepshelf/echoing_sculkshelf_top",
		"3": "apotheosis:blocks/deepshelf/cracked_deepslate_tiles_large",
		"4": "apotheosis:blocks/deepshelf/cracked_deepslate_tiles",
		"5": "apotheosis:blocks/deepshelf/sculk_vein1",
		"9": "apotheosis:blocks/deepshelf/soul_touched_deepshelf1",
		"particle": "apotheosis:blocks/deepshelf/echoing_sculkshelf_top"
	},
	"elements": [
		{
			"name": "Books",
			"from": [2, 2, 2],
			"to": [14, 15, 14],
			"rotation": {"angle": 0, "axis": "y", "origin": [8, 0, 8]},
			"faces": {
				"north": {"uv": [1, 1, 13, 14], "texture": "#9"},
				"east": {"uv": [1, 1, 13, 14], "texture": "#9"},
				"south": {"uv": [1, 1, 13, 14], "texture": "#9"},
				"west": {"uv": [1, 1, 13, 14], "texture": "#9"}
			}
		},
		{
			"name": "Bottom",
			"from": [0, 0, 0],
			"to": [16, 2, 16],
			"faces": {
				"north": {"uv": [0, 14, 16, 16], "texture": "#9"},
				"east": {"uv": [0, 14, 16, 16], "texture": "#9"},
				"south": {"uv": [0, 14, 16, 16], "texture": "#9"},
				"west": {"uv": [0, 14, 16, 16], "texture": "#9"},
				"up": {"uv": [0, 0, 16, 16], "texture": "#2"},
				"down": {"uv": [0, 0, 16, 16], "texture": "#2"}
			}
		},
		{
			"name": "Top",
			"from": [0, 15, 0],
			"to": [16, 16, 16],
			"faces": {
				"north": {"uv": [0, 0, 16, 1], "texture": "#9"},
				"east": {"uv": [0, 0, 16, 1], "texture": "#9"},
				"south": {"uv": [0, 0, 16, 1], "texture": "#9"},
				"west": {"uv": [0, 0, 16, 1], "texture": "#9"},
				"up": {"uv": [0, 0, 16, 16], "texture": "#2"},
				"down": {"uv": [0, 0, 16, 16], "texture": "#2"}
			}
		},
		{
			"name": "Shelf",
			"from": [0.5, 8, 0.5],
			"to": [15.5, 9, 15.5],
			"faces": {
				"north": {"uv": [0.5, 7, 15.5, 8], "texture": "#9"},
				"east": {"uv": [0.5, 7, 15.5, 8], "texture": "#9"},
				"south": {"uv": [0.5, 7, 15.5, 8], "texture": "#9"},
				"west": {"uv": [0.5, 7, 15.5, 8], "texture": "#9"},
				"up": {"uv": [0.5, 0.5, 15.5, 15.5], "texture": "#2"},
				"down": {"uv": [0.5, 0.5, 15.5, 15.5], "texture": "#2"}
			}
		},
		{
			"from": [0, 0, 15],
			"to": [1, 16, 16],
			"faces": {
				"north": {"uv": [0, 0, 1, 16], "texture": "#4"},
				"east": {"uv": [15, 0, 16, 16], "texture": "#4"},
				"south": {"uv": [0, 0, 1, 16], "texture": "#9"},
				"west": {"uv": [15, 0, 16, 16], "texture": "#9"}
			}
		},
		{
			"from": [15, 0, 0],
			"to": [16, 16, 1],
			"faces": {
				"north": {"uv": [0, 0, 1, 16], "texture": "#9"},
				"east": {"uv": [15, 0, 16, 16], "texture": "#9"},
				"south": {"uv": [0, 0, 1, 16], "texture": "#4"},
				"west": {"uv": [15, 0, 16, 16], "texture": "#4"}
			}
		},
		{
			"from": [15, 0, 15],
			"to": [16, 16, 16],
			"faces": {
				"north": {"uv": [15, 0, 16, 16], "texture": "#4"},
				"east": {"uv": [0, 0, 1, 16], "texture": "#9"},
				"south": {"uv": [15, 0, 16, 16], "texture": "#9"},
				"west": {"uv": [0, 0, 1, 16], "texture": "#4"}
			}
		},
		{
			"from": [0, 0, 0],
			"to": [1, 16, 1],
			"faces": {
				"north": {"uv": [15, 0, 16, 16], "texture": "#9"},
				"east": {"uv": [0, 0, 1, 16], "texture": "#4"},
				"south": {"uv": [15, 0, 16, 16], "texture": "#4"},
				"west": {"uv": [0, 0, 1, 16], "texture": "#9"}
			}
		},
		{
			"name": "panel",
			"from": [8, 0, -3],
			"to": [8, 16, 19],
			"rotation": {"angle": 45, "axis": "y", "origin": [8, 0, 8]},
			"faces": {
				"east": {"uv": [0, 0, 16, 16], "texture": "#3"},
				"west": {"uv": [0, 0, 16, 16], "texture": "#3"}
			}
		},
		{
			"name": "panel",
			"from": [8, 0, -3],
			"to": [8, 16, 19],
			"rotation": {"angle": -45, "axis": "y", "origin": [8, 0, 8]},
			"faces": {
				"east": {"uv": [0, 0, 16, 16], "texture": "#3"},
				"west": {"uv": [0, 0, 16, 16], "texture": "#3"}
			}
		},
		{
			"name": "soul_lantern1",
			"from": [-0.5, 2, 9.8],
			"to": [2.5, 7, 13.8],
			"faces": {
				"north": {"uv": [10, 9, 13, 14], "texture": "#9"},
				"south": {"uv": [13, 9, 10, 14], "texture": "#9"},
				"west": {"uv": [9, 9, 13, 14], "texture": "#9"},
				"up": {"uv": [9, 13, 13, 16], "rotation": 90, "texture": "#9"},
				"down": {"uv": [13, 13, 9, 16], "rotation": 270, "texture": "#9"}
			}
		},
		{
			"name": "soul_lantern2",
			"from": [2.2, 2, -0.5],
			"to": [6.2, 7, 2.5],
			"rotation": {"angle": 0, "axis": "y", "origin": [8, 0, 8]},
			"faces": {
				"north": {"uv": [9, 9, 13, 14], "texture": "#9"},
				"east": {"uv": [10, 9, 13, 14], "texture": "#9"},
				"west": {"uv": [13, 9, 10, 14], "texture": "#9"},
				"up": {"uv": [9, 13, 13, 16], "rotation": 180, "texture": "#9"},
				"down": {"uv": [13, 13, 9, 16], "rotation": 180, "texture": "#9"}
			}
		},
		{
			"name": "soul_lantern3",
			"from": [13.5, 2, 2.2],
			"to": [16.5, 7, 6.2],
			"rotation": {"angle": 0, "axis": "y", "origin": [8, 0, 8]},
			"faces": {
				"north": {"uv": [13, 9, 10, 14], "texture": "#9"},
				"east": {"uv": [9, 9, 13, 14], "texture": "#9"},
				"south": {"uv": [10, 9, 13, 14], "texture": "#9"},
				"up": {"uv": [9, 13, 13, 16], "rotation": 270, "texture": "#9"},
				"down": {"uv": [13, 13, 9, 16], "rotation": 90, "texture": "#9"}
			}
		},
		{
			"name": "soul_lantern4",
			"from": [9.8, 2, 13.5],
			"to": [13.8, 7, 16.5],
			"rotation": {"angle": 0, "axis": "y", "origin": [8, 0, 8]},
			"faces": {
				"east": {"uv": [13, 9, 10, 14], "texture": "#9"},
				"south": {"uv": [9, 9, 13, 14], "texture": "#9"},
				"west": {"uv": [10, 9, 13, 14], "texture": "#9"},
				"up": {"uv": [9, 13, 13, 16], "texture": "#9"},
				"down": {"uv": [13, 13, 9, 16], "texture": "#9"}
			}
		},
		{
			"name": "sculk_vein5",
			"from": [12, 15, -0.1],
			"to": [16, 16, -0.1],
			"rotation": {"angle": 0, "axis": "y", "origin": [8, 0, 8]},
			"faces": {
				"north": {"uv": [0, 0, 4, 1], "texture": "#5"},
				"east": {"uv": [0, 0, 4, 1], "texture": "#5"},
				"south": {"uv": [0, 0, 4, 1], "texture": "#5"},
				"west": {"uv": [0, 0, 4, 1], "texture": "#5"},
				"up": {"uv": [0, 0, 4, 1], "texture": "#5"},
				"down": {"uv": [0, 0, 4, 1], "texture": "#5"}
			}
		},
		{
			"name": "sculk_vein1",
			"from": [1, 15, -0.1],
			"to": [4, 16, -0.1],
			"faces": {
				"north": {"uv": [12, 0, 15, 1], "texture": "#5"},
				"east": {"uv": [12, 0, 15, 1], "texture": "#5"},
				"south": {"uv": [12, 0, 15, 1], "texture": "#5"},
				"west": {"uv": [12, 0, 15, 1], "texture": "#5"},
				"up": {"uv": [12, 0, 15, 1], "texture": "#5"},
				"down": {"uv": [12, 0, 15, 1], "texture": "#5"}
			}
		},
		{
			"name": "sculk_vein1",
			"from": [0, 13, -0.1],
			"to": [6, 15, -0.1],
			"faces": {
				"north": {"uv": [10, 1, 16, 3], "texture": "#5"},
				"east": {"uv": [10, 1, 16, 3], "texture": "#5"},
				"south": {"uv": [10, 1, 16, 3], "texture": "#5"},
				"west": {"uv": [10, 1, 16, 3], "texture": "#5"},
				"up": {"uv": [10, 1, 16, 3], "texture": "#5"},
				"down": {"uv": [10, 1, 16, 3], "texture": "#5"}
			}
		},
		{
			"name": "sculk_vein1",
			"from": [7, 14, -0.1],
			"to": [9, 15, -0.1],
			"faces": {
				"north": {"uv": [7, 1, 9, 2], "texture": "#5"},
				"east": {"uv": [7, 1, 9, 2], "texture": "#5"},
				"south": {"uv": [7, 1, 9, 2], "texture": "#5"},
				"west": {"uv": [7, 1, 9, 2], "texture": "#5"},
				"up": {"uv": [7, 1, 9, 2], "texture": "#5"},
				"down": {"uv": [7, 1, 9, 2], "texture": "#5"}
			}
		},
		{
			"name": "sculk_vein1",
			"from": [11, 12, -0.1],
			"to": [14, 15, -0.1],
			"faces": {
				"north": {"uv": [2, 1, 5, 4], "texture": "#5"},
				"east": {"uv": [2, 1, 5, 4], "texture": "#5"},
				"south": {"uv": [2, 1, 5, 4], "texture": "#5"},
				"west": {"uv": [2, 1, 5, 4], "texture": "#5"},
				"up": {"uv": [2, 1, 5, 4], "texture": "#5"},
				"down": {"uv": [2, 1, 5, 4], "texture": "#5"}
			}
		},
		{
			"name": "sculk_vein1",
			"from": [15, 12, -0.1],
			"to": [16, 15, -0.1],
			"faces": {
				"north": {"uv": [0, 1, 1, 4], "texture": "#5"},
				"east": {"uv": [0, 1, 1, 4], "texture": "#5"},
				"south": {"uv": [0, 1, 1, 4], "texture": "#5"},
				"west": {"uv": [0, 1, 1, 4], "texture": "#5"},
				"up": {"uv": [0, 1, 1, 4], "texture": "#5"},
				"down": {"uv": [0, 1, 1, 4], "texture": "#5"}
			}
		},
		{
			"name": "sculk_vein1",
			"from": [14, 7, -0.1],
			"to": [15, 13, -0.1],
			"faces": {
				"north": {"uv": [1, 3, 2, 9], "texture": "#5"},
				"east": {"uv": [1, 3, 2, 9], "texture": "#5"},
				"south": {"uv": [1, 3, 2, 9], "texture": "#5"},
				"west": {"uv": [1, 3, 2, 9], "texture": "#5"},
				"up": {"uv": [1, 3, 2, 9], "texture": "#5"},
				"down": {"uv": [1, 3, 2, 9], "texture": "#5"}
			}
		},
		{
			"name": "sculk_vein1",
			"from": [8, 11, -0.1],
			"to": [9, 13, -0.1],
			"faces": {
				"north": {"uv": [7, 3, 8, 5], "texture": "#5"},
				"east": {"uv": [7, 3, 8, 5], "texture": "#5"},
				"south": {"uv": [7, 3, 8, 5], "texture": "#5"},
				"west": {"uv": [7, 3, 8, 5], "texture": "#5"},
				"up": {"uv": [7, 3, 8, 5], "texture": "#5"},
				"down": {"uv": [7, 3, 8, 5], "texture": "#5"}
			}
		},
		{
			"name": "sculk_vein1",
			"from": [7, 12, -0.1],
			"to": [8, 14, -0.1],
			"faces": {
				"north": {"uv": [8, 2, 9, 4], "texture": "#5"},
				"east": {"uv": [8, 2, 9, 4], "texture": "#5"},
				"south": {"uv": [8, 2, 9, 4], "texture": "#5"},
				"west": {"uv": [8, 2, 9, 4], "texture": "#5"},
				"up": {"uv": [8, 2, 9, 4], "texture": "#5"},
				"down": {"uv": [8, 2, 9, 4], "texture": "#5"}
			}
		},
		{
			"name": "sculk_vein1",
			"from": [1, 12, -0.1],
			"to": [7, 13, -0.1],
			"faces": {
				"north": {"uv": [9, 3, 15, 4], "texture": "#5"},
				"east": {"uv": [9, 3, 15, 4], "texture": "#5"},
				"south": {"uv": [9, 3, 15, 4], "texture": "#5"},
				"west": {"uv": [9, 3, 15, 4], "texture": "#5"},
				"up": {"uv": [9, 3, 15, 4], "texture": "#5"},
				"down": {"uv": [9, 3, 15, 4], "texture": "#5"}
			}
		},
		{
			"name": "sculk_vein1",
			"from": [11, 11, -0.1],
			"to": [12, 12, -0.1],
			"faces": {
				"north": {"uv": [4, 4, 5, 5], "texture": "#5"},
				"east": {"uv": [4, 4, 5, 5], "texture": "#5"},
				"south": {"uv": [4, 4, 5, 5], "texture": "#5"},
				"west": {"uv": [4, 4, 5, 5], "texture": "#5"},
				"up": {"uv": [4, 4, 5, 5], "texture": "#5"},
				"down": {"uv": [4, 4, 5, 5], "texture": "#5"}
			}
		},
		{
			"name": "sculk_vein1",
			"from": [6, 11, -0.1],
			"to": [7, 12, -0.1],
			"faces": {
				"north": {"uv": [9, 4, 10, 5], "texture": "#5"},
				"east": {"uv": [9, 4, 10, 5], "texture": "#5"},
				"south": {"uv": [9, 4, 10, 5], "texture": "#5"},
				"west": {"uv": [9, 4, 10, 5], "texture": "#5"},
				"up": {"uv": [9, 4, 10, 5], "texture": "#5"},
				"down": {"uv": [9, 4, 10, 5], "texture": "#5"}
			}
		},
		{
			"name": "sculk_vein1",
			"from": [3, 11, -0.1],
			"to": [5, 12, -0.1],
			"faces": {
				"north": {"uv": [11, 4, 13, 5], "texture": "#5"},
				"east": {"uv": [11, 4, 13, 5], "texture": "#5"},
				"south": {"uv": [11, 4, 13, 5], "texture": "#5"},
				"west": {"uv": [11, 4, 13, 5], "texture": "#5"},
				"up": {"uv": [11, 4, 13, 5], "texture": "#5"},
				"down": {"uv": [11, 4, 13, 5], "texture": "#5"}
			}
		},
		{
			"name": "sculk_vein1",
			"from": [1, 10, -0.1],
			"to": [2, 12, -0.1],
			"faces": {
				"north": {"uv": [14, 4, 15, 6], "texture": "#5"},
				"east": {"uv": [14, 4, 15, 6], "texture": "#5"},
				"south": {"uv": [14, 4, 15, 6], "texture": "#5"},
				"west": {"uv": [14, 4, 15, 6], "texture": "#5"},
				"up": {"uv": [14, 4, 15, 6], "texture": "#5"},
				"down": {"uv": [14, 4, 15, 6], "texture": "#5"}
			}
		},
		{
			"name": "sculk_vein1",
			"from": [5, 9, -0.1],
			"to": [8, 11, -0.1],
			"faces": {
				"north": {"uv": [8, 5, 11, 7], "texture": "#5"},
				"east": {"uv": [8, 5, 11, 7], "texture": "#5"},
				"south": {"uv": [8, 5, 11, 7], "texture": "#5"},
				"west": {"uv": [8, 5, 11, 7], "texture": "#5"},
				"up": {"uv": [8, 5, 11, 7], "texture": "#5"},
				"down": {"uv": [8, 5, 11, 7], "texture": "#5"}
			}
		},
		{
			"name": "sculk_vein1",
			"from": [9, 10, -0.1],
			"to": [11, 11, -0.1],
			"faces": {
				"north": {"uv": [5, 5, 7, 6], "texture": "#5"},
				"east": {"uv": [5, 5, 7, 6], "texture": "#5"},
				"south": {"uv": [5, 5, 7, 6], "texture": "#5"},
				"west": {"uv": [5, 5, 7, 6], "texture": "#5"},
				"up": {"uv": [5, 5, 7, 6], "texture": "#5"},
				"down": {"uv": [5, 5, 7, 6], "texture": "#5"}
			}
		},
		{
			"name": "sculk_vein1",
			"from": [15, 9, -0.1],
			"to": [16, 10, -0.1],
			"faces": {
				"north": {"uv": [0, 6, 1, 7], "texture": "#5"},
				"east": {"uv": [0, 6, 1, 7], "texture": "#5"},
				"south": {"uv": [0, 6, 1, 7], "texture": "#5"},
				"west": {"uv": [0, 6, 1, 7], "texture": "#5"},
				"up": {"uv": [0, 6, 1, 7], "texture": "#5"},
				"down": {"uv": [0, 6, 1, 7], "texture": "#5"}
			}
		},
		{
			"name": "sculk_vein1",
			"from": [13, 6, -0.1],
			"to": [14, 10, -0.1],
			"faces": {
				"north": {"uv": [2, 6, 3, 10], "texture": "#5"},
				"east": {"uv": [2, 6, 3, 10], "texture": "#5"},
				"south": {"uv": [2, 6, 3, 10], "texture": "#5"},
				"west": {"uv": [2, 6, 3, 10], "texture": "#5"},
				"up": {"uv": [2, 6, 3, 10], "texture": "#5"},
				"down": {"uv": [2, 6, 3, 10], "texture": "#5"}
			}
		},
		{
			"name": "sculk_vein1",
			"from": [12, 7, -0.1],
			"to": [13, 8, -0.1],
			"faces": {
				"north": {"uv": [3, 8, 4, 9], "texture": "#5"},
				"east": {"uv": [3, 8, 4, 9], "texture": "#5"},
				"south": {"uv": [3, 8, 4, 9], "texture": "#5"},
				"west": {"uv": [3, 8, 4, 9], "texture": "#5"},
				"up": {"uv": [3, 8, 4, 9], "texture": "#5"},
				"down": {"uv": [3, 8, 4, 9], "texture": "#5"}
			}
		},
		{
			"name": "sculk_vein1",
			"from": [6, 8, -0.1],
			"to": [7, 9, -0.1],
			"faces": {
				"north": {"uv": [9, 7, 10, 8], "texture": "#5"},
				"east": {"uv": [9, 7, 10, 8], "texture": "#5"},
				"south": {"uv": [9, 7, 10, 8], "texture": "#5"},
				"west": {"uv": [9, 7, 10, 8], "texture": "#5"},
				"up": {"uv": [9, 7, 10, 8], "texture": "#5"},
				"down": {"uv": [9, 7, 10, 8], "texture": "#5"}
			}
		},
		{
			"name": "sculk_vein1",
			"from": [0, 9, -0.1],
			"to": [1, 11, -0.1],
			"faces": {
				"north": {"uv": [15, 5, 16, 7], "texture": "#5"},
				"east": {"uv": [15, 5, 16, 7], "texture": "#5"},
				"south": {"uv": [15, 5, 16, 7], "texture": "#5"},
				"west": {"uv": [15, 5, 16, 7], "texture": "#5"},
				"up": {"uv": [15, 5, 16, 7], "texture": "#5"},
				"down": {"uv": [15, 5, 16, 7], "texture": "#5"}
			}
		},
		{
			"name": "sculk_vein1",
			"from": [0, 2, -0.1],
			"to": [1, 4, -0.1],
			"faces": {
				"north": {"uv": [15, 12, 16, 14], "texture": "#5"},
				"east": {"uv": [15, 12, 16, 14], "texture": "#5"},
				"south": {"uv": [15, 12, 16, 14], "texture": "#5"},
				"west": {"uv": [15, 12, 16, 14], "texture": "#5"},
				"up": {"uv": [15, 12, 16, 14], "texture": "#5"},
				"down": {"uv": [15, 12, 16, 14], "texture": "#5"}
			}
		},
		{
			"name": "sculk_vein1",
			"from": [1, 0, -0.1],
			"to": [2, 3, -0.1],
			"faces": {
				"north": {"uv": [14, 13, 15, 16], "texture": "#5"},
				"east": {"uv": [14, 13, 15, 16], "texture": "#5"},
				"south": {"uv": [14, 13, 15, 16], "texture": "#5"},
				"west": {"uv": [14, 13, 15, 16], "texture": "#5"},
				"up": {"uv": [14, 13, 15, 16], "texture": "#5"},
				"down": {"uv": [14, 13, 15, 16], "texture": "#5"}
			}
		},
		{
			"name": "sculk_vein1",
			"from": [2, 0, -0.1],
			"to": [3, 1, -0.1],
			"faces": {
				"north": {"uv": [13, 15, 14, 16], "texture": "#5"},
				"east": {"uv": [13, 15, 14, 16], "texture": "#5"},
				"south": {"uv": [13, 15, 14, 16], "texture": "#5"},
				"west": {"uv": [13, 15, 14, 16], "texture": "#5"},
				"up": {"uv": [13, 15, 14, 16], "texture": "#5"},
				"down": {"uv": [13, 15, 14, 16], "texture": "#5"}
			}
		},
		{
			"name": "sculk_vein1",
			"from": [6, 1, -0.1],
			"to": [7, 2, -0.1],
			"faces": {
				"north": {"uv": [9, 14, 10, 15], "texture": "#5"},
				"east": {"uv": [9, 14, 10, 15], "texture": "#5"},
				"south": {"uv": [9, 14, 10, 15], "texture": "#5"},
				"west": {"uv": [9, 14, 10, 15], "texture": "#5"},
				"up": {"uv": [9, 14, 10, 15], "texture": "#5"},
				"down": {"uv": [9, 14, 10, 15], "texture": "#5"}
			}
		},
		{
			"name": "sculk_vein1",
			"from": [14, 3, -0.1],
			"to": [16, 4, -0.1],
			"faces": {
				"north": {"uv": [0, 12, 2, 13], "texture": "#5"},
				"east": {"uv": [0, 12, 2, 13], "texture": "#5"},
				"south": {"uv": [0, 12, 2, 13], "texture": "#5"},
				"west": {"uv": [0, 12, 2, 13], "texture": "#5"},
				"up": {"uv": [0, 12, 2, 13], "texture": "#5"},
				"down": {"uv": [0, 12, 2, 13], "texture": "#5"}
			}
		},
		{
			"name": "sculk_vein1",
			"from": [13, 0, -0.1],
			"to": [15, 3, -0.1],
			"faces": {
				"north": {"uv": [1, 13, 3, 16], "texture": "#5"},
				"east": {"uv": [1, 13, 3, 16], "texture": "#5"},
				"south": {"uv": [1, 13, 3, 16], "texture": "#5"},
				"west": {"uv": [1, 13, 3, 16], "texture": "#5"},
				"up": {"uv": [1, 13, 3, 16], "texture": "#5"},
				"down": {"uv": [1, 13, 3, 16], "texture": "#5"}
			}
		},
		{
			"name": "sculk_vein1",
			"from": [15, 0, -0.1],
			"to": [16, 1, -0.1],
			"faces": {
				"north": {"uv": [0, 15, 1, 16], "texture": "#5"},
				"east": {"uv": [0, 15, 1, 16], "texture": "#5"},
				"south": {"uv": [0, 15, 1, 16], "texture": "#5"},
				"west": {"uv": [0, 15, 1, 16], "texture": "#5"},
				"up": {"uv": [0, 15, 1, 16], "texture": "#5"},
				"down": {"uv": [0, 15, 1, 16], "texture": "#5"}
			}
		},
		{
			"name": "sculk_vein1",
			"from": [12, 0, -0.1],
			"to": [13, 1, -0.1],
			"faces": {
				"north": {"uv": [3, 15, 4, 16], "texture": "#5"},
				"east": {"uv": [3, 15, 4, 16], "texture": "#5"},
				"south": {"uv": [3, 15, 4, 16], "texture": "#5"},
				"west": {"uv": [3, 15, 4, 16], "texture": "#5"},
				"up": {"uv": [3, 15, 4, 16], "texture": "#5"},
				"down": {"uv": [3, 15, 4, 16], "texture": "#5"}
			}
		},
		{
			"name": "sculk_vein1",
			"from": [5, 0, -0.1],
			"to": [8, 1, -0.1],
			"faces": {
				"north": {"uv": [8, 15, 11, 16], "texture": "#5"},
				"east": {"uv": [8, 15, 11, 16], "texture": "#5"},
				"south": {"uv": [8, 15, 11, 16], "texture": "#5"},
				"west": {"uv": [8, 15, 11, 16], "texture": "#5"},
				"up": {"uv": [8, 15, 11, 16], "texture": "#5"},
				"down": {"uv": [8, 15, 11, 16], "texture": "#5"}
			}
		},
		{
			"name": "sculk_vein2",
			"from": [16.1, 15, 12],
			"to": [16.1, 16, 16],
			"rotation": {"angle": 0, "axis": "y", "origin": [8, 0, 8]},
			"faces": {
				"north": {"uv": [0, 0, 4, 1], "texture": "#5"},
				"east": {"uv": [0, 0, 4, 1], "texture": "#5"},
				"south": {"uv": [0, 0, 4, 1], "texture": "#5"},
				"west": {"uv": [0, 0, 4, 1], "texture": "#5"},
				"up": {"uv": [0, 0, 4, 1], "rotation": 90, "texture": "#5"},
				"down": {"uv": [0, 0, 4, 1], "rotation": 270, "texture": "#5"}
			}
		},
		{
			"name": "sculk_vein2",
			"from": [16.1, 15, 5],
			"to": [16.1, 16, 9],
			"rotation": {"angle": 0, "axis": "y", "origin": [8, 0, 8]},
			"faces": {
				"north": {"uv": [7, 0, 11, 1], "texture": "#5"},
				"east": {"uv": [7, 0, 11, 1], "texture": "#5"},
				"south": {"uv": [7, 0, 11, 1], "texture": "#5"},
				"west": {"uv": [7, 0, 11, 1], "texture": "#5"},
				"up": {"uv": [7, 0, 11, 1], "rotation": 90, "texture": "#5"},
				"down": {"uv": [7, 0, 11, 1], "rotation": 270, "texture": "#5"}
			}
		},
		{
			"name": "sculk_vein2",
			"from": [16.1, 15, 1],
			"to": [16.1, 16, 4],
			"rotation": {"angle": 0, "axis": "y", "origin": [8, 0, 8]},
			"faces": {
				"north": {"uv": [12, 0, 15, 1], "texture": "#5"},
				"east": {"uv": [12, 0, 15, 1], "texture": "#5"},
				"south": {"uv": [12, 0, 15, 1], "texture": "#5"},
				"west": {"uv": [12, 0, 15, 1], "texture": "#5"},
				"up": {"uv": [12, 0, 15, 1], "rotation": 90, "texture": "#5"},
				"down": {"uv": [12, 0, 15, 1], "rotation": 270, "texture": "#5"}
			}
		},
		{
			"name": "sculk_vein2",
			"from": [16.1, 13, 0],
			"to": [16.1, 15, 6],
			"rotation": {"angle": 0, "axis": "y", "origin": [8, 0, 8]},
			"faces": {
				"north": {"uv": [10, 1, 16, 3], "texture": "#5"},
				"east": {"uv": [10, 1, 16, 3], "texture": "#5"},
				"south": {"uv": [10, 1, 16, 3], "texture": "#5"},
				"west": {"uv": [10, 1, 16, 3], "texture": "#5"},
				"up": {"uv": [10, 1, 16, 3], "rotation": 90, "texture": "#5"},
				"down": {"uv": [10, 1, 16, 3], "rotation": 270, "texture": "#5"}
			}
		},
		{
			"name": "sculk_vein2",
			"from": [16.1, 14, 7],
			"to": [16.1, 15, 9],
			"rotation": {"angle": 0, "axis": "y", "origin": [8, 0, 8]},
			"faces": {
				"north": {"uv": [7, 1, 9, 2], "texture": "#5"},
				"east": {"uv": [7, 1, 9, 2], "texture": "#5"},
				"south": {"uv": [7, 1, 9, 2], "texture": "#5"},
				"west": {"uv": [7, 1, 9, 2], "texture": "#5"},
				"up": {"uv": [7, 1, 9, 2], "rotation": 90, "texture": "#5"},
				"down": {"uv": [7, 1, 9, 2], "rotation": 270, "texture": "#5"}
			}
		},
		{
			"name": "sculk_vein2",
			"from": [16.1, 12, 11],
			"to": [16.1, 15, 14],
			"rotation": {"angle": 0, "axis": "y", "origin": [8, 0, 8]},
			"faces": {
				"north": {"uv": [2, 1, 5, 4], "texture": "#5"},
				"east": {"uv": [2, 1, 5, 4], "texture": "#5"},
				"south": {"uv": [2, 1, 5, 4], "texture": "#5"},
				"west": {"uv": [2, 1, 5, 4], "texture": "#5"},
				"up": {"uv": [2, 1, 5, 4], "rotation": 90, "texture": "#5"},
				"down": {"uv": [2, 1, 5, 4], "rotation": 270, "texture": "#5"}
			}
		},
		{
			"name": "sculk_vein2",
			"from": [16.1, 12, 15],
			"to": [16.1, 15, 16],
			"rotation": {"angle": 0, "axis": "y", "origin": [8, 0, 8]},
			"faces": {
				"north": {"uv": [0, 1, 1, 4], "texture": "#5"},
				"east": {"uv": [0, 1, 1, 4], "texture": "#5"},
				"south": {"uv": [0, 1, 1, 4], "texture": "#5"},
				"west": {"uv": [0, 1, 1, 4], "texture": "#5"},
				"up": {"uv": [0, 1, 1, 4], "rotation": 90, "texture": "#5"},
				"down": {"uv": [0, 1, 1, 4], "rotation": 270, "texture": "#5"}
			}
		},
		{
			"name": "sculk_vein2",
			"from": [16.1, 7, 14],
			"to": [16.1, 13, 15],
			"rotation": {"angle": 0, "axis": "y", "origin": [8, 0, 8]},
			"faces": {
				"north": {"uv": [1, 3, 2, 9], "texture": "#5"},
				"east": {"uv": [1, 3, 2, 9], "texture": "#5"},
				"south": {"uv": [1, 3, 2, 9], "texture": "#5"},
				"west": {"uv": [1, 3, 2, 9], "texture": "#5"},
				"up": {"uv": [1, 3, 2, 9], "rotation": 90, "texture": "#5"},
				"down": {"uv": [1, 3, 2, 9], "rotation": 270, "texture": "#5"}
			}
		},
		{
			"name": "sculk_vein2",
			"from": [16.1, 11, 8],
			"to": [16.1, 13, 9],
			"rotation": {"angle": 0, "axis": "y", "origin": [8, 0, 8]},
			"faces": {
				"north": {"uv": [7, 3, 8, 5], "texture": "#5"},
				"east": {"uv": [7, 3, 8, 5], "texture": "#5"},
				"south": {"uv": [7, 3, 8, 5], "texture": "#5"},
				"west": {"uv": [7, 3, 8, 5], "texture": "#5"},
				"up": {"uv": [7, 3, 8, 5], "rotation": 90, "texture": "#5"},
				"down": {"uv": [7, 3, 8, 5], "rotation": 270, "texture": "#5"}
			}
		},
		{
			"name": "sculk_vein2",
			"from": [16.1, 12, 7],
			"to": [16.1, 14, 8],
			"rotation": {"angle": 0, "axis": "y", "origin": [8, 0, 8]},
			"faces": {
				"north": {"uv": [8, 2, 9, 4], "texture": "#5"},
				"east": {"uv": [8, 2, 9, 4], "texture": "#5"},
				"south": {"uv": [8, 2, 9, 4], "texture": "#5"},
				"west": {"uv": [8, 2, 9, 4], "texture": "#5"},
				"up": {"uv": [8, 2, 9, 4], "rotation": 90, "texture": "#5"},
				"down": {"uv": [8, 2, 9, 4], "rotation": 270, "texture": "#5"}
			}
		},
		{
			"name": "sculk_vein2",
			"from": [16.1, 12, 1],
			"to": [16.1, 13, 7],
			"rotation": {"angle": 0, "axis": "y", "origin": [8, 0, 8]},
			"faces": {
				"north": {"uv": [9, 3, 15, 4], "texture": "#5"},
				"east": {"uv": [9, 3, 15, 4], "texture": "#5"},
				"south": {"uv": [9, 3, 15, 4], "texture": "#5"},
				"west": {"uv": [9, 3, 15, 4], "texture": "#5"},
				"up": {"uv": [9, 3, 15, 4], "rotation": 90, "texture": "#5"},
				"down": {"uv": [9, 3, 15, 4], "rotation": 270, "texture": "#5"}
			}
		},
		{
			"name": "sculk_vein2",
			"from": [16.1, 11, 11],
			"to": [16.1, 12, 12],
			"rotation": {"angle": 0, "axis": "y", "origin": [8, 0, 8]},
			"faces": {
				"north": {"uv": [4, 4, 5, 5], "texture": "#5"},
				"east": {"uv": [4, 4, 5, 5], "texture": "#5"},
				"south": {"uv": [4, 4, 5, 5], "texture": "#5"},
				"west": {"uv": [4, 4, 5, 5], "texture": "#5"},
				"up": {"uv": [4, 4, 5, 5], "rotation": 90, "texture": "#5"},
				"down": {"uv": [4, 4, 5, 5], "rotation": 270, "texture": "#5"}
			}
		},
		{
			"name": "sculk_vein2",
			"from": [16.1, 11, 6],
			"to": [16.1, 12, 7],
			"rotation": {"angle": 0, "axis": "y", "origin": [8, 0, 8]},
			"faces": {
				"north": {"uv": [9, 4, 10, 5], "texture": "#5"},
				"east": {"uv": [9, 4, 10, 5], "texture": "#5"},
				"south": {"uv": [9, 4, 10, 5], "texture": "#5"},
				"west": {"uv": [9, 4, 10, 5], "texture": "#5"},
				"up": {"uv": [9, 4, 10, 5], "rotation": 90, "texture": "#5"},
				"down": {"uv": [9, 4, 10, 5], "rotation": 270, "texture": "#5"}
			}
		},
		{
			"name": "sculk_vein2",
			"from": [16.1, 11, 3],
			"to": [16.1, 12, 5],
			"rotation": {"angle": 0, "axis": "y", "origin": [8, 0, 8]},
			"faces": {
				"north": {"uv": [11, 4, 13, 5], "texture": "#5"},
				"east": {"uv": [11, 4, 13, 5], "texture": "#5"},
				"south": {"uv": [11, 4, 13, 5], "texture": "#5"},
				"west": {"uv": [11, 4, 13, 5], "texture": "#5"},
				"up": {"uv": [11, 4, 13, 5], "rotation": 90, "texture": "#5"},
				"down": {"uv": [11, 4, 13, 5], "rotation": 270, "texture": "#5"}
			}
		},
		{
			"name": "sculk_vein2",
			"from": [16.1, 10, 1],
			"to": [16.1, 12, 2],
			"rotation": {"angle": 0, "axis": "y", "origin": [8, 0, 8]},
			"faces": {
				"north": {"uv": [14, 4, 15, 6], "texture": "#5"},
				"east": {"uv": [14, 4, 15, 6], "texture": "#5"},
				"south": {"uv": [14, 4, 15, 6], "texture": "#5"},
				"west": {"uv": [14, 4, 15, 6], "texture": "#5"},
				"up": {"uv": [14, 4, 15, 6], "rotation": 90, "texture": "#5"},
				"down": {"uv": [14, 4, 15, 6], "rotation": 270, "texture": "#5"}
			}
		},
		{
			"name": "sculk_vein2",
			"from": [16.1, 9, 5],
			"to": [16.1, 11, 8],
			"rotation": {"angle": 0, "axis": "y", "origin": [8, 0, 8]},
			"faces": {
				"north": {"uv": [8, 5, 11, 7], "texture": "#5"},
				"east": {"uv": [8, 5, 11, 7], "texture": "#5"},
				"south": {"uv": [8, 5, 11, 7], "texture": "#5"},
				"west": {"uv": [8, 5, 11, 7], "texture": "#5"},
				"up": {"uv": [8, 5, 11, 7], "rotation": 90, "texture": "#5"},
				"down": {"uv": [8, 5, 11, 7], "rotation": 270, "texture": "#5"}
			}
		},
		{
			"name": "sculk_vein2",
			"from": [16.1, 10, 9],
			"to": [16.1, 11, 11],
			"rotation": {"angle": 0, "axis": "y", "origin": [8, 0, 8]},
			"faces": {
				"north": {"uv": [5, 5, 7, 6], "texture": "#5"},
				"east": {"uv": [5, 5, 7, 6], "texture": "#5"},
				"south": {"uv": [5, 5, 7, 6], "texture": "#5"},
				"west": {"uv": [5, 5, 7, 6], "texture": "#5"},
				"up": {"uv": [5, 5, 7, 6], "rotation": 90, "texture": "#5"},
				"down": {"uv": [5, 5, 7, 6], "rotation": 270, "texture": "#5"}
			}
		},
		{
			"name": "sculk_vein2",
			"from": [16.1, 9, 15],
			"to": [16.1, 10, 16],
			"rotation": {"angle": 0, "axis": "y", "origin": [8, 0, 8]},
			"faces": {
				"north": {"uv": [0, 6, 1, 7], "texture": "#5"},
				"east": {"uv": [0, 6, 1, 7], "texture": "#5"},
				"south": {"uv": [0, 6, 1, 7], "texture": "#5"},
				"west": {"uv": [0, 6, 1, 7], "texture": "#5"},
				"up": {"uv": [0, 6, 1, 7], "rotation": 90, "texture": "#5"},
				"down": {"uv": [0, 6, 1, 7], "rotation": 270, "texture": "#5"}
			}
		},
		{
			"name": "sculk_vein2",
			"from": [16.1, 6, 13],
			"to": [16.1, 10, 14],
			"rotation": {"angle": 0, "axis": "y", "origin": [8, 0, 8]},
			"faces": {
				"north": {"uv": [2, 6, 3, 10], "texture": "#5"},
				"east": {"uv": [2, 6, 3, 10], "texture": "#5"},
				"south": {"uv": [2, 6, 3, 10], "texture": "#5"},
				"west": {"uv": [2, 6, 3, 10], "texture": "#5"},
				"up": {"uv": [2, 6, 3, 10], "rotation": 90, "texture": "#5"},
				"down": {"uv": [2, 6, 3, 10], "rotation": 270, "texture": "#5"}
			}
		},
		{
			"name": "sculk_vein2",
			"from": [16.1, 7, 12],
			"to": [16.1, 8, 13],
			"rotation": {"angle": 0, "axis": "y", "origin": [8, 0, 8]},
			"faces": {
				"north": {"uv": [3, 8, 4, 9], "texture": "#5"},
				"east": {"uv": [3, 8, 4, 9], "texture": "#5"},
				"south": {"uv": [3, 8, 4, 9], "texture": "#5"},
				"west": {"uv": [3, 8, 4, 9], "texture": "#5"},
				"up": {"uv": [3, 8, 4, 9], "rotation": 90, "texture": "#5"},
				"down": {"uv": [3, 8, 4, 9], "rotation": 270, "texture": "#5"}
			}
		},
		{
			"name": "sculk_vein2",
			"from": [16.1, 8, 6],
			"to": [16.1, 9, 7],
			"rotation": {"angle": 0, "axis": "y", "origin": [8, 0, 8]},
			"faces": {
				"north": {"uv": [9, 7, 10, 8], "texture": "#5"},
				"east": {"uv": [9, 7, 10, 8], "texture": "#5"},
				"south": {"uv": [9, 7, 10, 8], "texture": "#5"},
				"west": {"uv": [9, 7, 10, 8], "texture": "#5"},
				"up": {"uv": [9, 7, 10, 8], "rotation": 90, "texture": "#5"},
				"down": {"uv": [9, 7, 10, 8], "rotation": 270, "texture": "#5"}
			}
		},
		{
			"name": "sculk_vein2",
			"from": [16.1, 9, 0],
			"to": [16.1, 11, 1],
			"rotation": {"angle": 0, "axis": "y", "origin": [8, 0, 8]},
			"faces": {
				"north": {"uv": [15, 5, 16, 7], "texture": "#5"},
				"east": {"uv": [15, 5, 16, 7], "texture": "#5"},
				"south": {"uv": [15, 5, 16, 7], "texture": "#5"},
				"west": {"uv": [15, 5, 16, 7], "texture": "#5"},
				"up": {"uv": [15, 5, 16, 7], "rotation": 90, "texture": "#5"},
				"down": {"uv": [15, 5, 16, 7], "rotation": 270, "texture": "#5"}
			}
		},
		{
			"name": "sculk_vein2",
			"from": [16.1, 2, 0],
			"to": [16.1, 4, 1],
			"rotation": {"angle": 0, "axis": "y", "origin": [8, 0, 8]},
			"faces": {
				"north": {"uv": [15, 12, 16, 14], "texture": "#5"},
				"east": {"uv": [15, 12, 16, 14], "texture": "#5"},
				"south": {"uv": [15, 12, 16, 14], "texture": "#5"},
				"west": {"uv": [15, 12, 16, 14], "texture": "#5"},
				"up": {"uv": [15, 12, 16, 14], "rotation": 90, "texture": "#5"},
				"down": {"uv": [15, 12, 16, 14], "rotation": 270, "texture": "#5"}
			}
		},
		{
			"name": "sculk_vein2",
			"from": [16.1, 0, 1],
			"to": [16.1, 3, 2],
			"rotation": {"angle": 0, "axis": "y", "origin": [8, 0, 8]},
			"faces": {
				"north": {"uv": [14, 13, 15, 16], "texture": "#5"},
				"east": {"uv": [14, 13, 15, 16], "texture": "#5"},
				"south": {"uv": [14, 13, 15, 16], "texture": "#5"},
				"west": {"uv": [14, 13, 15, 16], "texture": "#5"},
				"up": {"uv": [14, 13, 15, 16], "rotation": 90, "texture": "#5"},
				"down": {"uv": [14, 13, 15, 16], "rotation": 270, "texture": "#5"}
			}
		},
		{
			"name": "sculk_vein2",
			"from": [16.1, 0, 2],
			"to": [16.1, 1, 3],
			"rotation": {"angle": 0, "axis": "y", "origin": [8, 0, 8]},
			"faces": {
				"north": {"uv": [13, 15, 14, 16], "texture": "#5"},
				"east": {"uv": [13, 15, 14, 16], "texture": "#5"},
				"south": {"uv": [13, 15, 14, 16], "texture": "#5"},
				"west": {"uv": [13, 15, 14, 16], "texture": "#5"},
				"up": {"uv": [13, 15, 14, 16], "rotation": 90, "texture": "#5"},
				"down": {"uv": [13, 15, 14, 16], "rotation": 270, "texture": "#5"}
			}
		},
		{
			"name": "sculk_vein2",
			"from": [16.1, 1, 6],
			"to": [16.1, 2, 7],
			"rotation": {"angle": 0, "axis": "y", "origin": [8, 0, 8]},
			"faces": {
				"north": {"uv": [9, 14, 10, 15], "texture": "#5"},
				"east": {"uv": [9, 14, 10, 15], "texture": "#5"},
				"south": {"uv": [9, 14, 10, 15], "texture": "#5"},
				"west": {"uv": [9, 14, 10, 15], "texture": "#5"},
				"up": {"uv": [9, 14, 10, 15], "rotation": 90, "texture": "#5"},
				"down": {"uv": [9, 14, 10, 15], "rotation": 270, "texture": "#5"}
			}
		},
		{
			"name": "sculk_vein2",
			"from": [16.1, 3, 14],
			"to": [16.1, 4, 16],
			"rotation": {"angle": 0, "axis": "y", "origin": [8, 0, 8]},
			"faces": {
				"north": {"uv": [0, 12, 2, 13], "texture": "#5"},
				"east": {"uv": [0, 12, 2, 13], "texture": "#5"},
				"south": {"uv": [0, 12, 2, 13], "texture": "#5"},
				"west": {"uv": [0, 12, 2, 13], "texture": "#5"},
				"up": {"uv": [0, 12, 2, 13], "rotation": 90, "texture": "#5"},
				"down": {"uv": [0, 12, 2, 13], "rotation": 270, "texture": "#5"}
			}
		},
		{
			"name": "sculk_vein2",
			"from": [16.1, 0, 13],
			"to": [16.1, 3, 15],
			"rotation": {"angle": 0, "axis": "y", "origin": [8, 0, 8]},
			"faces": {
				"north": {"uv": [1, 13, 3, 16], "texture": "#5"},
				"east": {"uv": [1, 13, 3, 16], "texture": "#5"},
				"south": {"uv": [1, 13, 3, 16], "texture": "#5"},
				"west": {"uv": [1, 13, 3, 16], "texture": "#5"},
				"up": {"uv": [1, 13, 3, 16], "rotation": 90, "texture": "#5"},
				"down": {"uv": [1, 13, 3, 16], "rotation": 270, "texture": "#5"}
			}
		},
		{
			"name": "sculk_vein2",
			"from": [16.1, 0, 15],
			"to": [16.1, 1, 16],
			"rotation": {"angle": 0, "axis": "y", "origin": [8, 0, 8]},
			"faces": {
				"north": {"uv": [0, 15, 1, 16], "texture": "#5"},
				"east": {"uv": [0, 15, 1, 16], "texture": "#5"},
				"south": {"uv": [0, 15, 1, 16], "texture": "#5"},
				"west": {"uv": [0, 15, 1, 16], "texture": "#5"},
				"up": {"uv": [0, 15, 1, 16], "rotation": 90, "texture": "#5"},
				"down": {"uv": [0, 15, 1, 16], "rotation": 270, "texture": "#5"}
			}
		},
		{
			"name": "sculk_vein2",
			"from": [16.1, 0, 12],
			"to": [16.1, 1, 13],
			"rotation": {"angle": 0, "axis": "y", "origin": [8, 0, 8]},
			"faces": {
				"north": {"uv": [3, 15, 4, 16], "texture": "#5"},
				"east": {"uv": [3, 15, 4, 16], "texture": "#5"},
				"south": {"uv": [3, 15, 4, 16], "texture": "#5"},
				"west": {"uv": [3, 15, 4, 16], "texture": "#5"},
				"up": {"uv": [3, 15, 4, 16], "rotation": 90, "texture": "#5"},
				"down": {"uv": [3, 15, 4, 16], "rotation": 270, "texture": "#5"}
			}
		},
		{
			"name": "sculk_vein2",
			"from": [16.1, 0, 5],
			"to": [16.1, 1, 8],
			"rotation": {"angle": 0, "axis": "y", "origin": [8, 0, 8]},
			"faces": {
				"north": {"uv": [8, 15, 11, 16], "texture": "#5"},
				"east": {"uv": [8, 15, 11, 16], "texture": "#5"},
				"south": {"uv": [8, 15, 11, 16], "texture": "#5"},
				"west": {"uv": [8, 15, 11, 16], "texture": "#5"},
				"up": {"uv": [8, 15, 11, 16], "rotation": 90, "texture": "#5"},
				"down": {"uv": [8, 15, 11, 16], "rotation": 270, "texture": "#5"}
			}
		},
		{
			"name": "sculk_vein3",
			"from": [0, 15, 16.1],
			"to": [4, 16, 16.1],
			"rotation": {"angle": 0, "axis": "y", "origin": [8, 0, 8]},
			"faces": {
				"north": {"uv": [0, 0, 4, 1], "texture": "#5"},
				"east": {"uv": [0, 0, 4, 1], "texture": "#5"},
				"south": {"uv": [0, 0, 4, 1], "texture": "#5"},
				"west": {"uv": [0, 0, 4, 1], "texture": "#5"},
				"up": {"uv": [0, 0, 4, 1], "rotation": 180, "texture": "#5"},
				"down": {"uv": [0, 0, 4, 1], "rotation": 180, "texture": "#5"}
			}
		},
		{
			"name": "sculk_vein3",
			"from": [7, 15, 16.1],
			"to": [11, 16, 16.1],
			"rotation": {"angle": 0, "axis": "y", "origin": [8, 0, 8]},
			"faces": {
				"north": {"uv": [7, 0, 11, 1], "texture": "#5"},
				"east": {"uv": [7, 0, 11, 1], "texture": "#5"},
				"south": {"uv": [7, 0, 11, 1], "texture": "#5"},
				"west": {"uv": [7, 0, 11, 1], "texture": "#5"},
				"up": {"uv": [7, 0, 11, 1], "rotation": 180, "texture": "#5"},
				"down": {"uv": [7, 0, 11, 1], "rotation": 180, "texture": "#5"}
			}
		},
		{
			"name": "sculk_vein3",
			"from": [12, 15, 16.1],
			"to": [15, 16, 16.1],
			"rotation": {"angle": 0, "axis": "y", "origin": [8, 0, 8]},
			"faces": {
				"north": {"uv": [12, 0, 15, 1], "texture": "#5"},
				"east": {"uv": [12, 0, 15, 1], "texture": "#5"},
				"south": {"uv": [12, 0, 15, 1], "texture": "#5"},
				"west": {"uv": [12, 0, 15, 1], "texture": "#5"},
				"up": {"uv": [12, 0, 15, 1], "rotation": 180, "texture": "#5"},
				"down": {"uv": [12, 0, 15, 1], "rotation": 180, "texture": "#5"}
			}
		},
		{
			"name": "sculk_vein3",
			"from": [10, 13, 16.1],
			"to": [16, 15, 16.1],
			"rotation": {"angle": 0, "axis": "y", "origin": [8, 0, 8]},
			"faces": {
				"north": {"uv": [10, 1, 16, 3], "texture": "#5"},
				"east": {"uv": [10, 1, 16, 3], "texture": "#5"},
				"south": {"uv": [10, 1, 16, 3], "texture": "#5"},
				"west": {"uv": [10, 1, 16, 3], "texture": "#5"},
				"up": {"uv": [10, 1, 16, 3], "rotation": 180, "texture": "#5"},
				"down": {"uv": [10, 1, 16, 3], "rotation": 180, "texture": "#5"}
			}
		},
		{
			"name": "sculk_vein3",
			"from": [7, 14, 16.1],
			"to": [9, 15, 16.1],
			"rotation": {"angle": 0, "axis": "y", "origin": [8, 0, 8]},
			"faces": {
				"north": {"uv": [7, 1, 9, 2], "texture": "#5"},
				"east": {"uv": [7, 1, 9, 2], "texture": "#5"},
				"south": {"uv": [7, 1, 9, 2], "texture": "#5"},
				"west": {"uv": [7, 1, 9, 2], "texture": "#5"},
				"up": {"uv": [7, 1, 9, 2], "rotation": 180, "texture": "#5"},
				"down": {"uv": [7, 1, 9, 2], "rotation": 180, "texture": "#5"}
			}
		},
		{
			"name": "sculk_vein3",
			"from": [2, 12, 16.1],
			"to": [5, 15, 16.1],
			"rotation": {"angle": 0, "axis": "y", "origin": [8, 0, 8]},
			"faces": {
				"north": {"uv": [2, 1, 5, 4], "texture": "#5"},
				"east": {"uv": [2, 1, 5, 4], "texture": "#5"},
				"south": {"uv": [2, 1, 5, 4], "texture": "#5"},
				"west": {"uv": [2, 1, 5, 4], "texture": "#5"},
				"up": {"uv": [2, 1, 5, 4], "rotation": 180, "texture": "#5"},
				"down": {"uv": [2, 1, 5, 4], "rotation": 180, "texture": "#5"}
			}
		},
		{
			"name": "sculk_vein3",
			"from": [0, 12, 16.1],
			"to": [1, 15, 16.1],
			"rotation": {"angle": 0, "axis": "y", "origin": [8, 0, 8]},
			"faces": {
				"north": {"uv": [0, 1, 1, 4], "texture": "#5"},
				"east": {"uv": [0, 1, 1, 4], "texture": "#5"},
				"south": {"uv": [0, 1, 1, 4], "texture": "#5"},
				"west": {"uv": [0, 1, 1, 4], "texture": "#5"},
				"up": {"uv": [0, 1, 1, 4], "rotation": 180, "texture": "#5"},
				"down": {"uv": [0, 1, 1, 4], "rotation": 180, "texture": "#5"}
			}
		},
		{
			"name": "sculk_vein3",
			"from": [1, 7, 16.1],
			"to": [2, 13, 16.1],
			"rotation": {"angle": 0, "axis": "y", "origin": [8, 0, 8]},
			"faces": {
				"north": {"uv": [1, 3, 2, 9], "texture": "#5"},
				"east": {"uv": [1, 3, 2, 9], "texture": "#5"},
				"south": {"uv": [1, 3, 2, 9], "texture": "#5"},
				"west": {"uv": [1, 3, 2, 9], "texture": "#5"},
				"up": {"uv": [1, 3, 2, 9], "rotation": 180, "texture": "#5"},
				"down": {"uv": [1, 3, 2, 9], "rotation": 180, "texture": "#5"}
			}
		},
		{
			"name": "sculk_vein3",
			"from": [7, 11, 16.1],
			"to": [8, 13, 16.1],
			"rotation": {"angle": 0, "axis": "y", "origin": [8, 0, 8]},
			"faces": {
				"north": {"uv": [7, 3, 8, 5], "texture": "#5"},
				"east": {"uv": [7, 3, 8, 5], "texture": "#5"},
				"south": {"uv": [7, 3, 8, 5], "texture": "#5"},
				"west": {"uv": [7, 3, 8, 5], "texture": "#5"},
				"up": {"uv": [7, 3, 8, 5], "rotation": 180, "texture": "#5"},
				"down": {"uv": [7, 3, 8, 5], "rotation": 180, "texture": "#5"}
			}
		},
		{
			"name": "sculk_vein3",
			"from": [8, 12, 16.1],
			"to": [9, 14, 16.1],
			"rotation": {"angle": 0, "axis": "y", "origin": [8, 0, 8]},
			"faces": {
				"north": {"uv": [8, 2, 9, 4], "texture": "#5"},
				"east": {"uv": [8, 2, 9, 4], "texture": "#5"},
				"south": {"uv": [8, 2, 9, 4], "texture": "#5"},
				"west": {"uv": [8, 2, 9, 4], "texture": "#5"},
				"up": {"uv": [8, 2, 9, 4], "rotation": 180, "texture": "#5"},
				"down": {"uv": [8, 2, 9, 4], "rotation": 180, "texture": "#5"}
			}
		},
		{
			"name": "sculk_vein3",
			"from": [9, 12, 16.1],
			"to": [15, 13, 16.1],
			"rotation": {"angle": 0, "axis": "y", "origin": [8, 0, 8]},
			"faces": {
				"north": {"uv": [9, 3, 15, 4], "texture": "#5"},
				"east": {"uv": [9, 3, 15, 4], "texture": "#5"},
				"south": {"uv": [9, 3, 15, 4], "texture": "#5"},
				"west": {"uv": [9, 3, 15, 4], "texture": "#5"},
				"up": {"uv": [9, 3, 15, 4], "rotation": 180, "texture": "#5"},
				"down": {"uv": [9, 3, 15, 4], "rotation": 180, "texture": "#5"}
			}
		},
		{
			"name": "sculk_vein3",
			"from": [4, 11, 16.1],
			"to": [5, 12, 16.1],
			"rotation": {"angle": 0, "axis": "y", "origin": [8, 0, 8]},
			"faces": {
				"north": {"uv": [4, 4, 5, 5], "texture": "#5"},
				"east": {"uv": [4, 4, 5, 5], "texture": "#5"},
				"south": {"uv": [4, 4, 5, 5], "texture": "#5"},
				"west": {"uv": [4, 4, 5, 5], "texture": "#5"},
				"up": {"uv": [4, 4, 5, 5], "rotation": 180, "texture": "#5"},
				"down": {"uv": [4, 4, 5, 5], "rotation": 180, "texture": "#5"}
			}
		},
		{
			"name": "sculk_vein3",
			"from": [9, 11, 16.1],
			"to": [10, 12, 16.1],
			"rotation": {"angle": 0, "axis": "y", "origin": [8, 0, 8]},
			"faces": {
				"north": {"uv": [9, 4, 10, 5], "texture": "#5"},
				"east": {"uv": [9, 4, 10, 5], "texture": "#5"},
				"south": {"uv": [9, 4, 10, 5], "texture": "#5"},
				"west": {"uv": [9, 4, 10, 5], "texture": "#5"},
				"up": {"uv": [9, 4, 10, 5], "rotation": 180, "texture": "#5"},
				"down": {"uv": [9, 4, 10, 5], "rotation": 180, "texture": "#5"}
			}
		},
		{
			"name": "sculk_vein3",
			"from": [11, 11, 16.1],
			"to": [13, 12, 16.1],
			"rotation": {"angle": 0, "axis": "y", "origin": [8, 0, 8]},
			"faces": {
				"north": {"uv": [11, 4, 13, 5], "texture": "#5"},
				"east": {"uv": [11, 4, 13, 5], "texture": "#5"},
				"south": {"uv": [11, 4, 13, 5], "texture": "#5"},
				"west": {"uv": [11, 4, 13, 5], "texture": "#5"},
				"up": {"uv": [11, 4, 13, 5], "rotation": 180, "texture": "#5"},
				"down": {"uv": [11, 4, 13, 5], "rotation": 180, "texture": "#5"}
			}
		},
		{
			"name": "sculk_vein3",
			"from": [14, 10, 16.1],
			"to": [15, 12, 16.1],
			"rotation": {"angle": 0, "axis": "y", "origin": [8, 0, 8]},
			"faces": {
				"north": {"uv": [14, 4, 15, 6], "texture": "#5"},
				"east": {"uv": [14, 4, 15, 6], "texture": "#5"},
				"south": {"uv": [14, 4, 15, 6], "texture": "#5"},
				"west": {"uv": [14, 4, 15, 6], "texture": "#5"},
				"up": {"uv": [14, 4, 15, 6], "rotation": 180, "texture": "#5"},
				"down": {"uv": [14, 4, 15, 6], "rotation": 180, "texture": "#5"}
			}
		},
		{
			"name": "sculk_vein3",
			"from": [8, 9, 16.1],
			"to": [11, 11, 16.1],
			"rotation": {"angle": 0, "axis": "y", "origin": [8, 0, 8]},
			"faces": {
				"north": {"uv": [8, 5, 11, 7], "texture": "#5"},
				"east": {"uv": [8, 5, 11, 7], "texture": "#5"},
				"south": {"uv": [8, 5, 11, 7], "texture": "#5"},
				"west": {"uv": [8, 5, 11, 7], "texture": "#5"},
				"up": {"uv": [8, 5, 11, 7], "rotation": 180, "texture": "#5"},
				"down": {"uv": [8, 5, 11, 7], "rotation": 180, "texture": "#5"}
			}
		},
		{
			"name": "sculk_vein3",
			"from": [5, 10, 16.1],
			"to": [7, 11, 16.1],
			"rotation": {"angle": 0, "axis": "y", "origin": [8, 0, 8]},
			"faces": {
				"north": {"uv": [5, 5, 7, 6], "texture": "#5"},
				"east": {"uv": [5, 5, 7, 6], "texture": "#5"},
				"south": {"uv": [5, 5, 7, 6], "texture": "#5"},
				"west": {"uv": [5, 5, 7, 6], "texture": "#5"},
				"up": {"uv": [5, 5, 7, 6], "rotation": 180, "texture": "#5"},
				"down": {"uv": [5, 5, 7, 6], "rotation": 180, "texture": "#5"}
			}
		},
		{
			"name": "sculk_vein3",
			"from": [0, 9, 16.1],
			"to": [1, 10, 16.1],
			"rotation": {"angle": 0, "axis": "y", "origin": [8, 0, 8]},
			"faces": {
				"north": {"uv": [0, 6, 1, 7], "texture": "#5"},
				"east": {"uv": [0, 6, 1, 7], "texture": "#5"},
				"south": {"uv": [0, 6, 1, 7], "texture": "#5"},
				"west": {"uv": [0, 6, 1, 7], "texture": "#5"},
				"up": {"uv": [0, 6, 1, 7], "rotation": 180, "texture": "#5"},
				"down": {"uv": [0, 6, 1, 7], "rotation": 180, "texture": "#5"}
			}
		},
		{
			"name": "sculk_vein3",
			"from": [2, 6, 16.1],
			"to": [3, 10, 16.1],
			"rotation": {"angle": 0, "axis": "y", "origin": [8, 0, 8]},
			"faces": {
				"north": {"uv": [2, 6, 3, 10], "texture": "#5"},
				"east": {"uv": [2, 6, 3, 10], "texture": "#5"},
				"south": {"uv": [2, 6, 3, 10], "texture": "#5"},
				"west": {"uv": [2, 6, 3, 10], "texture": "#5"},
				"up": {"uv": [2, 6, 3, 10], "rotation": 180, "texture": "#5"},
				"down": {"uv": [2, 6, 3, 10], "rotation": 180, "texture": "#5"}
			}
		},
		{
			"name": "sculk_vein3",
			"from": [3, 7, 16.1],
			"to": [4, 8, 16.1],
			"rotation": {"angle": 0, "axis": "y", "origin": [8, 0, 8]},
			"faces": {
				"north": {"uv": [3, 8, 4, 9], "texture": "#5"},
				"east": {"uv": [3, 8, 4, 9], "texture": "#5"},
				"south": {"uv": [3, 8, 4, 9], "texture": "#5"},
				"west": {"uv": [3, 8, 4, 9], "texture": "#5"},
				"up": {"uv": [3, 8, 4, 9], "rotation": 180, "texture": "#5"},
				"down": {"uv": [3, 8, 4, 9], "rotation": 180, "texture": "#5"}
			}
		},
		{
			"name": "sculk_vein3",
			"from": [9, 8, 16.1],
			"to": [10, 9, 16.1],
			"rotation": {"angle": 0, "axis": "y", "origin": [8, 0, 8]},
			"faces": {
				"north": {"uv": [9, 7, 10, 8], "texture": "#5"},
				"east": {"uv": [9, 7, 10, 8], "texture": "#5"},
				"south": {"uv": [9, 7, 10, 8], "texture": "#5"},
				"west": {"uv": [9, 7, 10, 8], "texture": "#5"},
				"up": {"uv": [9, 7, 10, 8], "rotation": 180, "texture": "#5"},
				"down": {"uv": [9, 7, 10, 8], "rotation": 180, "texture": "#5"}
			}
		},
		{
			"name": "sculk_vein3",
			"from": [15, 9, 16.1],
			"to": [16, 11, 16.1],
			"rotation": {"angle": 0, "axis": "y", "origin": [8, 0, 8]},
			"faces": {
				"north": {"uv": [15, 5, 16, 7], "texture": "#5"},
				"east": {"uv": [15, 5, 16, 7], "texture": "#5"},
				"south": {"uv": [15, 5, 16, 7], "texture": "#5"},
				"west": {"uv": [15, 5, 16, 7], "texture": "#5"},
				"up": {"uv": [15, 5, 16, 7], "rotation": 180, "texture": "#5"},
				"down": {"uv": [15, 5, 16, 7], "rotation": 180, "texture": "#5"}
			}
		},
		{
			"name": "sculk_vein3",
			"from": [15, 2, 16.1],
			"to": [16, 4, 16.1],
			"rotation": {"angle": 0, "axis": "y", "origin": [8, 0, 8]},
			"faces": {
				"north": {"uv": [15, 12, 16, 14], "texture": "#5"},
				"east": {"uv": [15, 12, 16, 14], "texture": "#5"},
				"south": {"uv": [15, 12, 16, 14], "texture": "#5"},
				"west": {"uv": [15, 12, 16, 14], "texture": "#5"},
				"up": {"uv": [15, 12, 16, 14], "rotation": 180, "texture": "#5"},
				"down": {"uv": [15, 12, 16, 14], "rotation": 180, "texture": "#5"}
			}
		},
		{
			"name": "sculk_vein3",
			"from": [14, 0, 16.1],
			"to": [15, 3, 16.1],
			"rotation": {"angle": 0, "axis": "y", "origin": [8, 0, 8]},
			"faces": {
				"north": {"uv": [14, 13, 15, 16], "texture": "#5"},
				"east": {"uv": [14, 13, 15, 16], "texture": "#5"},
				"south": {"uv": [14, 13, 15, 16], "texture": "#5"},
				"west": {"uv": [14, 13, 15, 16], "texture": "#5"},
				"up": {"uv": [14, 13, 15, 16], "rotation": 180, "texture": "#5"},
				"down": {"uv": [14, 13, 15, 16], "rotation": 180, "texture": "#5"}
			}
		},
		{
			"name": "sculk_vein3",
			"from": [13, 0, 16.1],
			"to": [14, 1, 16.1],
			"rotation": {"angle": 0, "axis": "y", "origin": [8, 0, 8]},
			"faces": {
				"north": {"uv": [13, 15, 14, 16], "texture": "#5"},
				"east": {"uv": [13, 15, 14, 16], "texture": "#5"},
				"south": {"uv": [13, 15, 14, 16], "texture": "#5"},
				"west": {"uv": [13, 15, 14, 16], "texture": "#5"},
				"up": {"uv": [13, 15, 14, 16], "rotation": 180, "texture": "#5"},
				"down": {"uv": [13, 15, 14, 16], "rotation": 180, "texture": "#5"}
			}
		},
		{
			"name": "sculk_vein3",
			"from": [9, 1, 16.1],
			"to": [10, 2, 16.1],
			"rotation": {"angle": 0, "axis": "y", "origin": [8, 0, 8]},
			"faces": {
				"north": {"uv": [9, 14, 10, 15], "texture": "#5"},
				"east": {"uv": [9, 14, 10, 15], "texture": "#5"},
				"south": {"uv": [9, 14, 10, 15], "texture": "#5"},
				"west": {"uv": [9, 14, 10, 15], "texture": "#5"},
				"up": {"uv": [9, 14, 10, 15], "rotation": 180, "texture": "#5"},
				"down": {"uv": [9, 14, 10, 15], "rotation": 180, "texture": "#5"}
			}
		},
		{
			"name": "sculk_vein3",
			"from": [0, 3, 16.1],
			"to": [2, 4, 16.1],
			"rotation": {"angle": 0, "axis": "y", "origin": [8, 0, 8]},
			"faces": {
				"north": {"uv": [0, 12, 2, 13], "texture": "#5"},
				"east": {"uv": [0, 12, 2, 13], "texture": "#5"},
				"south": {"uv": [0, 12, 2, 13], "texture": "#5"},
				"west": {"uv": [0, 12, 2, 13], "texture": "#5"},
				"up": {"uv": [0, 12, 2, 13], "rotation": 180, "texture": "#5"},
				"down": {"uv": [0, 12, 2, 13], "rotation": 180, "texture": "#5"}
			}
		},
		{
			"name": "sculk_vein3",
			"from": [1, 0, 16.1],
			"to": [3, 3, 16.1],
			"rotation": {"angle": 0, "axis": "y", "origin": [8, 0, 8]},
			"faces": {
				"north": {"uv": [1, 13, 3, 16], "texture": "#5"},
				"east": {"uv": [1, 13, 3, 16], "texture": "#5"},
				"south": {"uv": [1, 13, 3, 16], "texture": "#5"},
				"west": {"uv": [1, 13, 3, 16], "texture": "#5"},
				"up": {"uv": [1, 13, 3, 16], "rotation": 180, "texture": "#5"},
				"down": {"uv": [1, 13, 3, 16], "rotation": 180, "texture": "#5"}
			}
		},
		{
			"name": "sculk_vein3",
			"from": [0, 0, 16.1],
			"to": [1, 1, 16.1],
			"rotation": {"angle": 0, "axis": "y", "origin": [8, 0, 8]},
			"faces": {
				"north": {"uv": [0, 15, 1, 16], "texture": "#5"},
				"east": {"uv": [0, 15, 1, 16], "texture": "#5"},
				"south": {"uv": [0, 15, 1, 16], "texture": "#5"},
				"west": {"uv": [0, 15, 1, 16], "texture": "#5"},
				"up": {"uv": [0, 15, 1, 16], "rotation": 180, "texture": "#5"},
				"down": {"uv": [0, 15, 1, 16], "rotation": 180, "texture": "#5"}
			}
		},
		{
			"name": "sculk_vein3",
			"from": [3, 0, 16.1],
			"to": [4, 1, 16.1],
			"rotation": {"angle": 0, "axis": "y", "origin": [8, 0, 8]},
			"faces": {
				"north": {"uv": [3, 15, 4, 16], "texture": "#5"},
				"east": {"uv": [3, 15, 4, 16], "texture": "#5"},
				"south": {"uv": [3, 15, 4, 16], "texture": "#5"},
				"west": {"uv": [3, 15, 4, 16], "texture": "#5"},
				"up": {"uv": [3, 15, 4, 16], "rotation": 180, "texture": "#5"},
				"down": {"uv": [3, 15, 4, 16], "rotation": 180, "texture": "#5"}
			}
		},
		{
			"name": "sculk_vein3",
			"from": [8, 0, 16.1],
			"to": [11, 1, 16.1],
			"rotation": {"angle": 0, "axis": "y", "origin": [8, 0, 8]},
			"faces": {
				"north": {"uv": [8, 15, 11, 16], "texture": "#5"},
				"east": {"uv": [8, 15, 11, 16], "texture": "#5"},
				"south": {"uv": [8, 15, 11, 16], "texture": "#5"},
				"west": {"uv": [8, 15, 11, 16], "texture": "#5"},
				"up": {"uv": [8, 15, 11, 16], "rotation": 180, "texture": "#5"},
				"down": {"uv": [8, 15, 11, 16], "rotation": 180, "texture": "#5"}
			}
		},
		{
			"name": "sculk_vein4",
			"from": [-0.1, 15, 0],
			"to": [-0.1, 16, 4],
			"rotation": {"angle": 0, "axis": "y", "origin": [8, 0, 8]},
			"faces": {
				"north": {"uv": [0, 0, 4, 1], "texture": "#5"},
				"east": {"uv": [0, 0, 4, 1], "texture": "#5"},
				"south": {"uv": [0, 0, 4, 1], "texture": "#5"},
				"west": {"uv": [0, 0, 4, 1], "texture": "#5"},
				"up": {"uv": [0, 0, 4, 1], "rotation": 270, "texture": "#5"},
				"down": {"uv": [0, 0, 4, 1], "rotation": 90, "texture": "#5"}
			}
		},
		{
			"name": "sculk_vein4",
			"from": [-0.1, 15, 7],
			"to": [-0.1, 16, 11],
			"rotation": {"angle": 0, "axis": "y", "origin": [8, 0, 8]},
			"faces": {
				"north": {"uv": [7, 0, 11, 1], "texture": "#5"},
				"east": {"uv": [7, 0, 11, 1], "texture": "#5"},
				"south": {"uv": [7, 0, 11, 1], "texture": "#5"},
				"west": {"uv": [7, 0, 11, 1], "texture": "#5"},
				"up": {"uv": [7, 0, 11, 1], "rotation": 270, "texture": "#5"},
				"down": {"uv": [7, 0, 11, 1], "rotation": 90, "texture": "#5"}
			}
		},
		{
			"name": "sculk_vein4",
			"from": [-0.1, 15, 12],
			"to": [-0.1, 16, 15],
			"rotation": {"angle": 0, "axis": "y", "origin": [8, 0, 8]},
			"faces": {
				"north": {"uv": [12, 0, 15, 1], "texture": "#5"},
				"east": {"uv": [12, 0, 15, 1], "texture": "#5"},
				"south": {"uv": [12, 0, 15, 1], "texture": "#5"},
				"west": {"uv": [12, 0, 15, 1], "texture": "#5"},
				"up": {"uv": [12, 0, 15, 1], "rotation": 270, "texture": "#5"},
				"down": {"uv": [12, 0, 15, 1], "rotation": 90, "texture": "#5"}
			}
		},
		{
			"name": "sculk_vein4",
			"from": [-0.1, 13, 10],
			"to": [-0.1, 15, 16],
			"rotation": {"angle": 0, "axis": "y", "origin": [8, 0, 8]},
			"faces": {
				"north": {"uv": [10, 1, 16, 3], "texture": "#5"},
				"east": {"uv": [10, 1, 16, 3], "texture": "#5"},
				"south": {"uv": [10, 1, 16, 3], "texture": "#5"},
				"west": {"uv": [10, 1, 16, 3], "texture": "#5"},
				"up": {"uv": [10, 1, 16, 3], "rotation": 270, "texture": "#5"},
				"down": {"uv": [10, 1, 16, 3], "rotation": 90, "texture": "#5"}
			}
		},
		{
			"name": "sculk_vein4",
			"from": [-0.1, 14, 7],
			"to": [-0.1, 15, 9],
			"rotation": {"angle": 0, "axis": "y", "origin": [8, 0, 8]},
			"faces": {
				"north": {"uv": [7, 1, 9, 2], "texture": "#5"},
				"east": {"uv": [7, 1, 9, 2], "texture": "#5"},
				"south": {"uv": [7, 1, 9, 2], "texture": "#5"},
				"west": {"uv": [7, 1, 9, 2], "texture": "#5"},
				"up": {"uv": [7, 1, 9, 2], "rotation": 270, "texture": "#5"},
				"down": {"uv": [7, 1, 9, 2], "rotation": 90, "texture": "#5"}
			}
		},
		{
			"name": "sculk_vein4",
			"from": [-0.1, 12, 2],
			"to": [-0.1, 15, 5],
			"rotation": {"angle": 0, "axis": "y", "origin": [8, 0, 8]},
			"faces": {
				"north": {"uv": [2, 1, 5, 4], "texture": "#5"},
				"east": {"uv": [2, 1, 5, 4], "texture": "#5"},
				"south": {"uv": [2, 1, 5, 4], "texture": "#5"},
				"west": {"uv": [2, 1, 5, 4], "texture": "#5"},
				"up": {"uv": [2, 1, 5, 4], "rotation": 270, "texture": "#5"},
				"down": {"uv": [2, 1, 5, 4], "rotation": 90, "texture": "#5"}
			}
		},
		{
			"name": "sculk_vein4",
			"from": [-0.1, 12, 0],
			"to": [-0.1, 15, 1],
			"rotation": {"angle": 0, "axis": "y", "origin": [8, 0, 8]},
			"faces": {
				"north": {"uv": [0, 1, 1, 4], "texture": "#5"},
				"east": {"uv": [0, 1, 1, 4], "texture": "#5"},
				"south": {"uv": [0, 1, 1, 4], "texture": "#5"},
				"west": {"uv": [0, 1, 1, 4], "texture": "#5"},
				"up": {"uv": [0, 1, 1, 4], "rotation": 270, "texture": "#5"},
				"down": {"uv": [0, 1, 1, 4], "rotation": 90, "texture": "#5"}
			}
		},
		{
			"name": "sculk_vein4",
			"from": [-0.1, 7, 1],
			"to": [-0.1, 13, 2],
			"rotation": {"angle": 0, "axis": "y", "origin": [8, 0, 8]},
			"faces": {
				"north": {"uv": [1, 3, 2, 9], "texture": "#5"},
				"east": {"uv": [1, 3, 2, 9], "texture": "#5"},
				"south": {"uv": [1, 3, 2, 9], "texture": "#5"},
				"west": {"uv": [1, 3, 2, 9], "texture": "#5"},
				"up": {"uv": [1, 3, 2, 9], "rotation": 270, "texture": "#5"},
				"down": {"uv": [1, 3, 2, 9], "rotation": 90, "texture": "#5"}
			}
		},
		{
			"name": "sculk_vein4",
			"from": [-0.1, 11, 7],
			"to": [-0.1, 13, 8],
			"rotation": {"angle": 0, "axis": "y", "origin": [8, 0, 8]},
			"faces": {
				"north": {"uv": [7, 3, 8, 5], "texture": "#5"},
				"east": {"uv": [7, 3, 8, 5], "texture": "#5"},
				"south": {"uv": [7, 3, 8, 5], "texture": "#5"},
				"west": {"uv": [7, 3, 8, 5], "texture": "#5"},
				"up": {"uv": [7, 3, 8, 5], "rotation": 270, "texture": "#5"},
				"down": {"uv": [7, 3, 8, 5], "rotation": 90, "texture": "#5"}
			}
		},
		{
			"name": "sculk_vein4",
			"from": [-0.1, 12, 8],
			"to": [-0.1, 14, 9],
			"rotation": {"angle": 0, "axis": "y", "origin": [8, 0, 8]},
			"faces": {
				"north": {"uv": [8, 2, 9, 4], "texture": "#5"},
				"east": {"uv": [8, 2, 9, 4], "texture": "#5"},
				"south": {"uv": [8, 2, 9, 4], "texture": "#5"},
				"west": {"uv": [8, 2, 9, 4], "texture": "#5"},
				"up": {"uv": [8, 2, 9, 4], "rotation": 270, "texture": "#5"},
				"down": {"uv": [8, 2, 9, 4], "rotation": 90, "texture": "#5"}
			}
		},
		{
			"name": "sculk_vein4",
			"from": [-0.1, 12, 9],
			"to": [-0.1, 13, 15],
			"rotation": {"angle": 0, "axis": "y", "origin": [8, 0, 8]},
			"faces": {
				"north": {"uv": [9, 3, 15, 4], "texture": "#5"},
				"east": {"uv": [9, 3, 15, 4], "texture": "#5"},
				"south": {"uv": [9, 3, 15, 4], "texture": "#5"},
				"west": {"uv": [9, 3, 15, 4], "texture": "#5"},
				"up": {"uv": [9, 3, 15, 4], "rotation": 270, "texture": "#5"},
				"down": {"uv": [9, 3, 15, 4], "rotation": 90, "texture": "#5"}
			}
		},
		{
			"name": "sculk_vein4",
			"from": [-0.1, 11, 4],
			"to": [-0.1, 12, 5],
			"rotation": {"angle": 0, "axis": "y", "origin": [8, 0, 8]},
			"faces": {
				"north": {"uv": [4, 4, 5, 5], "texture": "#5"},
				"east": {"uv": [4, 4, 5, 5], "texture": "#5"},
				"south": {"uv": [4, 4, 5, 5], "texture": "#5"},
				"west": {"uv": [4, 4, 5, 5], "texture": "#5"},
				"up": {"uv": [4, 4, 5, 5], "rotation": 270, "texture": "#5"},
				"down": {"uv": [4, 4, 5, 5], "rotation": 90, "texture": "#5"}
			}
		},
		{
			"name": "sculk_vein4",
			"from": [-0.1, 11, 9],
			"to": [-0.1, 12, 10],
			"rotation": {"angle": 0, "axis": "y", "origin": [8, 0, 8]},
			"faces": {
				"north": {"uv": [9, 4, 10, 5], "texture": "#5"},
				"east": {"uv": [9, 4, 10, 5], "texture": "#5"},
				"south": {"uv": [9, 4, 10, 5], "texture": "#5"},
				"west": {"uv": [9, 4, 10, 5], "texture": "#5"},
				"up": {"uv": [9, 4, 10, 5], "rotation": 270, "texture": "#5"},
				"down": {"uv": [9, 4, 10, 5], "rotation": 90, "texture": "#5"}
			}
		},
		{
			"name": "sculk_vein4",
			"from": [-0.1, 11, 11],
			"to": [-0.1, 12, 13],
			"rotation": {"angle": 0, "axis": "y", "origin": [8, 0, 8]},
			"faces": {
				"north": {"uv": [11, 4, 13, 5], "texture": "#5"},
				"east": {"uv": [11, 4, 13, 5], "texture": "#5"},
				"south": {"uv": [11, 4, 13, 5], "texture": "#5"},
				"west": {"uv": [11, 4, 13, 5], "texture": "#5"},
				"up": {"uv": [11, 4, 13, 5], "rotation": 270, "texture": "#5"},
				"down": {"uv": [11, 4, 13, 5], "rotation": 90, "texture": "#5"}
			}
		},
		{
			"name": "sculk_vein4",
			"from": [-0.1, 10, 14],
			"to": [-0.1, 12, 15],
			"rotation": {"angle": 0, "axis": "y", "origin": [8, 0, 8]},
			"faces": {
				"north": {"uv": [14, 4, 15, 6], "texture": "#5"},
				"east": {"uv": [14, 4, 15, 6], "texture": "#5"},
				"south": {"uv": [14, 4, 15, 6], "texture": "#5"},
				"west": {"uv": [14, 4, 15, 6], "texture": "#5"},
				"up": {"uv": [14, 4, 15, 6], "rotation": 270, "texture": "#5"},
				"down": {"uv": [14, 4, 15, 6], "rotation": 90, "texture": "#5"}
			}
		},
		{
			"name": "sculk_vein4",
			"from": [-0.1, 9, 8],
			"to": [-0.1, 11, 11],
			"rotation": {"angle": 0, "axis": "y", "origin": [8, 0, 8]},
			"faces": {
				"north": {"uv": [8, 5, 11, 7], "texture": "#5"},
				"east": {"uv": [8, 5, 11, 7], "texture": "#5"},
				"south": {"uv": [8, 5, 11, 7], "texture": "#5"},
				"west": {"uv": [8, 5, 11, 7], "texture": "#5"},
				"up": {"uv": [8, 5, 11, 7], "rotation": 270, "texture": "#5"},
				"down": {"uv": [8, 5, 11, 7], "rotation": 90, "texture": "#5"}
			}
		},
		{
			"name": "sculk_vein4",
			"from": [-0.1, 10, 5],
			"to": [-0.1, 11, 7],
			"rotation": {"angle": 0, "axis": "y", "origin": [8, 0, 8]},
			"faces": {
				"north": {"uv": [5, 5, 7, 6], "texture": "#5"},
				"east": {"uv": [5, 5, 7, 6], "texture": "#5"},
				"south": {"uv": [5, 5, 7, 6], "texture": "#5"},
				"west": {"uv": [5, 5, 7, 6], "texture": "#5"},
				"up": {"uv": [5, 5, 7, 6], "rotation": 270, "texture": "#5"},
				"down": {"uv": [5, 5, 7, 6], "rotation": 90, "texture": "#5"}
			}
		},
		{
			"name": "sculk_vein4",
			"from": [-0.1, 9, 0],
			"to": [-0.1, 10, 1],
			"rotation": {"angle": 0, "axis": "y", "origin": [8, 0, 8]},
			"faces": {
				"north": {"uv": [0, 6, 1, 7], "texture": "#5"},
				"east": {"uv": [0, 6, 1, 7], "texture": "#5"},
				"south": {"uv": [0, 6, 1, 7], "texture": "#5"},
				"west": {"uv": [0, 6, 1, 7], "texture": "#5"},
				"up": {"uv": [0, 6, 1, 7], "rotation": 270, "texture": "#5"},
				"down": {"uv": [0, 6, 1, 7], "rotation": 90, "texture": "#5"}
			}
		},
		{
			"name": "sculk_vein4",
			"from": [-0.1, 6, 2],
			"to": [-0.1, 10, 3],
			"rotation": {"angle": 0, "axis": "y", "origin": [8, 0, 8]},
			"faces": {
				"north": {"uv": [2, 6, 3, 10], "texture": "#5"},
				"east": {"uv": [2, 6, 3, 10], "texture": "#5"},
				"south": {"uv": [2, 6, 3, 10], "texture": "#5"},
				"west": {"uv": [2, 6, 3, 10], "texture": "#5"},
				"up": {"uv": [2, 6, 3, 10], "rotation": 270, "texture": "#5"},
				"down": {"uv": [2, 6, 3, 10], "rotation": 90, "texture": "#5"}
			}
		},
		{
			"name": "sculk_vein4",
			"from": [-0.1, 7, 3],
			"to": [-0.1, 8, 4],
			"rotation": {"angle": 0, "axis": "y", "origin": [8, 0, 8]},
			"faces": {
				"north": {"uv": [3, 8, 4, 9], "texture": "#5"},
				"east": {"uv": [3, 8, 4, 9], "texture": "#5"},
				"south": {"uv": [3, 8, 4, 9], "texture": "#5"},
				"west": {"uv": [3, 8, 4, 9], "texture": "#5"},
				"up": {"uv": [3, 8, 4, 9], "rotation": 270, "texture": "#5"},
				"down": {"uv": [3, 8, 4, 9], "rotation": 90, "texture": "#5"}
			}
		},
		{
			"name": "sculk_vein4",
			"from": [-0.1, 8, 9],
			"to": [-0.1, 9, 10],
			"rotation": {"angle": 0, "axis": "y", "origin": [8, 0, 8]},
			"faces": {
				"north": {"uv": [9, 7, 10, 8], "texture": "#5"},
				"east": {"uv": [9, 7, 10, 8], "texture": "#5"},
				"south": {"uv": [9, 7, 10, 8], "texture": "#5"},
				"west": {"uv": [9, 7, 10, 8], "texture": "#5"},
				"up": {"uv": [9, 7, 10, 8], "rotation": 270, "texture": "#5"},
				"down": {"uv": [9, 7, 10, 8], "rotation": 90, "texture": "#5"}
			}
		},
		{
			"name": "sculk_vein4",
			"from": [-0.1, 9, 15],
			"to": [-0.1, 11, 16],
			"rotation": {"angle": 0, "axis": "y", "origin": [8, 0, 8]},
			"faces": {
				"north": {"uv": [15, 5, 16, 7], "texture": "#5"},
				"east": {"uv": [15, 5, 16, 7], "texture": "#5"},
				"south": {"uv": [15, 5, 16, 7], "texture": "#5"},
				"west": {"uv": [15, 5, 16, 7], "texture": "#5"},
				"up": {"uv": [15, 5, 16, 7], "rotation": 270, "texture": "#5"},
				"down": {"uv": [15, 5, 16, 7], "rotation": 90, "texture": "#5"}
			}
		},
		{
			"name": "sculk_vein4",
			"from": [-0.1, 2, 15],
			"to": [-0.1, 4, 16],
			"rotation": {"angle": 0, "axis": "y", "origin": [8, 0, 8]},
			"faces": {
				"north": {"uv": [15, 12, 16, 14], "texture": "#5"},
				"east": {"uv": [15, 12, 16, 14], "texture": "#5"},
				"south": {"uv": [15, 12, 16, 14], "texture": "#5"},
				"west": {"uv": [15, 12, 16, 14], "texture": "#5"},
				"up": {"uv": [15, 12, 16, 14], "rotation": 270, "texture": "#5"},
				"down": {"uv": [15, 12, 16, 14], "rotation": 90, "texture": "#5"}
			}
		},
		{
			"name": "sculk_vein4",
			"from": [-0.1, 0, 14],
			"to": [-0.1, 3, 15],
			"rotation": {"angle": 0, "axis": "y", "origin": [8, 0, 8]},
			"faces": {
				"north": {"uv": [14, 13, 15, 16], "texture": "#5"},
				"east": {"uv": [14, 13, 15, 16], "texture": "#5"},
				"south": {"uv": [14, 13, 15, 16], "texture": "#5"},
				"west": {"uv": [14, 13, 15, 16], "texture": "#5"},
				"up": {"uv": [14, 13, 15, 16], "rotation": 270, "texture": "#5"},
				"down": {"uv": [14, 13, 15, 16], "rotation": 90, "texture": "#5"}
			}
		},
		{
			"name": "sculk_vein4",
			"from": [-0.1, 0, 13],
			"to": [-0.1, 1, 14],
			"rotation": {"angle": 0, "axis": "y", "origin": [8, 0, 8]},
			"faces": {
				"north": {"uv": [13, 15, 14, 16], "texture": "#5"},
				"east": {"uv": [13, 15, 14, 16], "texture": "#5"},
				"south": {"uv": [13, 15, 14, 16], "texture": "#5"},
				"west": {"uv": [13, 15, 14, 16], "texture": "#5"},
				"up": {"uv": [13, 15, 14, 16], "rotation": 270, "texture": "#5"},
				"down": {"uv": [13, 15, 14, 16], "rotation": 90, "texture": "#5"}
			}
		},
		{
			"name": "sculk_vein4",
			"from": [-0.1, 1, 9],
			"to": [-0.1, 2, 10],
			"rotation": {"angle": 0, "axis": "y", "origin": [8, 0, 8]},
			"faces": {
				"north": {"uv": [9, 14, 10, 15], "texture": "#5"},
				"east": {"uv": [9, 14, 10, 15], "texture": "#5"},
				"south": {"uv": [9, 14, 10, 15], "texture": "#5"},
				"west": {"uv": [9, 14, 10, 15], "texture": "#5"},
				"up": {"uv": [9, 14, 10, 15], "rotation": 270, "texture": "#5"},
				"down": {"uv": [9, 14, 10, 15], "rotation": 90, "texture": "#5"}
			}
		},
		{
			"name": "sculk_vein4",
			"from": [-0.1, 3, 0],
			"to": [-0.1, 4, 2],
			"rotation": {"angle": 0, "axis": "y", "origin": [8, 0, 8]},
			"faces": {
				"north": {"uv": [0, 12, 2, 13], "texture": "#5"},
				"east": {"uv": [0, 12, 2, 13], "texture": "#5"},
				"south": {"uv": [0, 12, 2, 13], "texture": "#5"},
				"west": {"uv": [0, 12, 2, 13], "texture": "#5"},
				"up": {"uv": [0, 12, 2, 13], "rotation": 270, "texture": "#5"},
				"down": {"uv": [0, 12, 2, 13], "rotation": 90, "texture": "#5"}
			}
		},
		{
			"name": "sculk_vein4",
			"from": [-0.1, 0, 1],
			"to": [-0.1, 3, 3],
			"rotation": {"angle": 0, "axis": "y", "origin": [8, 0, 8]},
			"faces": {
				"north": {"uv": [1, 13, 3, 16], "texture": "#5"},
				"east": {"uv": [1, 13, 3, 16], "texture": "#5"},
				"south": {"uv": [1, 13, 3, 16], "texture": "#5"},
				"west": {"uv": [1, 13, 3, 16], "texture": "#5"},
				"up": {"uv": [1, 13, 3, 16], "rotation": 270, "texture": "#5"},
				"down": {"uv": [1, 13, 3, 16], "rotation": 90, "texture": "#5"}
			}
		},
		{
			"name": "sculk_vein4",
			"from": [-0.1, 0, 0],
			"to": [-0.1, 1, 1],
			"rotation": {"angle": 0, "axis": "y", "origin": [8, 0, 8]},
			"faces": {
				"north": {"uv": [0, 15, 1, 16], "texture": "#5"},
				"east": {"uv": [0, 15, 1, 16], "texture": "#5"},
				"south": {"uv": [0, 15, 1, 16], "texture": "#5"},
				"west": {"uv": [0, 15, 1, 16], "texture": "#5"},
				"up": {"uv": [0, 15, 1, 16], "rotation": 270, "texture": "#5"},
				"down": {"uv": [0, 15, 1, 16], "rotation": 90, "texture": "#5"}
			}
		},
		{
			"name": "sculk_vein4",
			"from": [-0.1, 0, 3],
			"to": [-0.1, 1, 4],
			"rotation": {"angle": 0, "axis": "y", "origin": [8, 0, 8]},
			"faces": {
				"north": {"uv": [3, 15, 4, 16], "texture": "#5"},
				"east": {"uv": [3, 15, 4, 16], "texture": "#5"},
				"south": {"uv": [3, 15, 4, 16], "texture": "#5"},
				"west": {"uv": [3, 15, 4, 16], "texture": "#5"},
				"up": {"uv": [3, 15, 4, 16], "rotation": 270, "texture": "#5"},
				"down": {"uv": [3, 15, 4, 16], "rotation": 90, "texture": "#5"}
			}
		},
		{
			"name": "sculk_vein4",
			"from": [-0.1, 0, 8],
			"to": [-0.1, 1, 11],
			"rotation": {"angle": 0, "axis": "y", "origin": [8, 0, 8]},
			"faces": {
				"north": {"uv": [8, 15, 11, 16], "texture": "#5"},
				"east": {"uv": [8, 15, 11, 16], "texture": "#5"},
				"south": {"uv": [8, 15, 11, 16], "texture": "#5"},
				"west": {"uv": [8, 15, 11, 16], "texture": "#5"},
				"up": {"uv": [8, 15, 11, 16], "rotation": 270, "texture": "#5"},
				"down": {"uv": [8, 15, 11, 16], "rotation": 90, "texture": "#5"}
			}
		}
	]
}