{
	"credit": "Made with Blockbench",
	"parent": "block/block",
	"textures": {
		"2": "apotheosis:blocks/deepshelf/deepshelf_top",
		"3": "apotheosis:blocks/deepshelf/cracked_deepslate_tiles_large",
		"4": "apotheosis:blocks/deepshelf/cracked_deepslate_tiles",
		"9": "apotheosis:blocks/deepshelf/soul_touched_deepshelf",
		"particle": "apotheosis:blocks/deepshelf/deepshelf_top"
	},
	"elements": [
		{
			"name": "Books",
			"from": [2, 2, 2],
			"to": [14, 15, 14],
			"rotation": {"angle": 0, "axis": "y", "origin": [8, 0, 8]},
			"faces": {
				"north": {"uv": [1, 1, 13, 14], "texture": "#9"},
				"east": {"uv": [1, 1, 13, 14], "texture": "#9"},
				"south": {"uv": [1, 1, 13, 14], "texture": "#9"},
				"west": {"uv": [1, 1, 13, 14], "texture": "#9"}
			}
		},
		{
			"name": "Bottom",
			"from": [0, 0, 0],
			"to": [16, 2, 16],
			"faces": {
				"north": {"uv": [0, 14, 16, 16], "texture": "#9"},
				"east": {"uv": [0, 14, 16, 16], "texture": "#9"},
				"south": {"uv": [0, 14, 16, 16], "texture": "#9"},
				"west": {"uv": [0, 14, 16, 16], "texture": "#9"},
				"up": {"uv": [0, 0, 16, 16], "texture": "#2"},
				"down": {"uv": [0, 0, 16, 16], "texture": "#2"}
			}
		},
		{
			"name": "Top",
			"from": [0, 15, 0],
			"to": [16, 16, 16],
			"faces": {
				"north": {"uv": [0, 0, 16, 1], "texture": "#9"},
				"east": {"uv": [0, 0, 16, 1], "texture": "#9"},
				"south": {"uv": [0, 0, 16, 1], "texture": "#9"},
				"west": {"uv": [0, 0, 16, 1], "texture": "#9"},
				"up": {"uv": [0, 0, 16, 16], "texture": "#2"},
				"down": {"uv": [0, 0, 16, 16], "texture": "#2"}
			}
		},
		{
			"name": "Shelf",
			"from": [0.5, 8, 0.5],
			"to": [15.5, 9, 15.5],
			"faces": {
				"north": {"uv": [0.5, 7, 15.5, 8], "texture": "#9"},
				"east": {"uv": [0.5, 7, 15.5, 8], "texture": "#9"},
				"south": {"uv": [0.5, 7, 15.5, 8], "texture": "#9"},
				"west": {"uv": [0.5, 7, 15.5, 8], "texture": "#9"},
				"up": {"uv": [0.5, 0.5, 15.5, 15.5], "texture": "#2"},
				"down": {"uv": [0.5, 0.5, 15.5, 15.5], "texture": "#2"}
			}
		},
		{
			"from": [0, 0, 15],
			"to": [1, 16, 16],
			"faces": {
				"north": {"uv": [0, 0, 1, 16], "texture": "#4"},
				"east": {"uv": [15, 0, 16, 16], "texture": "#4"},
				"south": {"uv": [0, 0, 1, 16], "texture": "#9"},
				"west": {"uv": [15, 0, 16, 16], "texture": "#9"}
			}
		},
		{
			"from": [15, 0, 0],
			"to": [16, 16, 1],
			"faces": {
				"north": {"uv": [0, 0, 1, 16], "texture": "#9"},
				"east": {"uv": [15, 0, 16, 16], "texture": "#9"},
				"south": {"uv": [0, 0, 1, 16], "texture": "#4"},
				"west": {"uv": [15, 0, 16, 16], "texture": "#4"}
			}
		},
		{
			"from": [15, 0, 15],
			"to": [16, 16, 16],
			"faces": {
				"north": {"uv": [15, 0, 16, 16], "texture": "#4"},
				"east": {"uv": [0, 0, 1, 16], "texture": "#9"},
				"south": {"uv": [15, 0, 16, 16], "texture": "#9"},
				"west": {"uv": [0, 0, 1, 16], "texture": "#4"}
			}
		},
		{
			"from": [0, 0, 0],
			"to": [1, 16, 1],
			"faces": {
				"north": {"uv": [15, 0, 16, 16], "texture": "#9"},
				"east": {"uv": [0, 0, 1, 16], "texture": "#4"},
				"south": {"uv": [15, 0, 16, 16], "texture": "#4"},
				"west": {"uv": [0, 0, 1, 16], "texture": "#9"}
			}
		},
		{
			"name": "panel",
			"from": [8, 0, -3],
			"to": [8, 16, 19],
			"rotation": {"angle": 45, "axis": "y", "origin": [8, 0, 8]},
			"faces": {
				"east": {"uv": [0, 0, 16, 16], "texture": "#3"},
				"west": {"uv": [0, 0, 16, 16], "texture": "#3"}
			}
		},
		{
			"name": "panel",
			"from": [8, 0, -3],
			"to": [8, 16, 19],
			"rotation": {"angle": -45, "axis": "y", "origin": [8, 0, 8]},
			"faces": {
				"east": {"uv": [0, 0, 16, 16], "texture": "#3"},
				"west": {"uv": [0, 0, 16, 16], "texture": "#3"}
			}
		},
		{
			"name": "soul_lantern1",
			"from": [-0.5, 2, 5],
			"to": [2.5, 7, 9],
			"faces": {
				"north": {"uv": [5, 9, 8, 14], "texture": "#9"},
				"south": {"uv": [8, 9, 5, 14], "texture": "#9"},
				"west": {"uv": [4, 9, 8, 14], "texture": "#9"},
				"up": {"uv": [4, 13, 8, 16], "rotation": 90, "texture": "#9"},
				"down": {"uv": [8, 13, 4, 16], "rotation": 270, "texture": "#9"}
			}
		},
		{
			"name": "soul_lantern2",
			"from": [7, 2, -0.5],
			"to": [11, 7, 2.5],
			"rotation": {"angle": 0, "axis": "y", "origin": [8, 0, 8]},
			"faces": {
				"north": {"uv": [4, 9, 8, 14], "texture": "#9"},
				"east": {"uv": [5, 9, 8, 14], "texture": "#9"},
				"west": {"uv": [8, 9, 5, 14], "texture": "#9"},
				"up": {"uv": [4, 13, 8, 16], "rotation": 180, "texture": "#9"},
				"down": {"uv": [8, 13, 4, 16], "rotation": 180, "texture": "#9"}
			}
		},
		{
			"name": "soul_lantern3",
			"from": [13.5, 2, 7],
			"to": [16.5, 7, 11],
			"rotation": {"angle": 0, "axis": "y", "origin": [8, 0, 8]},
			"faces": {
				"north": {"uv": [8, 9, 5, 14], "texture": "#9"},
				"east": {"uv": [4, 9, 8, 14], "texture": "#9"},
				"south": {"uv": [5, 9, 8, 14], "texture": "#9"},
				"up": {"uv": [4, 13, 8, 16], "rotation": 270, "texture": "#9"},
				"down": {"uv": [8, 13, 4, 16], "rotation": 90, "texture": "#9"}
			}
		},
		{
			"name": "soul_lantern4",
			"from": [5, 2, 13.5],
			"to": [9, 7, 16.5],
			"rotation": {"angle": 0, "axis": "y", "origin": [8, 0, 8]},
			"faces": {
				"east": {"uv": [8, 9, 5, 14], "texture": "#9"},
				"south": {"uv": [4, 9, 8, 14], "texture": "#9"},
				"west": {"uv": [5, 9, 8, 14], "texture": "#9"},
				"up": {"uv": [4, 13, 8, 16], "texture": "#9"},
				"down": {"uv": [8, 13, 4, 16], "texture": "#9"}
			}
		}
	]
}