{
	"weight": 100,
	"quality": 0,
	"name": "Honeyed Archer",
	"chance": 0.008,
	"entities": [
		"minecraft:skeleton",
		"minecraft:stray"
	],
	"valid_gear_sets": [
		"#overworld_bow"
	],
	"dimensions": [
		"minecraft:overworld"
	],
	"affixed": false,
	"nbt": {
	},
	"stats": {
		"enchant_chance": 0.25,
		"enchantment_levels": [12, 8, 20, 14],
		"effects": [],
		"attribute_modifiers": [{
				"attribute": "minecraft:generic.max_health",
				"operation": "ADDITION",
				"value": {
					"min": 10,
					"steps": 10,
					"step": 2
				}
			},
			{
				"attribute": "minecraft:generic.movement_speed",
				"operation": "MULTIPLY_BASE",
				"value": {
					"min": 0.05,
					"steps": 5,
					"step": 0.01
				}
			},
			{
				"attribute": "minecraft:generic.attack_damage",
				"operation": "MULTIPLY_BASE",
				"value": {
					"min": 0.30,
					"steps": 4,
					"step": 0.05
				}
			},
			{
				"attribute": "minecraft:generic.knockback_resistance",
				"operation": "ADDITION",
				"value": 0.5
			}
		]
	},
	"mount": {
		"entity": "minecraft:bee",
		"nbt": {
			"Tame": true,
			"Attributes": [
				{
					"Name": "generic.flying_speed",
					"Base": 0.85
				},
				{
					"Name": "generic.knockback_resistance",
					"Base": 0.5
				}
			]
		}
	},
	"exclusions": [{
			"type": "apotheosis:spawn_type",
			"spawn_types": [
				"spawn_egg", "spawner", "mob_summoned", "conversion"
			]
		},
		{
			"type": "apotheosis:surface_type",
			"rule": "needs_surface"
		}
	]
}