{
  "id": "skilltree:alchemist_crit_notable_1",
  "bonuses": [
    {
      "type": "skilltree:attribute",
      "attribute": "attributeslib:crit_damage",
      "id": "16ca05f2-bfba-4d0e-910e-7b2478201be4",
      "name": "Skill",
      "amount": 0.05,
      "operation": 0,
      "player_multiplier": {
        "type": "skilltree:effect_amount"
      },
      "player_condition": {
        "type": "skilltree:none"
      }
    }
  ],
  "directConnections": [],
  "longConnections": [],
  "oneWayConnections": [],
  "tags": [],
  "backgroundTexture": "skilltree:textures/icons/background/notable.png",
  "iconTexture": "skilltree:textures/icons/alchemist_crit_notable_1.png",
  "borderTexture": "skilltree:textures/tooltip/notable.png",
  "titleColor": "",
  "positionX": 0.0029907227,
  "positionY": 297.52728,
  "buttonSize": 20,
  "isStartingPoint": false,
  "description": [
    {
      "f_131101_": {
        "f_131257_": 8092645
      },
      "translate": "skill_bonus_multiplier.skilltree.effect_amount.player",
      "with": [
        {
          "translate": "attribute.modifier.plus.1",
          "with": [
            "5",
            {
              "translate": "attributeslib:crit_damage"
            }
          ]
        }
      ]
    }
  ]
}