{
  "id": "skilltree:alchemist_subclass_1",
  "bonuses": [
    {
      "type": "skilltree:attribute",
      "attribute": "attributeslib:crit_chance",
      "id": "884429a5-14c7-48be-931c-918ac7689bed",
      "name": "Skill",
      "amount": 0.05,
      "operation": 0,
      "player_multiplier": {
        "type": "skilltree:none"
      },
      "player_condition": {
        "type": "skilltree:none"
      }
    },
    {
      "type": "skilltree:attribute",
      "attribute": "attributeslib:crit_damage",
      "id": "b4e8a283-0cf3-40fe-bfe0-73405978449a",
      "name": "Skill",
      "amount": 0.15,
      "operation": 0,
      "player_multiplier": {
        "type": "skilltree:none"
      },
      "player_condition": {
        "type": "skilltree:none"
      }
    }
  ],
  "directConnections": [
    "skilltree:alchemist_subclass_1_offensive_1",
    "skilltree:alchemist_subclass_1_crafting_1"
  ],
  "longConnections": [],
  "oneWayConnections": [],
  "tags": [],
  "backgroundTexture": "skilltree:textures/icons/background/class.png",
  "iconTexture": "skilltree:textures/icons/alchemist_subclass_1.png",
  "borderTexture": "skilltree:textures/tooltip/lesser.png",
  "titleColor": "",
  "positionX": -144.95734,
  "positionY": 315.07642,
  "buttonSize": 24,
  "isStartingPoint": false,
  "description": [
    {
      "f_131101_": {
        "f_131257_": 8092645
      },
      "translate": "attribute.modifier.plus.1",
      "with": [
        "5",
        {
          "translate": "attributeslib:crit_chance"
        }
      ]
    },
    {
      "f_131101_": {
        "f_131257_": 8092645
      },
      "translate": "attribute.modifier.plus.1",
      "with": [
        "15",
        {
          "translate": "attributeslib:crit_damage"
        }
      ]
    }
  ]
}