{
  "id": "skilltree:alchemist_crafting_2",
  "bonuses": [
    {
      "type": "skilltree:loot_duplication",
      "chance": 0.05,
      "multiplier": 2.0,
      "loot_type": "gems"
    },
    {
      "type": "skilltree:free_enchantment",
      "chance": 0.05
    }
  ],
  "directConnections": [
    "skilltree:alchemist_crafting_3"
  ],
  "longConnections": [],
  "oneWayConnections": [],
  "tags": [],
  "backgroundTexture": "skilltree:textures/icons/background/lesser.png",
  "iconTexture": "skilltree:textures/icons/miner_subclass_1_mastery.png",
  "borderTexture": "skilltree:textures/tooltip/lesser.png",
  "title": "Class Enhancer",
  "titleColor": "",
  "positionX": 7.1029515E-15,
  "positionY": 94.0,
  "buttonSize": 16,
  "isStartingPoint": false
}