{
  "id": "skilltree:alchemist_subclass_1_offensive_notable_1",
  "bonuses": [
    {
      "type": "skilltree:attribute",
      "attribute": "attributeslib:crit_chance",
      "id": "09f96bc5-ab00-4f88-b343-2c5a1f61c2cc",
      "name": "Skill",
      "amount": 0.15,
      "operation": 0,
      "player_multiplier": {
        "type": "skilltree:none"
      },
      "player_condition": {
        "type": "skilltree:none"
      }
    }
  ],
  "directConnections": [],
  "longConnections": [],
  "oneWayConnections": [],
  "tags": [],
  "backgroundTexture": "skilltree:textures/icons/background/notable.png",
  "iconTexture": "skilltree:textures/icons/alchemist_subclass_1_offensive_notable_1.png",
  "borderTexture": "skilltree:textures/tooltip/notable.png",
  "titleColor": "",
  "positionX": -102.97842,
  "positionY": 435.79138,
  "buttonSize": 20,
  "isStartingPoint": false,
  "description": [
    {
      "f_131101_": {
        "f_131257_": 8092645
      },
      "translate": "attribute.modifier.plus.1",
      "with": [
        "15",
        {
          "translate": "attributeslib:crit_chance"
        }
      ]
    }
  ]
}