{
  "id": "skilltree:alchemist_subclass_2_defensive_2",
  "bonuses": [
    {
      "type": "skilltree:attribute",
      "attribute": "attributeslib:dodge_chance",
      "id": "e4d18681-49be-41d4-9941-2eaaa4e2022f",
      "name": "SkillBonus",
      "amount": 0.01,
      "operation": 0,
      "player_multiplier": {
        "type": "skilltree:none"
      },
      "player_condition": {
        "type": "skilltree:none"
      }
    }
  ],
  "directConnections": [
    "skilltree:alchemist_subclass_2_defensive_3"
  ],
  "longConnections": [],
  "oneWayConnections": [],
  "tags": [],
  "backgroundTexture": "skilltree:textures/icons/background/lesser.png",
  "iconTexture": "skilltree:textures/icons/alchemist_subclass_2_defensive_1.png",
  "borderTexture": "skilltree:textures/tooltip/lesser.png",
  "titleColor": "",
  "positionX": 118.95877,
  "positionY": 238.0512,
  "buttonSize": 16,
  "isStartingPoint": false,
  "description": [
    {
      "f_131101_": {
        "f_131257_": 8092645
      },
      "text": "Dodge Chance: 1%"
    }
  ]
}