{
  "id": "skilltree:alchemist_subclass_special",
  "bonuses": [
    {
      "type": "skilltree:damage",
      "amount": 0.25,
      "operation": 1,
      "player_multiplier": {
        "type": "skilltree:none"
      },
      "enemy_multiplier": {
        "type": "skilltree:none"
      },
      "player_condition": {
        "type": "skilltree:none"
      },
      "damage_condition": {
        "type": "skilltree:none"
      },
      "target_condition": {
        "effect": "minecraft:poison",
        "amplifier": 0,
        "type": "skilltree:has_effect"
      }
    }
  ],
  "directConnections": [],
  "longConnections": [],
  "oneWayConnections": [],
  "tags": [],
  "backgroundTexture": "skilltree:textures/icons/background/notable.png",
  "iconTexture": "skilltree:textures/icons/hunter_subclass_2_life_1.png",
  "borderTexture": "skilltree:textures/tooltip/notable.png",
  "title": "Sick Arrows",
  "titleColor": "",
  "positionX": -211.186,
  "positionY": 365.788,
  "buttonSize": 20,
  "isStartingPoint": false
}