{
  "id": "skilltree:alchemist_mastery",
  "bonuses": [
    {
      "type": "skilltree:crafted_item_bonus",
      "item_condition": {
        "potion_type": "any",
        "type": "skilltree:potion"
      },
      "item_bonus": {
        "multiplier": 0.5,
        "type": "skilltree:potion_duration"
      }
    },
    {
      "type": "skilltree:recipe_unlock",
      "recipe_id": "skilltree:potion_mixing"
    }
  ],
  "directConnections": [],
  "longConnections": [],
  "oneWayConnections": [
    "skilltree:new_skill_3"
  ],
  "tags": [],
  "backgroundTexture": "skilltree:textures/icons/background/keystone.png",
  "iconTexture": "skilltree:textures/icons/alchemist_crafting_notable_1.png",
  "borderTexture": "skilltree:textures/tooltip/keystone.png",
  "titleColor": "",
  "positionX": 0.0029907227,
  "positionY": 409.52728,
  "buttonSize": 32,
  "isStartingPoint": false
}