{
  "id": "skilltree:alchemist_crit_2",
  "bonuses": [
    {
      "type": "skilltree:attribute",
      "attribute": "attributeslib:crit_chance",
      "id": "dc6019ae-1584-4517-8cad-0177b678654f",
      "name": "Skill",
      "amount": 0.01,
      "operation": 0,
      "player_multiplier": {
        "type": "skilltree:effect_amount"
      },
      "player_condition": {
        "type": "skilltree:none"
      }
    }
  ],
  "directConnections": [
    "skilltree:alchemist_crit_notable_1"
  ],
  "longConnections": [],
  "oneWayConnections": [],
  "tags": [],
  "backgroundTexture": "skilltree:textures/icons/background/lesser.png",
  "iconTexture": "skilltree:textures/icons/alchemist_crit_1.png",
  "borderTexture": "skilltree:textures/tooltip/lesser.png",
  "titleColor": "",
  "positionX": -27.99701,
  "positionY": 297.52728,
  "buttonSize": 16,
  "isStartingPoint": false,
  "description": [
    {
      "f_131101_": {
        "f_131257_": 8092645
      },
      "translate": "skill_bonus_multiplier.skilltree.effect_amount.player",
      "with": [
        {
          "translate": "attribute.modifier.plus.1",
          "with": [
            "1",
            {
              "translate": "attributeslib:crit_chance"
            }
          ]
        }
      ]
    }
  ]
}