{
  "id": "skilltree:alchemist_subclass_1_crafting_notable_1",
  "bonuses": [
    {
      "type": "skilltree:crafted_item_bonus",
      "item_condition": {
        "potion_type": "harmful",
        "type": "skilltree:potion"
      },
      "item_bonus": {
        "multiplier": 0.25,
        "type": "skilltree:potion_duration"
      }
    }
  ],
  "directConnections": [],
  "longConnections": [],
  "oneWayConnections": [],
  "tags": [],
  "backgroundTexture": "skilltree:textures/icons/background/notable.png",
  "iconTexture": "skilltree:textures/icons/alchemist_subclass_1_crafting_notable_1.png",
  "borderTexture": "skilltree:textures/tooltip/notable.png",
  "titleColor": "",
  "positionX": -186.93625,
  "positionY": 435.78738,
  "buttonSize": 20,
  "isStartingPoint": false
}