{
  "id": "skilltree:alchemist_subclass_2_defensive_4",
  "bonuses": [
    {
      "type": "skilltree:attribute",
      "attribute": "attributeslib:dodge_chance",
      "id": "402813ac-6001-4d42-8300-1ac8a62699e2",
      "name": "SkillBonus",
      "amount": 0.01,
      "operation": 0,
      "player_multiplier": {
        "type": "skilltree:none"
      },
      "player_condition": {
        "type": "skilltree:none"
      }
    }
  ],
  "directConnections": [
    "skilltree:alchemist_subclass_2"
  ],
  "longConnections": [],
  "oneWayConnections": [],
  "tags": [],
  "backgroundTexture": "skilltree:textures/icons/background/lesser.png",
  "iconTexture": "skilltree:textures/icons/alchemist_subclass_2_defensive_1.png",
  "borderTexture": "skilltree:textures/tooltip/lesser.png",
  "titleColor": "",
  "positionX": 144.95734,
  "positionY": 283.08533,
  "buttonSize": 16,
  "isStartingPoint": false,
  "description": [
    {
      "f_131101_": {
        "f_131257_": 8092645
      },
      "text": "Dodge Chance: 1%"
    }
  ]
}