{
  "id": "skilltree:blacksmith_crit_1",
  "bonuses": [
    {
      "type": "skilltree:attribute",
      "attribute": "attributeslib:crit_chance",
      "id": "373330c2-cd8f-4ad1-bbd9-8ccf8be791e3",
      "name": "Skill",
      "amount": 0.02,
      "operation": 0,
      "player_multiplier": {
        "type": "skilltree:none"
      },
      "player_condition": {
        "item_condition": {
          "equipment_type": "shield",
          "type": "skilltree:equipment_type"
        },
        "type": "skilltree:has_item_in_hand"
      }
    }
  ],
  "directConnections": [
    "skilltree:blacksmith_crit_notable_1"
  ],
  "longConnections": [],
  "oneWayConnections": [],
  "tags": [],
  "backgroundTexture": "skilltree:textures/icons/background/lesser.png",
  "iconTexture": "skilltree:textures/icons/blacksmith_crit_1.png",
  "borderTexture": "skilltree:textures/tooltip/lesser.png",
  "titleColor": "",
  "positionX": -271.66122,
  "positionY": -124.52713,
  "buttonSize": 16,
  "isStartingPoint": false,
  "description": [
    {
      "f_131101_": {
        "f_131257_": 8092645
      },
      "translate": "living_condition.skilltree.has_item_in_hand",
      "with": [
        {
          "translate": "attribute.modifier.plus.1",
          "with": [
            "2",
            {
              "translate": "attributeslib:crit_chance"
            }
          ]
        },
        {
          "translate": "living_condition.skilltree.has_item_in_hand.target.you"
        },
        {
          "translate": "item_condition.skilltree.equipment_type.shield"
        }
      ]
    }
  ]
}