{
  "id": "skilltree:blacksmith_subclass_1_crafting_2",
  "bonuses": [
    {
      "type": "skilltree:attribute",
      "attribute": "attributeslib:crit_damage",
      "id": "7ca37435-3c5c-4090-bd65-052c10f1de94",
      "name": "Skill",
      "amount": 0.05,
      "operation": 0,
      "player_multiplier": {
        "type": "skilltree:none"
      },
      "player_condition": {
        "type": "skilltree:none"
      }
    }
  ],
  "directConnections": [
    "skilltree:blacksmith_subclass_1_crafting_3",
    "skilltree:blacksmith_subclass_1_crafting_5"
  ],
  "longConnections": [],
  "oneWayConnections": [],
  "tags": [],
  "backgroundTexture": "skilltree:textures/icons/background/lesser.png",
  "iconTexture": "skilltree:textures/icons/blacksmith_subclass_1_crafting_1.png",
  "borderTexture": "skilltree:textures/tooltip/lesser.png",
  "title": "Weapons Critical Chance",
  "titleColor": "",
  "positionX": -238.8901,
  "positionY": -323.80698,
  "buttonSize": 16,
  "isStartingPoint": false,
  "description": [
    {
      "f_131101_": {
        "f_131257_": 8092645
      },
      "translate": "attribute.modifier.plus.1",
      "with": [
        "5",
        {
          "translate": "attributeslib:crit_damage"
        }
      ]
    }
  ]
}