{
  "id": "skilltree:blacksmith_subclass_2_life_3",
  "bonuses": [
    {
      "type": "skilltree:attribute",
      "attribute": "attributeslib:mining_speed",
      "id": "33b8234b-0aea-4e79-9476-03fbde5f519f",
      "name": "Skill",
      "amount": 0.1,
      "operation": 2,
      "player_multiplier": {
        "type": "skilltree:none"
      },
      "player_condition": {
        "type": "skilltree:crouching"
      }
    }
  ],
  "directConnections": [
    "skilltree:blacksmith_subclass_2_life_4"
  ],
  "longConnections": [],
  "oneWayConnections": [],
  "tags": [],
  "backgroundTexture": "skilltree:textures/icons/background/lesser.png",
  "iconTexture": "skilltree:textures/icons/miner_lesser_1.png",
  "borderTexture": "skilltree:textures/tooltip/lesser.png",
  "title": "Mining Speed",
  "titleColor": "",
  "positionX": -406.37357,
  "positionY": -85.726395,
  "buttonSize": 16,
  "isStartingPoint": false
}