{
  "id": "skilltree:blacksmith_healing_notable_1",
  "bonuses": [
    {
      "type": "skilltree:attribute",
      "attribute": "skilltree:regeneration",
      "id": "13315bc7-11a8-400f-9524-1db56aba87ae",
      "name": "SkillBonus",
      "amount": 1.0,
      "operation": 0,
      "player_multiplier": {
        "type": "skilltree:none"
      },
      "player_condition": {
        "item_condition": {
          "equipment_type": "shield",
          "type": "skilltree:equipment_type"
        },
        "type": "skilltree:has_item_in_hand"
      }
    }
  ],
  "directConnections": [],
  "longConnections": [],
  "oneWayConnections": [],
  "tags": [],
  "backgroundTexture": "skilltree:textures/icons/background/notable.png",
  "iconTexture": "skilltree:textures/icons/blacksmith_healing_notable_1.png",
  "borderTexture": "skilltree:textures/tooltip/notable.png",
  "titleColor": "",
  "positionX": -223.96774,
  "positionY": 0.65472424,
  "buttonSize": 20,
  "isStartingPoint": false
}