{
  "id": "skilltree:blacksmith_subclass_2_life_notable_1",
  "bonuses": [
    {
      "type": "skilltree:attribute",
      "attribute": "minecraft:generic.max_health",
      "id": "09133fb8-23b3-4267-a57b-516ee8f10fa8",
      "name": "Skill",
      "amount": 10.0,
      "operation": 0,
      "player_multiplier": {
        "item_condition": {
          "equipment_type": "shield",
          "type": "skilltree:equipment_type"
        },
        "type": "skilltree:gems_amount"
      },
      "player_condition": {
        "type": "skilltree:none"
      }
    }
  ],
  "directConnections": [],
  "longConnections": [],
  "oneWayConnections": [],
  "tags": [],
  "backgroundTexture": "skilltree:textures/icons/background/notable.png",
  "iconTexture": "skilltree:textures/icons/blacksmith_subclass_2_life_notable_1.png",
  "borderTexture": "skilltree:textures/tooltip/notable.png",
  "title": "Blood Shield",
  "titleColor": "",
  "positionX": -428.889,
  "positionY": -128.728,
  "buttonSize": 20,
  "isStartingPoint": false
}