{
  "id": "skilltree:blacksmith_defensive_keystone_1",
  "bonuses": [
    {
      "type": "skilltree:attribute",
      "attribute": "minecraft:generic.armor",
      "id": "b30c0a82-03b9-4432-b465-c962f6c66e97",
      "name": "SkillBonus",
      "amount": 0.1,
      "operation": 1,
      "player_multiplier": {
        "type": "skilltree:none"
      },
      "player_condition": {
        "attribute": "minecraft:generic.armor",
        "min": 50.0,
        "type": "skilltree:attribute_value"
      }
    },
    {
      "type": "skilltree:attribute",
      "attribute": "minecraft:generic.armor",
      "id": "cd99c8a3-bf24-431d-91a6-6a49caad98ee",
      "name": "SkillBonus",
      "amount": 0.1,
      "operation": 1,
      "player_multiplier": {
        "type": "skilltree:none"
      },
      "player_condition": {
        "attribute": "minecraft:generic.armor",
        "min": 100.0,
        "type": "skilltree:attribute_value"
      }
    }
  ],
  "directConnections": [],
  "longConnections": [],
  "oneWayConnections": [],
  "tags": [],
  "backgroundTexture": "skilltree:textures/icons/background/keystone.png",
  "iconTexture": "skilltree:textures/icons/blacksmith_defensive_keystone_1.png",
  "borderTexture": "skilltree:textures/tooltip/keystone.png",
  "titleColor": "",
  "positionX": -359.13812,
  "positionY": -145.01605,
  "buttonSize": 32,
  "isStartingPoint": false
}