{
  "id": "skilltree:blacksmith_crafting_2",
  "bonuses": [
    {
      "type": "skilltree:free_enchantment",
      "chance": 0.05
    },
    {
      "type": "skilltree:crafted_item_bonus",
      "item_condition": {
        "potion_type": "any",
        "type": "skilltree:potion"
      },
      "item_bonus": {
        "amount": 0.15,
        "operation": 1,
        "type": "skilltree:durability"
      }
    }
  ],
  "directConnections": [
    "skilltree:blacksmith_crafting_3"
  ],
  "longConnections": [],
  "oneWayConnections": [],
  "tags": [],
  "backgroundTexture": "skilltree:textures/icons/background/lesser.png",
  "iconTexture": "skilltree:textures/icons/miner_subclass_1_mastery.png",
  "borderTexture": "skilltree:textures/tooltip/lesser.png",
  "title": "Class Enhancer",
  "titleColor": "",
  "positionX": -81.40338,
  "positionY": -47.005203,
  "buttonSize": 16,
  "isStartingPoint": false
}