{
  "id": "skilltree:blacksmith_lesser_1",
  "bonuses": [
    {
      "type": "skilltree:loot_duplication",
      "chance": 0.1,
      "multiplier": 2.0,
      "loot_type": "gems"
    }
  ],
  "directConnections": [
    "skilltree:blacksmith_lesser_3"
  ],
  "longConnections": [],
  "oneWayConnections": [],
  "tags": [],
  "backgroundTexture": "skilltree:textures/icons/background/lesser.png",
  "iconTexture": "skilltree:textures/icons/miner_mastery.png",
  "borderTexture": "skilltree:textures/tooltip/lesser.png",
  "title": "Archaeologist",
  "titleColor": "",
  "positionX": -294.177,
  "positionY": -137.529,
  "buttonSize": 16,
  "isStartingPoint": false
}