{
  "id": "skilltree:blacksmith_subclass_2_crafting_notable_1",
  "bonuses": [
    {
      "type": "skilltree:attribute",
      "attribute": "minecraft:generic.max_health",
      "id": "36c05540-ab7d-4654-8fdd-bc5c5a08531b",
      "name": "Skill",
      "amount": 10.0,
      "operation": 0,
      "player_multiplier": {
        "item_condition": {
          "equipment_type": "helmet",
          "type": "skilltree:equipment_type"
        },
        "type": "skilltree:gems_amount"
      },
      "player_condition": {
        "type": "skilltree:none"
      }
    }
  ],
  "directConnections": [],
  "longConnections": [],
  "oneWayConnections": [],
  "tags": [],
  "backgroundTexture": "skilltree:textures/icons/background/notable.png",
  "iconTexture": "skilltree:textures/icons/cook_subclass_1.png",
  "borderTexture": "skilltree:textures/tooltip/notable.png",
  "title": "Blood Helmet",
  "titleColor": "",
  "positionX": -470.872,
  "positionY": -56.015,
  "buttonSize": 20,
  "isStartingPoint": false
}