{
  "id": "skilltree:blacksmith_healing_1",
  "bonuses": [
    {
      "type": "skilltree:attribute",
      "attribute": "skilltree:regeneration",
      "id": "52a245c1-7ee8-4980-8fe2-a90a18b6e64a",
      "name": "SkillBonus",
      "amount": 0.1,
      "operation": 0,
      "player_multiplier": {
        "type": "skilltree:none"
      },
      "player_condition": {
        "type": "skilltree:none"
      }
    }
  ],
  "directConnections": [
    "skilltree:blacksmith_healing_3"
  ],
  "longConnections": [],
  "oneWayConnections": [],
  "tags": [],
  "backgroundTexture": "skilltree:textures/icons/background/lesser.png",
  "iconTexture": "skilltree:textures/icons/blacksmith_healing_1.png",
  "borderTexture": "skilltree:textures/tooltip/lesser.png",
  "titleColor": "",
  "positionX": -183.631,
  "positionY": -18.008415,
  "buttonSize": 16,
  "isStartingPoint": false
}