{
  "id": "skilltree:blacksmith_mastery",
  "bonuses": [
    {
      "type": "skilltree:crafted_item_bonus",
      "item_condition": {
        "equipment_type": "any",
        "type": "skilltree:equipment_type"
      },
      "item_bonus": {
        "amount": 0.5,
        "operation": 1,
        "type": "skilltree:durability"
      }
    },
    {
      "type": "skilltree:gem_power",
      "item_condition": {
        "type": "skilltree:none"
      },
      "multiplier": 0.5
    }
  ],
  "directConnections": [],
  "longConnections": [],
  "oneWayConnections": [
    "skilltree:new_skill_5"
  ],
  "tags": [],
  "backgroundTexture": "skilltree:textures/icons/background/keystone.png",
  "iconTexture": "skilltree:textures/icons/blacksmith_mastery.png",
  "borderTexture": "skilltree:textures/tooltip/keystone.png",
  "titleColor": "",
  "positionX": -354.65396,
  "positionY": -204.78629,
  "buttonSize": 32,
  "isStartingPoint": false
}