{
  "id": "skilltree:blacksmith_class",
  "bonuses": [
    {
      "type": "skilltree:crafted_item_bonus",
      "item_condition": {
        "equipment_type": "any",
        "type": "skilltree:equipment_type"
      },
      "item_bonus": {
        "amount": 0.5,
        "operation": 1,
        "type": "skilltree:durability"
      }
    },
    {
      "type": "skilltree:player_sockets",
      "item_condition": {
        "equipment_type": "any",
        "type": "skilltree:equipment_type"
      },
      "sockets": 2
    },
    {
      "type": "skilltree:gem_power",
      "item_condition": {
        "type": "skilltree:none"
      },
      "multiplier": 0.5
    },
    {
      "type": "skilltree:recipe_unlock",
      "recipe_id": "exclusive_skill:blacksmith"
    }
  ],
  "directConnections": [
    "skilltree:blacksmith_defensive_1",
    "skilltree:blacksmith_offensive_1",
    "skilltree:blacksmith_defensive_crafting_1",
    "skilltree:blacksmith_offensive_crafting_1"
  ],
  "longConnections": [],
  "oneWayConnections": [],
  "tags": [],
  "backgroundTexture": "skilltree:textures/icons/background/class.png",
  "iconTexture": "skilltree:textures/icons/blacksmith_class.png",
  "borderTexture": "skilltree:textures/tooltip/lesser.png",
  "titleColor": "",
  "positionX": -134.13123,
  "positionY": -75.50894,
  "buttonSize": 24,
  "isStartingPoint": true,
  "description": [
    {
      "f_131101_": {
        "f_131257_": 8092645
      },
      "translate": "skill_bonus.skilltree.crafted_item_bonus",
      "with": [
        {
          "translate": "item_condition.skilltree.equipment_type.any"
        },
        {
          "f_131101_": {
            "f_131257_": 8041442
          },
          "translate": "attribute.modifier.plus.1",
          "with": [
            "50",
            {
              "translate": "item_bonus.skilltree.durability"
            }
          ]
        }
      ]
    },
    {
      "f_131101_": {
        "f_131257_": 8092645
      },
      "translate": "attribute.modifier.plus.0",
      "with": [
        "2",
        {
          "translate": "skill_bonus.skilltree.player_sockets",
          "with": [
            {
              "translate": "item_condition.skilltree.equipment_type.any"
            }
          ]
        }
      ]
    },
    {
      "f_131101_": {
        "f_131257_": 8092645
      },
      "translate": "skill_bonus.skilltree.gem_power",
      "with": [
        {
          "translate": "item_condition.skilltree.none"
        },
        {
          "f_131101_": {
            "f_131257_": 8041442
          },
          "translate": "attribute.modifier.plus.1",
          "with": [
            "50",
            {
              "translate": "skill_bonus.skilltree.gem_power.bonus"
            }
          ]
        }
      ]
    },
    {
      "f_131101_": {
        "f_131257_": 8092645
      },
      "f_131102_": true,
      "text": "Skill allows you to easily craft:"
    },
    {
      "f_131101_": {
        "f_131257_": 8092645
      },
      "f_131102_": false,
      "f_131103_": true,
      "text": "Sigil Of Withdrawal"
    }
  ]
}