{
  "id": "skilltree:blacksmith_subclass_2_life_1",
  "bonuses": [
    {
      "type": "skilltree:attribute",
      "attribute": "attributeslib:mining_speed",
      "id": "e0b13ce4-ab64-4a9a-854e-6e1599d008b6",
      "name": "Skill",
      "amount": 0.1,
      "operation": 2,
      "player_multiplier": {
        "type": "skilltree:none"
      },
      "player_condition": {
        "type": "skilltree:crouching"
      }
    }
  ],
  "directConnections": [
    "skilltree:blacksmith_subclass_2_life_2"
  ],
  "longConnections": [],
  "oneWayConnections": [],
  "tags": [],
  "backgroundTexture": "skilltree:textures/icons/background/lesser.png",
  "iconTexture": "skilltree:textures/icons/miner_lesser_1.png",
  "borderTexture": "skilltree:textures/tooltip/lesser.png",
  "title": "Mining Speed",
  "titleColor": "",
  "positionX": -361.3419,
  "positionY": -59.72351,
  "buttonSize": 16,
  "isStartingPoint": false
}