{
  "id": "skilltree:blacksmith_offensive_crafting_3",
  "bonuses": [
    {
      "type": "skilltree:gem_power",
      "item_condition": {
        "equipment_type": "weapon",
        "type": "skilltree:equipment_type"
      },
      "multiplier": 0.1
    },
    {
      "type": "skilltree:gem_power",
      "item_condition": {
        "equipment_type": "tool",
        "type": "skilltree:equipment_type"
      },
      "multiplier": 0.1
    }
  ],
  "directConnections": [
    "skilltree:blacksmith_offensive_crafting_4"
  ],
  "longConnections": [],
  "oneWayConnections": [],
  "tags": [],
  "backgroundTexture": "skilltree:textures/icons/background/lesser.png",
  "iconTexture": "skilltree:textures/icons/miner_offensive_crafting_1.png",
  "borderTexture": "skilltree:textures/tooltip/lesser.png",
  "title": "Gems Power in Weapons and Tools",
  "titleColor": "",
  "positionX": -131.64832,
  "positionY": -136.04173,
  "buttonSize": 16,
  "isStartingPoint": false
}