{
  "id": "skilltree:blacksmith_subclass_2_life_4",
  "bonuses": [
    {
      "type": "skilltree:attribute",
      "attribute": "attributeslib:mining_speed",
      "id": "f51db299-a123-4b0a-8dad-cf8833c94692",
      "name": "Skill",
      "amount": 0.1,
      "operation": 2,
      "player_multiplier": {
        "type": "skilltree:none"
      },
      "player_condition": {
        "type": "skilltree:crouching"
      }
    }
  ],
  "directConnections": [
    "skilltree:blacksmith_subclass_2_life_notable_1"
  ],
  "longConnections": [],
  "oneWayConnections": [],
  "tags": [],
  "backgroundTexture": "skilltree:textures/icons/background/lesser.png",
  "iconTexture": "skilltree:textures/icons/miner_lesser_1.png",
  "borderTexture": "skilltree:textures/tooltip/lesser.png",
  "title": "Mining Speed",
  "titleColor": "",
  "positionX": -428.8894,
  "positionY": -98.72784,
  "buttonSize": 16,
  "isStartingPoint": false
}