{
  "id": "skilltree:blacksmith_healing_3",
  "bonuses": [
    {
      "type": "skilltree:attribute",
      "attribute": "skilltree:regeneration",
      "id": "c2f3aa72-5731-4aa2-bbea-9eaa3609fdf7",
      "name": "SkillBonus",
      "amount": 0.1,
      "operation": 0,
      "player_multiplier": {
        "type": "skilltree:none"
      },
      "player_condition": {
        "type": "skilltree:none"
      }
    }
  ],
  "directConnections": [
    "skilltree:blacksmith_healing_2",
    "skilltree:blacksmith_healing_4"
  ],
  "longConnections": [],
  "oneWayConnections": [],
  "tags": [],
  "backgroundTexture": "skilltree:textures/icons/background/lesser.png",
  "iconTexture": "skilltree:textures/icons/blacksmith_healing_1.png",
  "borderTexture": "skilltree:textures/tooltip/lesser.png",
  "titleColor": "",
  "positionX": -165.24622,
  "positionY": 0.37635994,
  "buttonSize": 16,
  "isStartingPoint": false
}