{
  "id": "skilltree:blacksmith_subclass_1_crafting_notable_1",
  "bonuses": [
    {
      "type": "skilltree:attribute",
      "attribute": "attributeslib:crit_chance",
      "id": "06c8792b-cccf-44d0-9c8d-936139a181e9",
      "name": "Skill",
      "amount": 0.15,
      "operation": 0,
      "player_multiplier": {
        "type": "skilltree:none"
      },
      "player_condition": {
        "type": "skilltree:none"
      }
    }
  ],
  "directConnections": [],
  "longConnections": [],
  "oneWayConnections": [],
  "tags": [],
  "backgroundTexture": "skilltree:textures/icons/background/notable.png",
  "iconTexture": "skilltree:textures/icons/blacksmith_subclass_1_crafting_notable_1.png",
  "borderTexture": "skilltree:textures/tooltip/notable.png",
  "titleColor": "",
  "positionX": -283.92178,
  "positionY": -379.80984,
  "buttonSize": 20,
  "isStartingPoint": false,
  "description": [
    {
      "f_131101_": {
        "f_131257_": 8092645
      },
      "translate": "attribute.modifier.plus.1",
      "with": [
        "15",
        {
          "translate": "attributeslib:crit_chance"
        }
      ]
    }
  ]
}