{
  "id": "skilltree:blacksmith_subclass_special",
  "bonuses": [
    {
      "type": "skilltree:loot_duplication",
      "chance": 0.025,
      "multiplier": 3.0,
      "loot_type": "mobs"
    }
  ],
  "directConnections": [],
  "longConnections": [],
  "oneWayConnections": [],
  "tags": [],
  "backgroundTexture": "skilltree:textures/icons/background/notable.png",
  "iconTexture": "skilltree:textures/icons/blacksmith_subclass_special_1.png",
  "borderTexture": "skilltree:textures/tooltip/notable.png",
  "titleColor": "",
  "positionX": -211.17679,
  "positionY": -365.8061,
  "buttonSize": 20,
  "isStartingPoint": false
}