{
  "id": "skilltree:blacksmith_offensive_crafting_keystone_1",
  "bonuses": [
    {
      "type": "skilltree:gem_power",
      "item_condition": {
        "equipment_type": "weapon",
        "type": "skilltree:equipment_type"
      },
      "multiplier": 0.3
    },
    {
      "type": "skilltree:gem_power",
      "item_condition": {
        "equipment_type": "tool",
        "type": "skilltree:equipment_type"
      },
      "multiplier": 0.3
    }
  ],
  "directConnections": [],
  "longConnections": [],
  "oneWayConnections": [],
  "tags": [],
  "backgroundTexture": "skilltree:textures/icons/background/keystone.png",
  "iconTexture": "skilltree:textures/icons/miner_offensive_crafting_keystone_1.png",
  "borderTexture": "skilltree:textures/tooltip/keystone.png",
  "titleColor": "",
  "positionX": -247.12148,
  "positionY": -250.06187,
  "buttonSize": 32,
  "isStartingPoint": false
}