{
  "id": "skilltree:blacksmith_defensive_crafting_7",
  "bonuses": [
    {
      "type": "skilltree:gem_power",
      "item_condition": {
        "equipment_type": "armor",
        "type": "skilltree:equipment_type"
      },
      "multiplier": 0.1
    }
  ],
  "directConnections": [
    "skilltree:blacksmith_defensive_crafting_keystone_1"
  ],
  "longConnections": [],
  "oneWayConnections": [],
  "tags": [],
  "backgroundTexture": "skilltree:textures/icons/background/lesser.png",
  "iconTexture": "skilltree:textures/icons/miner_defensive_crafting_1.png",
  "borderTexture": "skilltree:textures/tooltip/lesser.png",
  "title": "Gems Power in Armor",
  "titleColor": "",
  "positionX": -310.66266,
  "positionY": -72.0113,
  "buttonSize": 16,
  "isStartingPoint": false
}