{
  "id": "skilltree:cook_subclass_1_mastery",
  "bonuses": [
    {
      "type": "skilltree:healing",
      "chance": 1.0,
      "amount": 2.0,
      "event_listener": {
        "damage_condition": {
          "type": "skilltree:none"
        },
        "enemy_condition": {
          "type": "skilltree:none"
        },
        "player_condition": {
          "max": 0.5,
          "type": "skilltree:health_percentage"
        },
        "enemy_multiplier": {
          "type": "skilltree:none"
        },
        "player_multiplier": {
          "type": "skilltree:none"
        },
        "target": "player",
        "type": "skilltree:attack"
      }
    },
    {
      "type": "skilltree:attribute",
      "attribute": "attributeslib:crit_chance",
      "id": "3acad77f-a687-4834-9cb0-b247c53d10ed",
      "name": "Skill",
      "amount": 0.35,
      "operation": 0,
      "player_multiplier": {
        "type": "skilltree:none"
      },
      "player_condition": {
        "max": 0.5,
        "type": "skilltree:health_percentage"
      }
    }
  ],
  "directConnections": [
    "skilltree:cook_subclass_1_offensive_4"
  ],
  "longConnections": [],
  "oneWayConnections": [],
  "tags": [],
  "backgroundTexture": "skilltree:textures/icons/background/keystone.png",
  "iconTexture": "skilltree:textures/icons/cook_subclass_1_offensive_notable_1.png",
  "borderTexture": "skilltree:textures/tooltip/keystone.png",
  "titleColor": "",
  "positionX": 142.97267,
  "positionY": -451.96072,
  "buttonSize": 32,
  "isStartingPoint": false,
  "description": [
    {
      "f_131101_": {
        "f_131257_": 8092645
      },
      "translate": "living_condition.skilltree.health_percentage.max",
      "with": [
        {
          "translate": "event_listener.skilltree.attack",
          "with": [
            {
              "translate": "skill_bonus.skilltree.healing.player",
              "with": [
                "2"
              ]
            }
          ]
        },
        {
          "translate": "living_condition.skilltree.health_percentage.target.you"
        },
        "50"
      ]
    },
    {
      "f_131101_": {
        "f_131257_": 8092645
      },
      "translate": "living_condition.skilltree.health_percentage.max",
      "with": [
        {
          "translate": "attribute.modifier.plus.1",
          "with": [
            "35",
            {
              "translate": "attributeslib:crit_chance"
            }
          ]
        },
        {
          "translate": "living_condition.skilltree.health_percentage.target.you"
        },
        "50"
      ]
    }
  ]
}