{
  "id": "skilltree:cook_crit_1",
  "bonuses": [
    {
      "type": "skilltree:attribute",
      "attribute": "attributeslib:crit_chance",
      "id": "e48505e6-194a-4014-81f0-4d5b151f5da2",
      "name": "Skill",
      "amount": 0.02,
      "operation": 0,
      "player_multiplier": {
        "type": "skilltree:none"
      },
      "player_condition": {
        "min": 15,
        "type": "skilltree:food_level"
      }
    }
  ],
  "directConnections": [
    "skilltree:cook_crit_notable_1"
  ],
  "longConnections": [],
  "oneWayConnections": [],
  "tags": [],
  "backgroundTexture": "skilltree:textures/icons/background/lesser.png",
  "iconTexture": "skilltree:textures/icons/cook_crit_1.png",
  "borderTexture": "skilltree:textures/tooltip/lesser.png",
  "titleColor": "",
  "positionX": -27.99701,
  "positionY": -297.53247,
  "buttonSize": 16,
  "isStartingPoint": false,
  "description": [
    {
      "f_131101_": {
        "f_131257_": 8092645
      },
      "translate": "living_condition.skilltree.food_level.min",
      "with": [
        {
          "translate": "attribute.modifier.plus.1",
          "with": [
            "2",
            {
              "translate": "attributeslib:crit_chance"
            }
          ]
        },
        {
          "translate": "living_condition.skilltree.food_level.target.you"
        },
        "15"
      ]
    }
  ]
}