{
  "id": "skilltree:cook_class",
  "bonuses": [
    {
      "type": "skilltree:loot_duplication",
      "chance": 0.1,
      "multiplier": 1.0,
      "loot_type": "mobs"
    },
    {
      "type": "skilltree:loot_duplication",
      "chance": 0.1,
      "multiplier": 1.0,
      "loot_type": "fishing"
    }
  ],
  "directConnections": [
    "skilltree:cook_defensive_1",
    "skilltree:cook_offensive_1",
    "skilltree:cook_defensive_crafting_1",
    "skilltree:cook_offensive_crafting_1"
  ],
  "longConnections": [],
  "oneWayConnections": [],
  "tags": [],
  "backgroundTexture": "skilltree:textures/icons/background/class.png",
  "iconTexture": "skilltree:textures/icons/hunter_mastery.png",
  "borderTexture": "skilltree:textures/tooltip/lesser.png",
  "title": "Merchant",
  "titleColor": "",
  "positionX": 0.0,
  "positionY": -152.0,
  "buttonSize": 24,
  "isStartingPoint": true
}