{
  "id": "skilltree:cook_offensive_crafting_4",
  "bonuses": [
    {
      "type": "skilltree:attribute",
      "attribute": "minecraft:generic.max_health",
      "id": "d5d601b9-076b-4d3d-8d74-600980a63c19",
      "name": "Skill",
      "amount": 4.0,
      "operation": 0,
      "player_multiplier": {
        "type": "skilltree:none"
      },
      "player_condition": {
        "item_condition": {
          "tag_id": "forge:curios/jewelry",
          "type": "skilltree:tag"
        },
        "type": "skilltree:has_item_equipped"
      }
    }
  ],
  "directConnections": [
    "skilltree:cook_offensive_notable_1"
  ],
  "longConnections": [],
  "oneWayConnections": [],
  "tags": [],
  "backgroundTexture": "skilltree:textures/icons/background/lesser.png",
  "iconTexture": "skilltree:textures/icons/cook_subclass_2_life_1.png",
  "borderTexture": "skilltree:textures/tooltip/lesser.png",
  "title": "Blessed Jewels",
  "titleColor": "",
  "positionX": 64.98412,
  "positionY": -204.5458,
  "buttonSize": 16,
  "isStartingPoint": false
}