{
  "id": "skilltree:cook_defensive_crafting_1",
  "bonuses": [
    {
      "type": "skilltree:gained_experience",
      "multiplier": 3.0,
      "experience_source": "fishing"
    }
  ],
  "directConnections": [
    "skilltree:cook_defensive_crafting_2"
  ],
  "longConnections": [],
  "oneWayConnections": [],
  "tags": [],
  "backgroundTexture": "skilltree:textures/icons/background/lesser.png",
  "iconTexture": "skilltree:textures/icons/cook_subclass_2_crafting_1.png",
  "borderTexture": "skilltree:textures/tooltip/lesser.png",
  "title": "Slow Life",
  "titleColor": "",
  "positionX": -25.981,
  "positionY": -137.001,
  "buttonSize": 16,
  "isStartingPoint": false
}