{
  "id": "skilltree:cook_defensive_crafting_keystone_1",
  "bonuses": [
    {
      "type": "skilltree:gained_experience",
      "multiplier": 9.0,
      "experience_source": "fishing"
    },
    {
      "type": "skilltree:attribute",
      "attribute": "minecraft:generic.luck",
      "id": "c7a47e21-755e-404c-8307-63b1c466d67e",
      "name": "Skill",
      "amount": 5.0,
      "operation": 0,
      "player_multiplier": {
        "type": "skilltree:none"
      },
      "player_condition": {
        "type": "skilltree:fishing"
      }
    }
  ],
  "directConnections": [],
  "longConnections": [],
  "oneWayConnections": [],
  "tags": [],
  "backgroundTexture": "skilltree:textures/icons/background/keystone.png",
  "iconTexture": "skilltree:textures/icons/cook_subclass_2_crafting_notable_1.png",
  "borderTexture": "skilltree:textures/tooltip/keystone.png",
  "title": "Fisherman",
  "titleColor": "",
  "positionX": -92.978,
  "positionY": -339.05,
  "buttonSize": 32,
  "isStartingPoint": false
}