{
  "id": "skilltree:cook_subclass_2_crafting_1",
  "bonuses": [
    {
      "type": "skilltree:attribute",
      "attribute": "minecraft:generic.movement_speed",
      "id": "5fb18956-6ce6-4bb2-bcde-87cd48afff64",
      "name": "Skill",
      "amount": 0.03,
      "operation": 1,
      "player_multiplier": {
        "type": "skilltree:none"
      },
      "player_condition": {
        "type": "skilltree:none"
      }
    }
  ],
  "directConnections": [
    "skilltree:cook_subclass_2_crafting_2"
  ],
  "longConnections": [],
  "oneWayConnections": [],
  "tags": [],
  "backgroundTexture": "skilltree:textures/icons/background/lesser.png",
  "iconTexture": "skilltree:textures/icons/cook_offensive_1.png",
  "borderTexture": "skilltree:textures/tooltip/lesser.png",
  "title": "Energized",
  "titleColor": "",
  "positionX": -160.956,
  "positionY": -342.799,
  "buttonSize": 16,
  "isStartingPoint": false
}