{
  "id": "skilltree:cook_crit_notable_1",
  "bonuses": [
    {
      "type": "skilltree:attribute",
      "attribute": "attributeslib:crit_damage",
      "id": "9b6ea1af-e465-4bbb-8582-4687a22ed6cc",
      "name": "Skill",
      "amount": 0.01,
      "operation": 0,
      "player_multiplier": {
        "type": "skilltree:food_level"
      },
      "player_condition": {
        "type": "skilltree:none"
      }
    }
  ],
  "directConnections": [],
  "longConnections": [],
  "oneWayConnections": [],
  "tags": [],
  "backgroundTexture": "skilltree:textures/icons/background/notable.png",
  "iconTexture": "skilltree:textures/icons/cook_crit_notable_1.png",
  "borderTexture": "skilltree:textures/tooltip/notable.png",
  "titleColor": "",
  "positionX": 0.0059814453,
  "positionY": -297.52728,
  "buttonSize": 20,
  "isStartingPoint": false,
  "description": [
    {
      "f_131101_": {
        "f_131257_": 8092645
      },
      "translate": "skill_bonus_multiplier.skilltree.food_level.player",
      "with": [
        {
          "translate": "attribute.modifier.plus.1",
          "with": [
            "1",
            {
              "translate": "attributeslib:crit_damage"
            }
          ]
        }
      ]
    }
  ]
}