{
  "id": "skilltree:cook_lesser_3",
  "bonuses": [
    {
      "type": "skilltree:loot_duplication",
      "chance": 0.015,
      "multiplier": 2.0,
      "loot_type": "mobs"
    },
    {
      "type": "skilltree:loot_duplication",
      "chance": 0.015,
      "multiplier": 2.0,
      "loot_type": "fishing"
    }
  ],
  "directConnections": [],
  "longConnections": [],
  "oneWayConnections": [],
  "tags": [],
  "backgroundTexture": "skilltree:textures/icons/background/lesser.png",
  "iconTexture": "skilltree:textures/icons/cook_lesser_1.png",
  "borderTexture": "skilltree:textures/tooltip/lesser.png",
  "title": "Looting",
  "titleColor": "",
  "positionX": -27.99701,
  "positionY": -349.53247,
  "buttonSize": 16,
  "isStartingPoint": false
}