{
  "id": "skilltree:cook_subclass_1_crafting_5",
  "bonuses": [
    {
      "type": "skilltree:attribute",
      "attribute": "attributeslib:mining_speed",
      "id": "afbf9ecd-6755-4e80-8d4a-5a02d91950fd",
      "name": "Skill",
      "amount": 0.4,
      "operation": 1,
      "player_multiplier": {
        "type": "skilltree:none"
      },
      "player_condition": {
        "item_condition": {
          "equipment_type": "axe",
          "type": "skilltree:equipment_type"
        },
        "type": "skilltree:has_item_in_hand"
      }
    },
    {
      "type": "skilltree:attribute",
      "attribute": "attributeslib:crit_chance",
      "id": "a3a76c40-d284-49f5-9590-206b0f04ffb0",
      "name": "Skill",
      "amount": 0.05,
      "operation": 0,
      "player_multiplier": {
        "type": "skilltree:none"
      },
      "player_condition": {
        "item_condition": {
          "equipment_type": "axe",
          "type": "skilltree:equipment_type"
        },
        "type": "skilltree:has_item_in_hand"
      }
    }
  ],
  "directConnections": [
    "skilltree:cook_subclass_special"
  ],
  "longConnections": [],
  "oneWayConnections": [],
  "tags": [],
  "backgroundTexture": "skilltree:textures/icons/background/lesser.png",
  "iconTexture": "skilltree:textures/icons/cook_subclass_1_crafting_1.png",
  "borderTexture": "skilltree:textures/tooltip/lesser.png",
  "title": "Axes Critical Chance",
  "titleColor": "",
  "positionX": 183.48875,
  "positionY": -381.7825,
  "buttonSize": 16,
  "isStartingPoint": false,
  "description": [
    {
      "f_131101_": {
        "f_131257_": 8092645
      },
      "translate": "living_condition.skilltree.has_item_in_hand",
      "with": [
        {
          "translate": "attribute.modifier.plus.1",
          "with": [
            "40",
            {
              "translate": "attributeslib:mining_speed"
            }
          ]
        },
        {
          "translate": "living_condition.skilltree.has_item_in_hand.target.you"
        },
        {
          "translate": "item_condition.skilltree.equipment_type.axe"
        }
      ]
    },
    {
      "f_131101_": {
        "f_131257_": 8092645
      },
      "translate": "living_condition.skilltree.has_item_in_hand",
      "with": [
        {
          "translate": "attribute.modifier.plus.1",
          "with": [
            "5",
            {
              "translate": "attributeslib:crit_chance"
            }
          ]
        },
        {
          "translate": "living_condition.skilltree.has_item_in_hand.target.you"
        },
        {
          "translate": "item_condition.skilltree.equipment_type.axe"
        }
      ]
    }
  ]
}