{
  "id": "skilltree:cook_offensive_crafting_2",
  "bonuses": [
    {
      "type": "skilltree:attribute",
      "attribute": "minecraft:generic.max_health",
      "id": "9463d5ff-312a-4d7a-958e-b5c80e6d80bd",
      "name": "Skill",
      "amount": 4.0,
      "operation": 0,
      "player_multiplier": {
        "type": "skilltree:none"
      },
      "player_condition": {
        "item_condition": {
          "tag_id": "forge:curios/jewelry",
          "type": "skilltree:tag"
        },
        "type": "skilltree:has_item_equipped"
      }
    }
  ],
  "directConnections": [
    "skilltree:cook_offensive_crafting_3"
  ],
  "longConnections": [],
  "oneWayConnections": [],
  "tags": [],
  "backgroundTexture": "skilltree:textures/icons/background/lesser.png",
  "iconTexture": "skilltree:textures/icons/cook_subclass_2_life_1.png",
  "borderTexture": "skilltree:textures/tooltip/lesser.png",
  "title": "Blessed Jewels",
  "titleColor": "",
  "positionX": 38.981243,
  "positionY": -159.51416,
  "buttonSize": 16,
  "isStartingPoint": false
}