{
  "id": "skilltree:cook_subclass_special",
  "bonuses": [
    {
      "type": "skilltree:gained_experience",
      "multiplier": 10.0,
      "experience_source": "ore"
    }
  ],
  "directConnections": [],
  "longConnections": [],
  "oneWayConnections": [],
  "tags": [],
  "backgroundTexture": "skilltree:textures/icons/background/notable.png",
  "iconTexture": "skilltree:textures/icons/enchanter_subclass_2_life_1.png",
  "borderTexture": "skilltree:textures/tooltip/notable.png",
  "titleColor": "",
  "positionX": 211.20055,
  "positionY": -365.78073,
  "buttonSize": 20,
  "isStartingPoint": false
}