{
  "id": "skilltree:cook_subclass_2_crafting_4",
  "bonuses": [
    {
      "type": "skilltree:attribute",
      "attribute": "minecraft:generic.movement_speed",
      "id": "8f2e2210-66a7-4280-adad-d05e7b41268c",
      "name": "Skill",
      "amount": 0.03,
      "operation": 1,
      "player_multiplier": {
        "type": "skilltree:none"
      },
      "player_condition": {
        "type": "skilltree:none"
      }
    }
  ],
  "directConnections": [
    "skilltree:cook_subclass_2_mastery",
    "skilltree:cook_subclass_2_crafting_notable_1"
  ],
  "longConnections": [],
  "oneWayConnections": [],
  "tags": [],
  "backgroundTexture": "skilltree:textures/icons/background/lesser.png",
  "iconTexture": "skilltree:textures/icons/cook_offensive_1.png",
  "borderTexture": "skilltree:textures/tooltip/lesser.png",
  "title": "Energized",
  "titleColor": "",
  "positionX": -160.95645,
  "positionY": -420.79865,
  "buttonSize": 16,
  "isStartingPoint": false
}