{
  "id": "skilltree:cook_offensive_crafting_keystone_1",
  "bonuses": [
    {
      "type": "skilltree:attribute",
      "attribute": "minecraft:generic.max_health",
      "id": "175d177d-a056-42c4-9588-a4eb8542a430",
      "name": "Skill",
      "amount": 2.0,
      "operation": 0,
      "player_multiplier": {
        "item_condition": {
          "tag_id": "forge:curios/jewelry",
          "type": "skilltree:tag"
        },
        "type": "skilltree:gems_amount"
      },
      "player_condition": {
        "type": "skilltree:none"
      }
    },
    {
      "type": "skilltree:attribute",
      "attribute": "skilltree:regeneration",
      "id": "0ef24b9c-36d5-477e-bab9-17ecbe2b6fde",
      "name": "Skill",
      "amount": 2.0,
      "operation": 0,
      "player_multiplier": {
        "type": "skilltree:none"
      },
      "player_condition": {
        "type": "skilltree:fishing"
      }
    }
  ],
  "directConnections": [],
  "longConnections": [],
  "oneWayConnections": [],
  "tags": [],
  "backgroundTexture": "skilltree:textures/icons/background/keystone.png",
  "iconTexture": "skilltree:textures/icons/cook_subclass_2.png",
  "borderTexture": "skilltree:textures/tooltip/keystone.png",
  "title": "Peaceful Moment",
  "titleColor": "",
  "positionX": 92.987,
  "positionY": -339.041,
  "buttonSize": 32,
  "isStartingPoint": false
}