{
  "id": "skilltree:cook_crafting_2",
  "bonuses": [
    {
      "type": "skilltree:attribute",
      "attribute": "irons_spellbooks:max_mana",
      "id": "41320766-6665-4277-a2b0-203df6729650",
      "name": "Skill",
      "amount": 50.0,
      "operation": 0,
      "player_multiplier": {
        "type": "skilltree:none"
      },
      "player_condition": {
        "type": "skilltree:none"
      }
    },
    {
      "type": "skilltree:gained_experience",
      "multiplier": 0.025,
      "experience_source": "mobs"
    },
    {
      "type": "skilltree:gained_experience",
      "multiplier": 0.25,
      "experience_source": "ore"
    }
  ],
  "directConnections": [
    "skilltree:cook_crafting_3"
  ],
  "longConnections": [],
  "oneWayConnections": [],
  "tags": [],
  "backgroundTexture": "skilltree:textures/icons/background/lesser.png",
  "iconTexture": "skilltree:textures/icons/miner_subclass_1_mastery.png",
  "borderTexture": "skilltree:textures/tooltip/lesser.png",
  "title": "Class Enhancer",
  "titleColor": "",
  "positionX": 1.8614632E-14,
  "positionY": -94.0,
  "buttonSize": 16,
  "isStartingPoint": false
}