{
  "id": "skilltree:cook_subclass_2_crafting_2",
  "bonuses": [
    {
      "type": "skilltree:attribute",
      "attribute": "minecraft:generic.movement_speed",
      "id": "68c9ff91-ec78-4428-8e6b-e4fa6afff0ce",
      "name": "Skill",
      "amount": 0.03,
      "operation": 1,
      "player_multiplier": {
        "type": "skilltree:none"
      },
      "player_condition": {
        "type": "skilltree:none"
      }
    }
  ],
  "directConnections": [
    "skilltree:cook_subclass_2_crafting_3",
    "skilltree:cook_subclass_2_crafting_5"
  ],
  "longConnections": [],
  "oneWayConnections": [],
  "tags": [],
  "backgroundTexture": "skilltree:textures/icons/background/lesser.png",
  "iconTexture": "skilltree:textures/icons/cook_offensive_1.png",
  "borderTexture": "skilltree:textures/tooltip/lesser.png",
  "title": "Energized",
  "titleColor": "",
  "positionX": -160.95645,
  "positionY": -368.79865,
  "buttonSize": 16,
  "isStartingPoint": false
}