{
  "id": "skilltree:cook_subclass_1_crafting_notable_1",
  "bonuses": [
    {
      "type": "skilltree:attribute",
      "attribute": "attributeslib:mining_speed",
      "id": "51d9ae01-f247-43e5-b18a-40fd0d9287fc",
      "name": "Skill",
      "amount": 1.0,
      "operation": 1,
      "player_multiplier": {
        "type": "skilltree:none"
      },
      "player_condition": {
        "item_condition": {
          "equipment_type": "axe",
          "type": "skilltree:equipment_type"
        },
        "type": "skilltree:has_item_in_hand"
      }
    },
    {
      "type": "skilltree:attribute",
      "attribute": "attributeslib:crit_chance",
      "id": "1af03c2b-6703-4d1a-a27e-e1dbd3dcee2a",
      "name": "Skill",
      "amount": 0.15,
      "operation": 0,
      "player_multiplier": {
        "type": "skilltree:none"
      },
      "player_condition": {
        "item_condition": {
          "equipment_type": "axe",
          "type": "skilltree:equipment_type"
        },
        "type": "skilltree:has_item_in_hand"
      }
    }
  ],
  "directConnections": [],
  "longConnections": [],
  "oneWayConnections": [],
  "tags": [],
  "backgroundTexture": "skilltree:textures/icons/background/notable.png",
  "iconTexture": "skilltree:textures/icons/cook_subclass_1_crafting_notable_1.png",
  "borderTexture": "skilltree:textures/tooltip/notable.png",
  "titleColor": "",
  "positionX": 186.95293,
  "positionY": -435.7824,
  "buttonSize": 20,
  "isStartingPoint": false,
  "description": [
    {
      "f_131101_": {
        "f_131257_": 8092645
      },
      "translate": "living_condition.skilltree.has_item_in_hand",
      "with": [
        {
          "translate": "attribute.modifier.plus.1",
          "with": [
            "100",
            {
              "translate": "attributeslib:mining_speed"
            }
          ]
        },
        {
          "translate": "living_condition.skilltree.has_item_in_hand.target.you"
        },
        {
          "translate": "item_condition.skilltree.equipment_type.axe"
        }
      ]
    },
    {
      "f_131101_": {
        "f_131257_": 8092645
      },
      "translate": "living_condition.skilltree.has_item_in_hand",
      "with": [
        {
          "translate": "attribute.modifier.plus.1",
          "with": [
            "15",
            {
              "translate": "attributeslib:crit_chance"
            }
          ]
        },
        {
          "translate": "living_condition.skilltree.has_item_in_hand.target.you"
        },
        {
          "translate": "item_condition.skilltree.equipment_type.axe"
        }
      ]
    }
  ]
}