{
  "id": "skilltree:cook_speed_2",
  "bonuses": [
    {
      "type": "skilltree:attribute",
      "attribute": "minecraft:generic.attack_speed",
      "id": "86528ca4-9944-47bb-ba4d-567938a80ca4",
      "name": "SkillBonus",
      "amount": 0.02,
      "operation": 1,
      "player_multiplier": {
        "type": "skilltree:none"
      },
      "player_condition": {
        "min": 15,
        "type": "skilltree:food_level"
      }
    }
  ],
  "directConnections": [
    "skilltree:cook_speed_notable_1"
  ],
  "longConnections": [],
  "oneWayConnections": [],
  "tags": [],
  "backgroundTexture": "skilltree:textures/icons/background/lesser.png",
  "iconTexture": "skilltree:textures/icons/cook_speed_1.png",
  "borderTexture": "skilltree:textures/tooltip/lesser.png",
  "titleColor": "",
  "positionX": 28.005981,
  "positionY": -271.52728,
  "buttonSize": 16,
  "isStartingPoint": false
}