{
  "id": "skilltree:cook_subclass_2_life_notable_1",
  "bonuses": [
    {
      "type": "skilltree:attribute",
      "attribute": "minecraft:generic.armor",
      "id": "afb5d11d-d76d-4a64-85f0-c3600826e7f1",
      "name": "Skill",
      "amount": 0.5,
      "operation": 0,
      "player_multiplier": {
        "attribute": "skilltree:stealth",
        "divisor": 1.0,
        "type": "skilltree:attribute_value"
      },
      "player_condition": {
        "type": "skilltree:none"
      }
    }
  ],
  "directConnections": [],
  "longConnections": [],
  "oneWayConnections": [],
  "tags": [],
  "backgroundTexture": "skilltree:textures/icons/background/notable.png",
  "iconTexture": "skilltree:textures/icons/cook_offensive_crafting_keystone_1.png",
  "borderTexture": "skilltree:textures/tooltip/notable.png",
  "title": "Night Snack",
  "titleColor": "",
  "positionX": -102.974,
  "positionY": -435.796,
  "buttonSize": 20,
  "isStartingPoint": false
}