{
  "id": "skilltree:cook_offensive_crafting_3",
  "bonuses": [
    {
      "type": "skilltree:attribute",
      "attribute": "minecraft:generic.max_health",
      "id": "1597ba8c-8ea5-4e1a-9e86-b35f529b5ebe",
      "name": "Skill",
      "amount": 4.0,
      "operation": 0,
      "player_multiplier": {
        "type": "skilltree:none"
      },
      "player_condition": {
        "item_condition": {
          "tag_id": "forge:curios/jewelry",
          "type": "skilltree:tag"
        },
        "type": "skilltree:has_item_equipped"
      }
    }
  ],
  "directConnections": [
    "skilltree:cook_offensive_crafting_4"
  ],
  "longConnections": [],
  "oneWayConnections": [],
  "tags": [],
  "backgroundTexture": "skilltree:textures/icons/background/lesser.png",
  "iconTexture": "skilltree:textures/icons/cook_subclass_2_life_1.png",
  "borderTexture": "skilltree:textures/tooltip/lesser.png",
  "title": "Blessed Jewels",
  "titleColor": "",
  "positionX": 51.98268,
  "positionY": -182.02998,
  "buttonSize": 16,
  "isStartingPoint": false
}