{
  "id": "skilltree:cook_subclass_2_life_4",
  "bonuses": [
    {
      "type": "skilltree:attribute",
      "attribute": "attributeslib:mining_speed",
      "id": "84c48eb1-f0ea-430a-8160-926c7c0b77b0",
      "name": "Skill",
      "amount": 0.01,
      "operation": 2,
      "player_multiplier": {
        "type": "skilltree:food_level"
      },
      "player_condition": {
        "type": "skilltree:none"
      }
    }
  ],
  "directConnections": [
    "skilltree:cook_subclass_2_life_notable_1"
  ],
  "longConnections": [],
  "oneWayConnections": [],
  "tags": [],
  "backgroundTexture": "skilltree:textures/icons/background/lesser.png",
  "iconTexture": "skilltree:textures/icons/cook_offensive_crafting_1.png",
  "borderTexture": "skilltree:textures/tooltip/lesser.png",
  "title": "Mining Speed",
  "titleColor": "",
  "positionX": -128.956,
  "positionY": -420.797,
  "buttonSize": 16,
  "isStartingPoint": false
}