{
  "id": "skilltree:cook_defensive_notable_1",
  "bonuses": [
    {
      "type": "skilltree:attribute",
      "attribute": "minecraft:generic.armor",
      "id": "51f5276c-d9bc-47bf-8dd1-3c331399900a",
      "name": "SkillBonus",
      "amount": 10.0,
      "operation": 0,
      "player_multiplier": {
        "type": "skilltree:none"
      },
      "player_condition": {
        "min": 15,
        "type": "skilltree:food_level"
      }
    }
  ],
  "directConnections": [
    "skilltree:cook_defensive_4",
    "skilltree:cook_defensive_crafting_5",
    "skilltree:cook_subclass_2_defensive_1"
  ],
  "longConnections": [],
  "oneWayConnections": [],
  "tags": [],
  "backgroundTexture": "skilltree:textures/icons/background/notable.png",
  "iconTexture": "skilltree:textures/icons/cook_defensive_notable_1.png",
  "borderTexture": "skilltree:textures/tooltip/notable.png",
  "title": "Armored Eater",
  "titleColor": "",
  "positionX": -79.978,
  "positionY": -230.533,
  "buttonSize": 20,
  "isStartingPoint": false
}