{
  "id": "skilltree:cook_offensive_crafting_6",
  "bonuses": [
    {
      "type": "skilltree:attribute",
      "attribute": "minecraft:generic.max_health",
      "id": "b1647eb7-5196-4481-9c6a-418f9e62cab9",
      "name": "Skill",
      "amount": 4.0,
      "operation": 0,
      "player_multiplier": {
        "type": "skilltree:none"
      },
      "player_condition": {
        "item_condition": {
          "tag_id": "forge:curios/jewelry",
          "type": "skilltree:tag"
        },
        "type": "skilltree:has_item_equipped"
      }
    }
  ],
  "directConnections": [
    "skilltree:cook_offensive_crafting_7"
  ],
  "longConnections": [],
  "oneWayConnections": [],
  "tags": [],
  "backgroundTexture": "skilltree:textures/icons/background/lesser.png",
  "iconTexture": "skilltree:textures/icons/cook_subclass_2_life_1.png",
  "borderTexture": "skilltree:textures/tooltip/lesser.png",
  "title": "Blessed Jewels",
  "titleColor": "",
  "positionX": 92.98723,
  "positionY": -279.04144,
  "buttonSize": 16,
  "isStartingPoint": false
}