{
  "id": "skilltree:cook_speed_notable_1",
  "bonuses": [
    {
      "type": "skilltree:attribute",
      "attribute": "minecraft:generic.attack_speed",
      "id": "e873869d-c0d0-4e71-8351-29290c500e98",
      "name": "SkillBonus",
      "amount": 0.1,
      "operation": 1,
      "player_multiplier": {
        "type": "skilltree:none"
      },
      "player_condition": {
        "min": 15,
        "type": "skilltree:food_level"
      }
    }
  ],
  "directConnections": [],
  "longConnections": [],
  "oneWayConnections": [],
  "tags": [],
  "backgroundTexture": "skilltree:textures/icons/background/notable.png",
  "iconTexture": "skilltree:textures/icons/cook_speed_notable_1.png",
  "borderTexture": "skilltree:textures/tooltip/notable.png",
  "titleColor": "",
  "positionX": 0.0059814453,
  "positionY": -271.52728,
  "buttonSize": 20,
  "isStartingPoint": false
}