{
  "id": "skilltree:cook_subclass_1_defensive_4",
  "bonuses": [
    {
      "type": "skilltree:attribute",
      "attribute": "skilltree:stealth",
      "id": "ecdadc29-905c-453f-b2f5-8850febfc902",
      "name": "SkillBonus",
      "amount": 1.0,
      "operation": 0,
      "player_multiplier": {
        "type": "skilltree:none"
      },
      "player_condition": {
        "type": "skilltree:none"
      }
    }
  ],
  "directConnections": [
    "skilltree:cook_subclass_1"
  ],
  "longConnections": [],
  "oneWayConnections": [],
  "tags": [],
  "backgroundTexture": "skilltree:textures/icons/background/lesser.png",
  "iconTexture": "skilltree:textures/icons/hunter_subclass_1_offensive_1.png",
  "borderTexture": "skilltree:textures/tooltip/lesser.png",
  "title": "Stealth",
  "titleColor": "",
  "positionX": 144.96991,
  "positionY": -283.07144,
  "buttonSize": 16,
  "isStartingPoint": false
}