{
  "id": "skilltree:cook_subclass_2",
  "bonuses": [
    {
      "type": "skilltree:attribute",
      "attribute": "minecraft:generic.armor",
      "id": "5bfd152f-1ca8-4fa9-bf83-242ea687a0a2",
      "name": "Skill",
      "amount": 1.0,
      "operation": 0,
      "player_multiplier": {
        "type": "skilltree:food_level"
      },
      "player_condition": {
        "type": "skilltree:none"
      }
    }
  ],
  "directConnections": [
    "skilltree:cook_subclass_2_crafting_1",
    "skilltree:cook_subclass_2_life_1"
  ],
  "longConnections": [],
  "oneWayConnections": [],
  "tags": [],
  "backgroundTexture": "skilltree:textures/icons/background/class.png",
  "iconTexture": "skilltree:textures/icons/cook_defensive_keystone_1.png",
  "borderTexture": "skilltree:textures/tooltip/lesser.png",
  "title": "Gluttony",
  "titleColor": "",
  "positionX": -144.957,
  "positionY": -315.085,
  "buttonSize": 24,
  "isStartingPoint": false
}