{
  "id": "skilltree:enchanter_subclass_2_crafting_4",
  "bonuses": [
    {
      "type": "skilltree:attribute",
      "attribute": "minecraft:generic.max_health",
      "id": "4efbb2cd-c6e1-4e24-99de-a1842e20e32c",
      "name": "Skill",
      "amount": 0.02,
      "operation": 1,
      "player_multiplier": {
        "type": "skilltree:none"
      },
      "player_condition": {
        "item_condition": {
          "equipment_type": "armor",
          "type": "skilltree:equipment_type"
        },
        "type": "skilltree:has_item_equipped"
      }
    }
  ],
  "directConnections": [
    "skilltree:enchanter_subclass_2_mastery",
    "skilltree:enchanter_subclass_2_crafting_notable_1"
  ],
  "longConnections": [],
  "oneWayConnections": [],
  "tags": [],
  "backgroundTexture": "skilltree:textures/icons/background/lesser.png",
  "iconTexture": "skilltree:textures/icons/blacksmith_subclass_2_life_1.png",
  "borderTexture": "skilltree:textures/tooltip/lesser.png",
  "title": "Specialized Equipment",
  "titleColor": "",
  "positionX": 283.95526,
  "positionY": -349.7826,
  "buttonSize": 16,
  "isStartingPoint": false
}