{
  "id": "skilltree:enchanter_offensive_keystone_1",
  "bonuses": [
    {
      "type": "skilltree:damage",
      "amount": 0.1,
      "operation": 1,
      "player_multiplier": {
        "item_condition": {
          "equipment_type": "weapon",
          "type": "skilltree:equipment_type"
        },
        "type": "skilltree:gems_amount"
      },
      "enemy_multiplier": {
        "type": "skilltree:none"
      },
      "player_condition": {
        "type": "skilltree:none"
      },
      "damage_condition": {
        "type": "skilltree:none"
      },
      "target_condition": {
        "type": "skilltree:none"
      }
    }
  ],
  "directConnections": [],
  "longConnections": [],
  "oneWayConnections": [],
  "tags": [],
  "backgroundTexture": "skilltree:textures/icons/background/keystone.png",
  "iconTexture": "skilltree:textures/icons/enchanter_offensive_keystone_1.png",
  "borderTexture": "skilltree:textures/tooltip/keystone.png",
  "titleColor": "",
  "positionX": 359.152,
  "positionY": -144.99197,
  "buttonSize": 32,
  "isStartingPoint": false
}