{
  "id": "skilltree:enchanter_healing_notable_1",
  "bonuses": [
    {
      "type": "skilltree:healing",
      "chance": 1.0,
      "amount": 1.0,
      "event_listener": {
        "damage_condition": {
          "type": "skilltree:none"
        },
        "enemy_condition": {
          "type": "skilltree:none"
        },
        "player_condition": {
          "type": "skilltree:none"
        },
        "enemy_multiplier": {
          "type": "skilltree:none"
        },
        "player_multiplier": {
          "item_condition": {
            "equipment_type": "shield",
            "type": "skilltree:equipment_type"
          },
          "type": "skilltree:enchants_amount"
        },
        "target": "player",
        "type": "skilltree:block"
      }
    }
  ],
  "directConnections": [],
  "longConnections": [],
  "oneWayConnections": [],
  "tags": [],
  "backgroundTexture": "skilltree:textures/icons/background/notable.png",
  "iconTexture": "skilltree:textures/icons/enchanter_healing_notable_1.png",
  "borderTexture": "skilltree:textures/tooltip/notable.png",
  "titleColor": "",
  "positionX": 112.07383,
  "positionY": -194.74045,
  "buttonSize": 20,
  "isStartingPoint": false
}