{
  "id": "skilltree:enchanter_defensive_1",
  "bonuses": [
    {
      "type": "skilltree:attribute",
      "attribute": "skilltree:stealth",
      "id": "8b968ba3-5124-4f26-b03d-798cb1aa2906",
      "name": "SkillBonus",
      "amount": 1.0,
      "operation": 0,
      "player_multiplier": {
        "type": "skilltree:none"
      },
      "player_condition": {
        "type": "skilltree:none"
      }
    }
  ],
  "directConnections": [
    "skilltree:enchanter_defensive_2"
  ],
  "longConnections": [],
  "oneWayConnections": [],
  "tags": [],
  "backgroundTexture": "skilltree:textures/icons/background/lesser.png",
  "iconTexture": "skilltree:textures/icons/hunter_subclass_1_offensive_1.png",
  "borderTexture": "skilltree:textures/tooltip/lesser.png",
  "title": "Stealth",
  "titleColor": "",
  "positionX": 146.63995,
  "positionY": -101.97559,
  "buttonSize": 16,
  "isStartingPoint": false
}