{
  "id": "skilltree:enchanter_subclass_special",
  "bonuses": [
    {
      "type": "skilltree:damage",
      "amount": 0.2,
      "operation": 1,
      "player_multiplier": {
        "type": "skilltree:none"
      },
      "enemy_multiplier": {
        "type": "skilltree:effect_amount"
      },
      "player_condition": {
        "type": "skilltree:none"
      },
      "damage_condition": {
        "type": "skilltree:none"
      },
      "target_condition": {
        "type": "skilltree:none"
      }
    }
  ],
  "directConnections": [],
  "longConnections": [],
  "oneWayConnections": [],
  "tags": [],
  "backgroundTexture": "skilltree:textures/icons/background/notable.png",
  "iconTexture": "skilltree:textures/icons/enchanter_subclass_2_mastery.png",
  "borderTexture": "skilltree:textures/tooltip/notable.png",
  "title": "Weakness Visualizer",
  "titleColor": "",
  "positionX": 422.385,
  "positionY": 0.007,
  "buttonSize": 20,
  "isStartingPoint": false
}