{
  "id": "skilltree:enchanter_subclass_2_crafting_notable_1",
  "bonuses": [
    {
      "type": "skilltree:attribute",
      "attribute": "minecraft:generic.armor",
      "id": "25aaba19-c906-405d-98a2-fc3b09679216",
      "name": "Skill",
      "amount": 0.1,
      "operation": 1,
      "player_multiplier": {
        "type": "skilltree:none"
      },
      "player_condition": {
        "item_condition": {
          "equipment_type": "armor",
          "type": "skilltree:equipment_type"
        },
        "type": "skilltree:has_item_equipped"
      }
    },
    {
      "type": "skilltree:damage",
      "amount": 0.01,
      "operation": 1,
      "player_multiplier": {
        "attribute": "minecraft:generic.armor",
        "divisor": 10.0,
        "type": "skilltree:attribute_value"
      },
      "enemy_multiplier": {
        "type": "skilltree:none"
      },
      "player_condition": {
        "type": "skilltree:none"
      },
      "damage_condition": {
        "type": "skilltree:none"
      },
      "target_condition": {
        "type": "skilltree:none"
      }
    }
  ],
  "directConnections": [],
  "longConnections": [],
  "oneWayConnections": [],
  "tags": [],
  "backgroundTexture": "skilltree:textures/icons/background/notable.png",
  "iconTexture": "skilltree:textures/icons/blacksmith_subclass_2_crafting_notable_1.png",
  "borderTexture": "skilltree:textures/tooltip/notable.png",
  "title": "Armored",
  "titleColor": "",
  "positionX": 283.955,
  "positionY": -379.783,
  "buttonSize": 20,
  "isStartingPoint": false
}