{
  "id": "skilltree:enchanter_class",
  "bonuses": [
    {
      "type": "skilltree:enchantment_amplification",
      "enchantment_condition": {
        "type": "skilltree:none"
      },
      "chance": 0.5
    },
    {
      "type": "skilltree:recipe_unlock",
      "recipe_id": "exclusive_skill:enchanter_1"
    }
  ],
  "directConnections": [
    "skilltree:enchanter_defensive_1",
    "skilltree:enchanter_offensive_1",
    "skilltree:enchanter_defensive_crafting_1",
    "skilltree:enchanter_offensive_crafting_1"
  ],
  "longConnections": [],
  "oneWayConnections": [],
  "tags": [],
  "backgroundTexture": "skilltree:textures/icons/background/class.png",
  "iconTexture": "skilltree:textures/icons/enchanter_class.png",
  "borderTexture": "skilltree:textures/tooltip/lesser.png",
  "titleColor": "",
  "positionX": 131.63829,
  "positionY": -75.99579,
  "buttonSize": 24,
  "isStartingPoint": true,
  "description": [
    {
      "f_131101_": {
        "f_131257_": 8092645
      },
      "translate": "skill_bonus.skilltree.enchantment_amplification",
      "with": [
        {
          "translate": "enchantment_condition.skilltree.none"
        },
        {
          "f_131101_": {
            "f_131257_": 8041442
          },
          "translate": "attribute.modifier.plus.1",
          "with": [
            "50",
            {
              "translate": "skill_bonus.skilltree.enchantment_amplification.bonus"
            }
          ]
        }
      ]
    },
    {
      "f_131101_": {
        "f_131257_": 8092645
      },
      "f_131102_": true,
      "text": "Skill allows you to easily craft:"
    },
    {
      "f_131101_": {
        "f_131257_": 8092645
      },
      "f_131103_": true,
      "text": "Improved Scrap Tome"
    }
  ]
}