{
  "id": "skilltree:enchanter_subclass_2_life_3",
  "bonuses": [
    {
      "type": "skilltree:attribute",
      "attribute": "attributeslib:mining_speed",
      "id": "5fdcd7f1-0ea9-400f-8096-61e0b5057822",
      "name": "SkillBonus",
      "amount": 0.1,
      "operation": 2,
      "player_multiplier": {
        "type": "skilltree:none"
      },
      "player_condition": {
        "item_condition": {
          "id": "create:extendo_grip",
          "type": "skilltree:item_id"
        },
        "type": "skilltree:has_item_equipped"
      }
    }
  ],
  "directConnections": [
    "skilltree:enchanter_subclass_2_life_4"
  ],
  "longConnections": [],
  "oneWayConnections": [],
  "tags": [],
  "backgroundTexture": "skilltree:textures/icons/background/lesser.png",
  "iconTexture": "skilltree:textures/icons/enchanter_crafting_notable_1.png",
  "borderTexture": "skilltree:textures/tooltip/lesser.png",
  "title": "Knowledge of the Terrain",
  "titleColor": "",
  "positionX": 277.43643,
  "positionY": -309.07153,
  "buttonSize": 16,
  "isStartingPoint": false
}