{
  "id": "skilltree:enchanter_crit_notable_1",
  "bonuses": [
    {
      "type": "skilltree:attribute",
      "attribute": "attributeslib:crit_damage",
      "id": "8c153ccb-e106-4fde-a793-c10c9fc02cd7",
      "name": "Skill",
      "amount": 0.05,
      "operation": 0,
      "player_multiplier": {
        "item_condition": {
          "equipment_type": "weapon",
          "type": "skilltree:equipment_type"
        },
        "type": "skilltree:gems_amount"
      },
      "player_condition": {
        "type": "skilltree:none"
      }
    }
  ],
  "directConnections": [],
  "longConnections": [],
  "oneWayConnections": [],
  "tags": [],
  "backgroundTexture": "skilltree:textures/icons/background/notable.png",
  "iconTexture": "skilltree:textures/icons/enchanter_crit_notable_1.png",
  "borderTexture": "skilltree:textures/tooltip/notable.png",
  "titleColor": "",
  "positionX": 257.67392,
  "positionY": -148.76059,
  "buttonSize": 20,
  "isStartingPoint": false,
  "description": [
    {
      "f_131101_": {
        "f_131257_": 8092645
      },
      "translate": "skill_bonus_multiplier.skilltree.gems_amount.player",
      "with": [
        {
          "translate": "attribute.modifier.plus.1",
          "with": [
            "5",
            {
              "translate": "attributeslib:crit_damage"
            }
          ]
        },
        {
          "translate": "item_condition.skilltree.equipment_type.weapon"
        }
      ]
    }
  ]
}