{
  "id": "skilltree:enchanter_subclass_2_crafting_5",
  "bonuses": [
    {
      "type": "skilltree:attribute",
      "attribute": "minecraft:generic.max_health",
      "id": "dd0db569-192b-4f72-8969-641789fbbd92",
      "name": "Skill",
      "amount": 0.02,
      "operation": 1,
      "player_multiplier": {
        "type": "skilltree:none"
      },
      "player_condition": {
        "item_condition": {
          "equipment_type": "armor",
          "type": "skilltree:equipment_type"
        },
        "type": "skilltree:has_item_equipped"
      }
    }
  ],
  "directConnections": [
    "skilltree:cook_subclass_special"
  ],
  "longConnections": [],
  "oneWayConnections": [],
  "tags": [],
  "backgroundTexture": "skilltree:textures/icons/background/lesser.png",
  "iconTexture": "skilltree:textures/icons/blacksmith_subclass_2_life_1.png",
  "borderTexture": "skilltree:textures/tooltip/lesser.png",
  "title": "Specialized Equipment",
  "titleColor": "",
  "positionX": 238.92113,
  "positionY": -349.78406,
  "buttonSize": 16,
  "isStartingPoint": false
}