{
  "id": "skilltree:enchanter_speed_1",
  "bonuses": [
    {
      "type": "skilltree:attribute",
      "attribute": "minecraft:generic.attack_speed",
      "id": "7cc153ab-928d-4a36-9b57-c98903d0b8c7",
      "name": "SkillBonus",
      "amount": 0.02,
      "operation": 1,
      "player_multiplier": {
        "type": "skilltree:none"
      },
      "player_condition": {
        "min": 1,
        "item_condition": {
          "equipment_type": "weapon",
          "type": "skilltree:equipment_type"
        },
        "type": "skilltree:has_gems"
      }
    }
  ],
  "directConnections": [
    "skilltree:enchanter_speed_notable_1"
  ],
  "longConnections": [],
  "oneWayConnections": [],
  "tags": [],
  "backgroundTexture": "skilltree:textures/icons/background/lesser.png",
  "iconTexture": "skilltree:textures/icons/enchanter_speed_1.png",
  "borderTexture": "skilltree:textures/tooltip/lesser.png",
  "titleColor": "",
  "positionX": 221.16061,
  "positionY": -160.00528,
  "buttonSize": 16,
  "isStartingPoint": false
}