{
  "id": "skilltree:enchanter_defensive_keystone_1",
  "bonuses": [
    {
      "type": "skilltree:attribute",
      "attribute": "skilltree:stealth",
      "id": "7cc8d493-8aef-4be7-b378-f5a044f22d46",
      "name": "SkillBonus",
      "amount": 5.0,
      "operation": 0,
      "player_multiplier": {
        "item_condition": {
          "equipment_type": "shield",
          "type": "skilltree:equipment_type"
        },
        "type": "skilltree:gems_amount"
      },
      "player_condition": {
        "type": "skilltree:none"
      }
    }
  ],
  "directConnections": [],
  "longConnections": [],
  "oneWayConnections": [],
  "tags": [],
  "backgroundTexture": "skilltree:textures/icons/background/keystone.png",
  "iconTexture": "skilltree:textures/icons/enchanter_defensive_keystone_1.png",
  "borderTexture": "skilltree:textures/tooltip/keystone.png",
  "titleColor": "",
  "positionX": 305.15796,
  "positionY": -238.51926,
  "buttonSize": 32,
  "isStartingPoint": false
}