{
  "id": "skilltree:enchanter_mastery",
  "bonuses": [
    {
      "type": "skilltree:enchantment_amplification",
      "enchantment_condition": {
        "type": "skilltree:none"
      },
      "chance": 0.5
    },
    {
      "type": "skilltree:free_enchantment",
      "chance": 0.3
    },
    {
      "type": "skilltree:recipe_unlock",
      "recipe_id": "exclusive_skill:enchanter_2"
    }
  ],
  "directConnections": [],
  "longConnections": [],
  "oneWayConnections": [
    "skilltree:new_skill_7"
  ],
  "tags": [],
  "backgroundTexture": "skilltree:textures/icons/background/keystone.png",
  "iconTexture": "skilltree:textures/icons/enchanter_lesser_1.png",
  "borderTexture": "skilltree:textures/tooltip/keystone.png",
  "titleColor": "",
  "positionX": 354.67056,
  "positionY": -204.50749,
  "buttonSize": 32,
  "isStartingPoint": false,
  "description": [
    {
      "f_131101_": {
        "f_131257_": 8092645
      },
      "translate": "skill_bonus.skilltree.enchantment_amplification",
      "with": [
        {
          "translate": "enchantment_condition.skilltree.none"
        },
        {
          "f_131101_": {
            "f_131257_": 8041442
          },
          "translate": "attribute.modifier.plus.1",
          "with": [
            "50",
            {
              "translate": "skill_bonus.skilltree.enchantment_amplification.bonus"
            }
          ]
        }
      ]
    },
    {
      "f_131101_": {
        "f_131257_": 8092645
      },
      "translate": "skill_bonus.skilltree.free_enchantment",
      "with": [
        {
          "f_131101_": {
            "f_131257_": 8041442
          },
          "translate": "attribute.modifier.plus.1",
          "with": [
            "30",
            {
              "translate": "skill_bonus.skilltree.free_enchantment.bonus"
            }
          ]
        }
      ]
    },
    {
      "f_131101_": {
        "f_131257_": 8092645
      },
      "f_131102_": true,
      "text": "Skill allows you to easily craft:"
    },
    {
      "f_131101_": {
        "f_131257_": 8092645
      },
      "f_131103_": true,
      "text": "Extraction Tome"
    }
  ]
}