{
  "id": "skilltree:enchanter_subclass_2",
  "bonuses": [
    {
      "type": "skilltree:recipe_unlock",
      "recipe_id": "exclusive_skill:engineer_1"
    },
    {
      "type": "skilltree:recipe_unlock",
      "recipe_id": "exclusive_skill:engineer_2"
    }
  ],
  "directConnections": [
    "skilltree:enchanter_subclass_2_crafting_1",
    "skilltree:enchanter_subclass_2_life_1"
  ],
  "longConnections": [],
  "oneWayConnections": [],
  "tags": [],
  "backgroundTexture": "skilltree:textures/icons/background/class.png",
  "iconTexture": "skilltree:textures/icons/miner_subclass_1.png",
  "borderTexture": "skilltree:textures/tooltip/lesser.png",
  "title": "Engineer",
  "titleColor": "",
  "positionX": 200.402,
  "positionY": -283.073,
  "buttonSize": 24,
  "isStartingPoint": false,
  "description": [
    {
      "f_131101_": {
        "f_131257_": 8092645
      },
      "f_131102_": true,
      "f_131103_": true,
      "f_131105_": false,
      "text": "Skill allows you to easily craft:"
    },
    {
      "f_131101_": {
        "f_131257_": 8092645
      },
      "f_131102_": false,
      "f_131103_": true,
      "text": "Extendo grip and Crushing Wheel"
    }
  ]
}