{
  "id": "skilltree:enchanter_subclass_1_defensive_4",
  "bonuses": [
    {
      "type": "skilltree:attribute",
      "attribute": "attributeslib:dodge_chance",
      "id": "e43326f2-9531-4388-b628-1347405cb819",
      "name": "SkillBonus",
      "amount": 0.005,
      "operation": 0,
      "player_multiplier": {
        "type": "skilltree:none"
      },
      "player_condition": {
        "type": "skilltree:none"
      }
    },
    {
      "type": "skilltree:attribute",
      "attribute": "skilltree:stealth",
      "id": "edbecfce-5e59-42df-9429-107d9cdabb96",
      "name": "SkillBonus",
      "amount": 0.5,
      "operation": 0,
      "player_multiplier": {
        "type": "skilltree:none"
      },
      "player_condition": {
        "type": "skilltree:none"
      }
    }
  ],
  "directConnections": [
    "skilltree:enchanter_subclass_1"
  ],
  "longConnections": [],
  "oneWayConnections": [],
  "tags": [],
  "backgroundTexture": "skilltree:textures/icons/background/lesser.png",
  "iconTexture": "skilltree:textures/icons/enchanter_subclass_1_defensive_1.png",
  "borderTexture": "skilltree:textures/tooltip/lesser.png",
  "titleColor": "",
  "positionX": 317.6383,
  "positionY": -15.995789,
  "buttonSize": 16,
  "isStartingPoint": false,
  "description": [
    {
      "f_131101_": {
        "f_131257_": 8092645
      },
      "text": "Dodge Chance: 0.5%"
    },
    {
      "f_131101_": {
        "f_131257_": 8092645
      },
      "translate": "attribute.modifier.plus.0",
      "with": [
        "0.5",
        {
          "translate": "attribute.name.skilltree.stealth"
        }
      ]
    },
    {
      "text": ""
    },
    {
      "f_131101_": {
        "f_131257_": 11184810,
        "f_131258_": "gray"
      },
      "f_131103_": true,
      "translate": "attribute.name.skilltree.stealth.info"
    }
  ]
}