{
  "id": "skilltree:enchanter_crafting_notable_1",
  "bonuses": [],
  "directConnections": [],
  "longConnections": [
    "skilltree:new_skill_3",
    "skilltree:new_skill_5"
  ],
  "oneWayConnections": [
    "skilltree:new_skill_2"
  ],
  "tags": [],
  "backgroundTexture": "skilltree:textures/icons/background/gateway.png",
  "iconTexture": "skilltree:textures/icons/void.png",
  "borderTexture": "skilltree:textures/tooltip/notable.png",
  "title": "Rebirth",
  "titleColor": "",
  "positionX": 32.044,
  "positionY": -18.499,
  "buttonSize": 20,
  "isStartingPoint": false
}