{
  "id": "skilltree:enchanter_subclass_2_mastery",
  "bonuses": [
    {
      "type": "skilltree:attribute",
      "attribute": "attributeslib:mining_speed",
      "id": "3cd4bbcc-1fd1-401a-831c-d7902c15fce5",
      "name": "SkillBonus",
      "amount": 0.6,
      "operation": 2,
      "player_multiplier": {
        "type": "skilltree:none"
      },
      "player_condition": {
        "item_condition": {
          "id": "create:extendo_grip",
          "type": "skilltree:item_id"
        },
        "type": "skilltree:has_item_equipped"
      }
    },
    {
      "type": "skilltree:recipe_unlock",
      "recipe_id": "exclusive_skill:parallel_minds"
    }
  ],
  "directConnections": [
    "skilltree:enchanter_subclass_2_life_4"
  ],
  "longConnections": [],
  "oneWayConnections": [],
  "tags": [],
  "backgroundTexture": "skilltree:textures/icons/background/keystone.png",
  "iconTexture": "skilltree:textures/icons/enchanter_crafting_1.png",
  "borderTexture": "skilltree:textures/tooltip/keystone.png",
  "title": "Parallel Minds",
  "titleColor": "",
  "positionX": 319.955,
  "positionY": -349.783,
  "buttonSize": 32,
  "isStartingPoint": false,
  "description": [
    {
      "f_131101_": {
        "f_131257_": 8092645
      },
      "f_131102_": false,
      "text": "Mining Speed: +80% if You have Agarre extendido equipped"
    },
    {
      "f_131101_": {
        "f_131257_": 8092645
      },
      "f_131102_": true,
      "f_131104_": false,
      "f_131105_": false,
      "f_131106_": false,
      "text": "Skill allows you to easily craft:"
    },
    {
      "f_131101_": {
        "f_131257_": 8092645
      },
      "f_131103_": true,
      "text": "Precision mechanism"
    }
  ]
}