{
  "id": "skilltree:enchanter_offensive_notable_1",
  "bonuses": [
    {
      "type": "skilltree:damage",
      "amount": 0.2,
      "operation": 1,
      "player_multiplier": {
        "type": "skilltree:none"
      },
      "enemy_multiplier": {
        "type": "skilltree:none"
      },
      "player_condition": {
        "item_condition": {
          "item_condition": {
            "equipment_type": "weapon",
            "type": "skilltree:equipment_type"
          },
          "type": "skilltree:enchanted"
        },
        "type": "skilltree:has_item_in_hand"
      },
      "damage_condition": {
        "type": "skilltree:none"
      },
      "target_condition": {
        "type": "skilltree:none"
      }
    }
  ],
  "directConnections": [
    "skilltree:enchanter_offensive_4",
    "skilltree:enchanter_offensive_crafting_5",
    "skilltree:enchanter_subclass_1_defensive_1"
  ],
  "longConnections": [],
  "oneWayConnections": [],
  "tags": [],
  "backgroundTexture": "skilltree:textures/icons/background/notable.png",
  "iconTexture": "skilltree:textures/icons/enchanter_offensive_notable_1.png",
  "borderTexture": "skilltree:textures/tooltip/notable.png",
  "titleColor": "",
  "positionX": 239.63829,
  "positionY": -45.99579,
  "buttonSize": 20,
  "isStartingPoint": false
}