{
  "id": "skilltree:enchanter_life_notable_1",
  "bonuses": [
    {
      "type": "skilltree:attribute",
      "attribute": "minecraft:generic.max_health",
      "id": "496bca8f-81fe-4932-bff0-605c5468d60a",
      "name": "SkillBonus",
      "amount": 0.025,
      "operation": 1,
      "player_multiplier": {
        "type": "skilltree:none"
      },
      "player_condition": {
        "min": 1,
        "item_condition": {
          "equipment_type": "armor",
          "type": "skilltree:equipment_type"
        },
        "type": "skilltree:has_gems"
      }
    }
  ],
  "directConnections": [],
  "longConnections": [],
  "oneWayConnections": [],
  "tags": [],
  "backgroundTexture": "skilltree:textures/icons/background/notable.png",
  "iconTexture": "skilltree:textures/icons/enchanter_life_notable_1.png",
  "borderTexture": "skilltree:textures/tooltip/notable.png",
  "titleColor": "",
  "positionX": 212.63979,
  "positionY": -122.762024,
  "buttonSize": 20,
  "isStartingPoint": false
}