{
  "id": "skilltree:enchanter_defensive_7",
  "bonuses": [
    {
      "type": "skilltree:attribute",
      "attribute": "skilltree:stealth",
      "id": "7fe2ce99-dab2-4d97-a7dd-2235e01f95d2",
      "name": "SkillBonus",
      "amount": 1.0,
      "operation": 0,
      "player_multiplier": {
        "type": "skilltree:none"
      },
      "player_condition": {
        "type": "skilltree:none"
      }
    }
  ],
  "directConnections": [
    "skilltree:enchanter_defensive_8",
    "skilltree:enchanter_lesser_1"
  ],
  "longConnections": [],
  "oneWayConnections": [],
  "tags": [],
  "backgroundTexture": "skilltree:textures/icons/background/lesser.png",
  "iconTexture": "skilltree:textures/icons/hunter_subclass_1_offensive_1.png",
  "borderTexture": "skilltree:textures/tooltip/lesser.png",
  "title": "Stealth",
  "titleColor": "",
  "positionX": 253.19548,
  "positionY": -208.52092,
  "buttonSize": 16,
  "isStartingPoint": false
}