{
  "id": "skilltree:enchanter_subclass_1_crafting_notable_1",
  "bonuses": [
    {
      "type": "skilltree:damage",
      "amount": 0.2,
      "operation": 1,
      "player_multiplier": {
        "type": "skilltree:none"
      },
      "enemy_multiplier": {
        "type": "skilltree:none"
      },
      "player_condition": {
        "type": "skilltree:none"
      },
      "damage_condition": {
        "type": "skilltree:none"
      },
      "target_condition": {
        "type": "skilltree:burning"
      }
    }
  ],
  "directConnections": [],
  "longConnections": [],
  "oneWayConnections": [],
  "tags": [],
  "backgroundTexture": "skilltree:textures/icons/background/notable.png",
  "iconTexture": "skilltree:textures/icons/enchanter_subclass_1_crafting_notable_1.png",
  "borderTexture": "skilltree:textures/tooltip/notable.png",
  "titleColor": "",
  "positionX": 470.8827,
  "positionY": -55.99108,
  "buttonSize": 20,
  "isStartingPoint": false
}