{
  "id": "skilltree:enchanter_subclass_1_crafting_2",
  "bonuses": [
    {
      "type": "skilltree:ignite",
      "chance": 0.05,
      "duration": 5,
      "event_listener": {
        "damage_condition": {
          "type": "skilltree:none"
        },
        "enemy_condition": {
          "type": "skilltree:none"
        },
        "player_condition": {
          "type": "skilltree:none"
        },
        "enemy_multiplier": {
          "type": "skilltree:none"
        },
        "player_multiplier": {
          "type": "skilltree:none"
        },
        "target": "enemy",
        "type": "skilltree:attack"
      }
    }
  ],
  "directConnections": [
    "skilltree:enchanter_subclass_1_crafting_3",
    "skilltree:enchanter_subclass_1_crafting_5"
  ],
  "longConnections": [],
  "oneWayConnections": [],
  "tags": [],
  "backgroundTexture": "skilltree:textures/icons/background/lesser.png",
  "iconTexture": "skilltree:textures/icons/enchanter_subclass_1_crafting_1.png",
  "borderTexture": "skilltree:textures/tooltip/lesser.png",
  "title": "Weapons Ignite Chance",
  "titleColor": "",
  "positionX": 399.8687,
  "positionY": -44.994183,
  "buttonSize": 16,
  "isStartingPoint": false
}