{
  "id": "skilltree:enchanter_crit_2",
  "bonuses": [
    {
      "type": "skilltree:attribute",
      "attribute": "attributeslib:crit_chance",
      "id": "8378900d-2694-49ae-954b-b5a97ddffc9e",
      "name": "Skill",
      "amount": 0.02,
      "operation": 0,
      "player_multiplier": {
        "type": "skilltree:none"
      },
      "player_condition": {
        "min": 1,
        "item_condition": {
          "equipment_type": "weapon",
          "type": "skilltree:equipment_type"
        },
        "type": "skilltree:has_gems"
      }
    }
  ],
  "directConnections": [
    "skilltree:enchanter_crit_notable_1"
  ],
  "longConnections": [],
  "oneWayConnections": [],
  "tags": [],
  "backgroundTexture": "skilltree:textures/icons/background/lesser.png",
  "iconTexture": "skilltree:textures/icons/enchanter_crit_1.png",
  "borderTexture": "skilltree:textures/tooltip/lesser.png",
  "titleColor": "",
  "positionX": 271.673,
  "positionY": -124.511,
  "buttonSize": 16,
  "isStartingPoint": false,
  "description": [
    {
      "f_131101_": {
        "f_131257_": 8092645
      },
      "translate": "living_condition.skilltree.has_gems.min.1",
      "with": [
        {
          "translate": "attribute.modifier.plus.1",
          "with": [
            "2",
            {
              "translate": "attributeslib:crit_chance"
            }
          ]
        },
        {
          "translate": "living_condition.skilltree.has_gems.target.you"
        },
        {
          "translate": "item_condition.skilltree.equipment_type.weapon"
        }
      ]
    }
  ]
}