{
  "id": "skilltree:enchanter_life_1",
  "bonuses": [
    {
      "type": "skilltree:attribute",
      "attribute": "minecraft:generic.max_health",
      "id": "688d5f99-7349-4b53-9cd1-80276b65ccfa",
      "name": "SkillBonus",
      "amount": 0.05,
      "operation": 1,
      "player_multiplier": {
        "type": "skilltree:none"
      },
      "player_condition": {
        "min": 1,
        "item_condition": {
          "equipment_type": "helmet",
          "type": "skilltree:equipment_type"
        },
        "type": "skilltree:has_gems"
      }
    }
  ],
  "directConnections": [
    "skilltree:enchanter_life_notable_1"
  ],
  "longConnections": [],
  "oneWayConnections": [],
  "tags": [],
  "backgroundTexture": "skilltree:textures/icons/background/lesser.png",
  "iconTexture": "skilltree:textures/icons/enchanter_life_1.png",
  "borderTexture": "skilltree:textures/tooltip/lesser.png",
  "titleColor": "",
  "positionX": 198.64354,
  "positionY": -147.006,
  "buttonSize": 16,
  "isStartingPoint": false
}