{
  "id": "skilltree:enchanter_subclass_1_mastery",
  "bonuses": [
    {
      "type": "skilltree:ignite",
      "chance": 0.1,
      "duration": 5,
      "event_listener": {
        "damage_condition": {
          "type": "skilltree:none"
        },
        "enemy_condition": {
          "type": "skilltree:none"
        },
        "player_condition": {
          "type": "skilltree:none"
        },
        "enemy_multiplier": {
          "type": "skilltree:none"
        },
        "player_multiplier": {
          "type": "skilltree:none"
        },
        "target": "enemy",
        "type": "skilltree:attack"
      }
    },
    {
      "type": "skilltree:damage",
      "amount": 0.15,
      "operation": 1,
      "player_multiplier": {
        "type": "skilltree:none"
      },
      "enemy_multiplier": {
        "type": "skilltree:none"
      },
      "player_condition": {
        "type": "skilltree:none"
      },
      "damage_condition": {
        "type": "skilltree:none"
      },
      "target_condition": {
        "type": "skilltree:burning"
      }
    }
  ],
  "directConnections": [
    "skilltree:enchanter_subclass_1_offensive_4"
  ],
  "longConnections": [],
  "oneWayConnections": [],
  "tags": [],
  "backgroundTexture": "skilltree:textures/icons/background/keystone.png",
  "iconTexture": "skilltree:textures/icons/miner_crafting_1.png",
  "borderTexture": "skilltree:textures/tooltip/keystone.png",
  "titleColor": "",
  "positionX": 462.90488,
  "positionY": -102.16851,
  "buttonSize": 32,
  "isStartingPoint": false
}