{
  "id": "skilltree:hunter_lesser_5",
  "bonuses": [
    {
      "type": "skilltree:attribute",
      "attribute": "irons_spellbooks:max_mana",
      "id": "87339b4d-8a15-405d-9da5-de9dec3f26c7",
      "name": "Skill",
      "amount": 50.0,
      "operation": 0,
      "player_multiplier": {
        "type": "skilltree:none"
      },
      "player_condition": {
        "min": 1,
        "type": "skilltree:effect_amount"
      }
    }
  ],
  "directConnections": [
    "skilltree:hunter_lesser_3",
    "skilltree:hunter_lesser_6"
  ],
  "longConnections": [],
  "oneWayConnections": [],
  "tags": [],
  "backgroundTexture": "skilltree:textures/icons/background/lesser.png",
  "iconTexture": "skilltree:textures/icons/alchemist_crafting_1.png",
  "borderTexture": "skilltree:textures/tooltip/lesser.png",
  "title": "Mana Everywhere",
  "titleColor": "",
  "positionX": 302.69434,
  "positionY": 174.78297,
  "buttonSize": 16,
  "isStartingPoint": false
}