{
  "id": "skilltree:hunter_offensive_2",
  "bonuses": [
    {
      "type": "skilltree:attribute",
      "attribute": "irons_spellbooks:spell_resist",
      "id": "fd885883-2fb0-4f37-96a5-6e6fe4564df1",
      "name": "Skill",
      "amount": 0.02,
      "operation": 1,
      "player_multiplier": {
        "type": "skilltree:none"
      },
      "player_condition": {
        "type": "skilltree:none"
      }
    }
  ],
  "directConnections": [
    "skilltree:hunter_offensive_3"
  ],
  "longConnections": [],
  "oneWayConnections": [],
  "tags": [],
  "backgroundTexture": "skilltree:textures/icons/background/lesser.png",
  "iconTexture": "skilltree:textures/icons/enchanter_subclass_2.png",
  "borderTexture": "skilltree:textures/tooltip/lesser.png",
  "title": "Magic Resistance",
  "titleColor": "",
  "positionX": 159.62946,
  "positionY": 124.50673,
  "buttonSize": 16,
  "isStartingPoint": false
}