{
  "id": "skilltree:hunter_defensive_crafting_keystone_1",
  "bonuses": [
    {
      "type": "skilltree:attribute",
      "attribute": "irons_spellbooks:max_mana",
      "id": "15d6da36-5adc-41f1-85e3-0061609591d0",
      "name": "Skill",
      "amount": 0.06,
      "operation": 1,
      "player_multiplier": {
        "item_condition": {
          "equipment_type": "armor",
          "type": "skilltree:equipment_type"
        },
        "type": "skilltree:gems_amount"
      },
      "player_condition": {
        "type": "skilltree:none"
      }
    }
  ],
  "directConnections": [],
  "longConnections": [],
  "oneWayConnections": [],
  "tags": [],
  "backgroundTexture": "skilltree:textures/icons/background/keystone.png",
  "iconTexture": "skilltree:textures/icons/hunter_defensive_keystone_1.png",
  "borderTexture": "skilltree:textures/tooltip/keystone.png",
  "title": "You\u0027re a Wizard Harry",
  "titleColor": "",
  "positionX": 340.106,
  "positionY": 89.013,
  "buttonSize": 32,
  "isStartingPoint": false
}