{
  "id": "skilltree:hunter_offensive_8",
  "bonuses": [
    {
      "type": "skilltree:attribute",
      "attribute": "irons_spellbooks:spell_resist",
      "id": "420fdf95-58e3-4623-a87a-0ff321949d38",
      "name": "Skill",
      "amount": 0.02,
      "operation": 1,
      "player_multiplier": {
        "type": "skilltree:none"
      },
      "player_condition": {
        "type": "skilltree:none"
      }
    }
  ],
  "directConnections": [
    "skilltree:hunter_offensive_keystone_1"
  ],
  "longConnections": [],
  "oneWayConnections": [],
  "tags": [],
  "backgroundTexture": "skilltree:textures/icons/background/lesser.png",
  "iconTexture": "skilltree:textures/icons/enchanter_subclass_2.png",
  "borderTexture": "skilltree:textures/tooltip/lesser.png",
  "title": "Magic Resistance",
  "titleColor": "",
  "positionX": 275.691,
  "positionY": 221.547,
  "buttonSize": 16,
  "isStartingPoint": false
}