{
  "id": "skilltree:hunter_healing_2",
  "bonuses": [
    {
      "type": "skilltree:healing",
      "chance": 1.0,
      "amount": 0.1,
      "event_listener": {
        "damage_condition": {
          "type": "skilltree:none"
        },
        "enemy_condition": {
          "type": "skilltree:none"
        },
        "player_condition": {
          "type": "skilltree:none"
        },
        "enemy_multiplier": {
          "type": "skilltree:none"
        },
        "player_multiplier": {
          "type": "skilltree:none"
        },
        "target": "player",
        "type": "skilltree:attack"
      }
    }
  ],
  "directConnections": [
    "skilltree:enchanter_offensive_crafting_3"
  ],
  "longConnections": [],
  "oneWayConnections": [],
  "tags": [],
  "backgroundTexture": "skilltree:textures/icons/background/lesser.png",
  "iconTexture": "skilltree:textures/icons/hunter_healing_1.png",
  "borderTexture": "skilltree:textures/tooltip/lesser.png",
  "titleColor": "",
  "positionX": 183.63277,
  "positionY": -18.7629,
  "buttonSize": 16,
  "isStartingPoint": false
}