{
  "id": "skilltree:hunter_offensive_crafting_2",
  "bonuses": [
    {
      "type": "skilltree:attribute",
      "attribute": "irons_spellbooks:spell_power",
      "id": "884adc20-d4e9-4b3d-8aff-41283a774571",
      "name": "Skill",
      "amount": 0.04,
      "operation": 1,
      "player_multiplier": {
        "type": "skilltree:none"
      },
      "player_condition": {
        "type": "skilltree:none"
      }
    }
  ],
  "directConnections": [
    "skilltree:hunter_offensive_crafting_3"
  ],
  "longConnections": [],
  "oneWayConnections": [],
  "tags": [],
  "backgroundTexture": "skilltree:textures/icons/background/lesser.png",
  "iconTexture": "skilltree:textures/icons/enchanter_subclass_2_crafting_1.png",
  "borderTexture": "skilltree:textures/tooltip/lesser.png",
  "title": "Magic Power",
  "titleColor": "",
  "positionX": 118.650475,
  "positionY": 113.52466,
  "buttonSize": 16,
  "isStartingPoint": false
}