{
  "id": "skilltree:hunter_defensive_8",
  "bonuses": [
    {
      "type": "skilltree:attribute",
      "attribute": "attributeslib:dodge_chance",
      "id": "3a62d20c-c7c1-4aa6-afeb-dcd7ae822bbd",
      "name": "SkillBonus",
      "amount": 0.01,
      "operation": 0,
      "player_multiplier": {
        "type": "skilltree:none"
      },
      "player_condition": {
        "type": "skilltree:none"
      }
    }
  ],
  "directConnections": [
    "skilltree:hunter_defensive_keystone_1"
  ],
  "longConnections": [],
  "oneWayConnections": [],
  "tags": [],
  "backgroundTexture": "skilltree:textures/icons/background/lesser.png",
  "iconTexture": "skilltree:textures/icons/hunter_defensive_1.png",
  "borderTexture": "skilltree:textures/tooltip/lesser.png",
  "titleColor": "",
  "positionX": 329.69434,
  "positionY": 128.01418,
  "buttonSize": 16,
  "isStartingPoint": false,
  "description": [
    {
      "f_131101_": {
        "f_131257_": 8092645
      },
      "text": "Dodge Chance: 1%"
    }
  ]
}