{
  "id": "skilltree:hunter_lesser_2",
  "bonuses": [
    {
      "type": "skilltree:attribute",
      "attribute": "irons_spellbooks:max_mana",
      "id": "3da0e6e7-576a-4bf7-b7cd-6f7c1680eef9",
      "name": "Skill",
      "amount": 50.0,
      "operation": 0,
      "player_multiplier": {
        "type": "skilltree:none"
      },
      "player_condition": {
        "min": 1,
        "type": "skilltree:effect_amount"
      }
    }
  ],
  "directConnections": [
    "skilltree:hunter_lesser_4"
  ],
  "longConnections": [],
  "oneWayConnections": [],
  "tags": [],
  "backgroundTexture": "skilltree:textures/icons/background/lesser.png",
  "iconTexture": "skilltree:textures/icons/alchemist_crafting_1.png",
  "borderTexture": "skilltree:textures/tooltip/lesser.png",
  "title": "Mana Everywhere",
  "titleColor": "",
  "positionX": 266.177,
  "positionY": 186.029,
  "buttonSize": 16,
  "isStartingPoint": false
}