{
  "id": "skilltree:hunter_defensive_5",
  "bonuses": [
    {
      "type": "skilltree:attribute",
      "attribute": "attributeslib:dodge_chance",
      "id": "ab530f21-2519-4821-9d93-cfbbb5b6e159",
      "name": "SkillBonus",
      "amount": 0.01,
      "operation": 0,
      "player_multiplier": {
        "type": "skilltree:none"
      },
      "player_condition": {
        "type": "skilltree:none"
      }
    }
  ],
  "directConnections": [
    "skilltree:hunter_defensive_6",
    "skilltree:hunter_speed_1"
  ],
  "longConnections": [],
  "oneWayConnections": [],
  "tags": [],
  "backgroundTexture": "skilltree:textures/icons/background/lesser.png",
  "iconTexture": "skilltree:textures/icons/hunter_defensive_1.png",
  "borderTexture": "skilltree:textures/tooltip/lesser.png",
  "titleColor": "",
  "positionX": 262.14682,
  "positionY": 89.00986,
  "buttonSize": 16,
  "isStartingPoint": false,
  "description": [
    {
      "f_131101_": {
        "f_131257_": 8092645
      },
      "text": "Dodge Chance: 1%"
    }
  ]
}