{
  "id": "skilltree:hunter_defensive_keystone_1",
  "bonuses": [
    {
      "type": "skilltree:attribute",
      "attribute": "minecraft:generic.armor",
      "id": "eb194929-a693-4896-8d39-be1a77ab25ad",
      "name": "SkillBonus",
      "amount": 0.5,
      "operation": 0,
      "player_multiplier": {
        "attribute": "attributeslib:dodge_chance",
        "divisor": 1.0,
        "type": "skilltree:attribute_value"
      },
      "player_condition": {
        "type": "skilltree:none"
      }
    }
  ],
  "directConnections": [],
  "longConnections": [],
  "oneWayConnections": [],
  "tags": [],
  "backgroundTexture": "skilltree:textures/icons/background/keystone.png",
  "iconTexture": "skilltree:textures/icons/blacksmith_lesser_1.png",
  "borderTexture": "skilltree:textures/tooltip/keystone.png",
  "titleColor": "",
  "positionX": 359.13812,
  "positionY": 145.01605,
  "buttonSize": 32,
  "isStartingPoint": false
}