{
  "id": "skilltree:hunter_subclass_1_crafting_3",
  "bonuses": [
    {
      "type": "skilltree:attribute",
      "attribute": "minecraft:generic.attack_speed",
      "id": "1225998d-d7b2-49df-a4d4-5a33756e0daa",
      "name": "Skill",
      "amount": 0.02,
      "operation": 1,
      "player_multiplier": {
        "type": "skilltree:none"
      },
      "player_condition": {
        "type": "skilltree:none"
      }
    }
  ],
  "directConnections": [
    "skilltree:hunter_subclass_1_crafting_4",
    "skilltree:hunter_subclass_1_crafting_5"
  ],
  "longConnections": [],
  "oneWayConnections": [],
  "tags": [],
  "backgroundTexture": "skilltree:textures/icons/background/lesser.png",
  "iconTexture": "skilltree:textures/icons/miner_subclass_1_offensive_1.png",
  "borderTexture": "skilltree:textures/tooltip/lesser.png",
  "title": "Nimble Hands",
  "titleColor": "",
  "positionX": 261.4088,
  "positionY": 336.8084,
  "buttonSize": 16,
  "isStartingPoint": false
}