{
  "id": "skilltree:hunter_offensive_notable_1",
  "bonuses": [
    {
      "type": "skilltree:damage",
      "amount": 0.25,
      "operation": 1,
      "player_multiplier": {
        "type": "skilltree:none"
      },
      "enemy_multiplier": {
        "type": "skilltree:none"
      },
      "player_condition": {
        "type": "skilltree:none"
      },
      "damage_condition": {
        "type": "skilltree:projectile"
      },
      "target_condition": {
        "type": "skilltree:none"
      }
    }
  ],
  "directConnections": [
    "skilltree:hunter_offensive_4",
    "skilltree:hunter_offensive_crafting_5",
    "skilltree:hunter_subclass_1_defensive_1"
  ],
  "longConnections": [],
  "oneWayConnections": [],
  "tags": [],
  "backgroundTexture": "skilltree:textures/icons/background/notable.png",
  "iconTexture": "skilltree:textures/icons/hunter_offensive_notable_1.png",
  "borderTexture": "skilltree:textures/tooltip/notable.png",
  "titleColor": "",
  "positionX": 159.64821,
  "positionY": 184.54005,
  "buttonSize": 20,
  "isStartingPoint": false
}