{
  "id": "skilltree:hunter_class",
  "bonuses": [
    {
      "type": "skilltree:attribute",
      "attribute": "irons_spellbooks:max_mana",
      "id": "28c96849-63a2-4f0e-adba-15333ab7678f",
      "name": "Skill",
      "amount": 500.0,
      "operation": 0,
      "player_multiplier": {
        "type": "skilltree:none"
      },
      "player_condition": {
        "type": "skilltree:none"
      }
    },
    {
      "type": "skilltree:attribute",
      "attribute": "irons_spellbooks:spell_power",
      "id": "a760fe0b-c43a-4167-886b-fce53893ab49",
      "name": "Skill",
      "amount": 1.0,
      "operation": 0,
      "player_multiplier": {
        "type": "skilltree:none"
      },
      "player_condition": {
        "type": "skilltree:none"
      }
    }
  ],
  "directConnections": [
    "skilltree:hunter_defensive_1",
    "skilltree:hunter_offensive_1",
    "skilltree:hunter_defensive_crafting_1",
    "skilltree:hunter_offensive_crafting_1"
  ],
  "longConnections": [],
  "oneWayConnections": [],
  "tags": [],
  "backgroundTexture": "skilltree:textures/icons/background/class.png",
  "iconTexture": "skilltree:textures/icons/hunter_defensive_crafting_keystone_1.png",
  "borderTexture": "skilltree:textures/tooltip/lesser.png",
  "title": "Mage",
  "titleColor": "",
  "positionX": 131.631,
  "positionY": 76.008,
  "buttonSize": 24,
  "isStartingPoint": true
}