{
  "id": "skilltree:hunter_offensive_4",
  "bonuses": [
    {
      "type": "skilltree:attribute",
      "attribute": "irons_spellbooks:spell_resist",
      "id": "f15657b9-003f-4ca9-a70c-e3fcaadb6317",
      "name": "Skill",
      "amount": 0.02,
      "operation": 1,
      "player_multiplier": {
        "type": "skilltree:none"
      },
      "player_condition": {
        "type": "skilltree:none"
      }
    }
  ],
  "directConnections": [
    "skilltree:hunter_life_2",
    "skilltree:hunter_offensive_5"
  ],
  "longConnections": [],
  "oneWayConnections": [],
  "tags": [],
  "backgroundTexture": "skilltree:textures/icons/background/lesser.png",
  "iconTexture": "skilltree:textures/icons/enchanter_subclass_2.png",
  "borderTexture": "skilltree:textures/tooltip/lesser.png",
  "title": "Magic Resistance",
  "titleColor": "",
  "positionX": 185.62802,
  "positionY": 169.54088,
  "buttonSize": 16,
  "isStartingPoint": false
}