{
  "id": "skilltree:hunter_crit_2",
  "bonuses": [
    {
      "type": "skilltree:attribute",
      "attribute": "attributeslib:crit_chance",
      "id": "439a4f99-0d91-4e6b-be60-6851b0d6e827",
      "name": "Skill",
      "amount": 0.02,
      "operation": 0,
      "player_multiplier": {
        "type": "skilltree:none"
      },
      "player_condition": {
        "item_condition": {
          "equipment_type": "bow",
          "type": "skilltree:equipment_type"
        },
        "type": "skilltree:has_item_equipped"
      }
    }
  ],
  "directConnections": [
    "skilltree:hunter_crit_notable_1"
  ],
  "longConnections": [],
  "oneWayConnections": [],
  "tags": [],
  "backgroundTexture": "skilltree:textures/icons/background/lesser.png",
  "iconTexture": "skilltree:textures/icons/hunter_crit_1.png",
  "borderTexture": "skilltree:textures/tooltip/lesser.png",
  "titleColor": "",
  "positionX": 243.6611,
  "positionY": 173.02792,
  "buttonSize": 16,
  "isStartingPoint": false,
  "description": [
    {
      "f_131101_": {
        "f_131257_": 8092645
      },
      "translate": "living_condition.skilltree.has_item_equipped",
      "with": [
        {
          "translate": "attribute.modifier.plus.1",
          "with": [
            "2",
            {
              "translate": "attributeslib:crit_chance"
            }
          ]
        },
        {
          "translate": "living_condition.skilltree.has_item_equipped.target.you"
        },
        {
          "translate": "item_condition.skilltree.equipment_type.bow"
        }
      ]
    }
  ]
}