{
  "id": "skilltree:hunter_defensive_notable_1",
  "bonuses": [
    {
      "type": "skilltree:attribute",
      "attribute": "attributeslib:dodge_chance",
      "id": "b99cd2b9-37d9-4ddf-8f9c-ec49950e6afb",
      "name": "SkillBonus",
      "amount": 0.1,
      "operation": 0,
      "player_multiplier": {
        "type": "skilltree:none"
      },
      "player_condition": {
        "max": 0.5,
        "type": "skilltree:health_percentage"
      }
    }
  ],
  "directConnections": [
    "skilltree:hunter_defensive_4",
    "skilltree:hunter_defensive_crafting_5",
    "skilltree:hunter_subclass_2_defensive_1"
  ],
  "longConnections": [],
  "oneWayConnections": [],
  "tags": [],
  "backgroundTexture": "skilltree:textures/icons/background/notable.png",
  "iconTexture": "skilltree:textures/icons/hunter_defensive_notable_1.png",
  "borderTexture": "skilltree:textures/tooltip/notable.png",
  "titleColor": "",
  "positionX": 239.631,
  "positionY": 46.008415,
  "buttonSize": 20,
  "isStartingPoint": false,
  "description": [
    {
      "f_131101_": {
        "f_131257_": 8092645
      },
      "translate": "living_condition.skilltree.health_percentage.max",
      "with": [
        {
          "translate": "attribute.modifier.plus.1",
          "with": [
            "10",
            {
              "translate": "attributeslib:dodge_chance"
            }
          ]
        },
        {
          "translate": "living_condition.skilltree.health_percentage.target.you"
        },
        "50"
      ]
    }
  ]
}