{
  "id": "skilltree:hunter_offensive_crafting_4",
  "bonuses": [
    {
      "type": "skilltree:attribute",
      "attribute": "irons_spellbooks:spell_power",
      "id": "5967deaa-f8d7-4c0f-bb07-a99bc9afcd75",
      "name": "Skill",
      "amount": 0.04,
      "operation": 1,
      "player_multiplier": {
        "type": "skilltree:none"
      },
      "player_condition": {
        "type": "skilltree:none"
      }
    }
  ],
  "directConnections": [
    "skilltree:hunter_offensive_notable_1"
  ],
  "longConnections": [],
  "oneWayConnections": [],
  "tags": [],
  "backgroundTexture": "skilltree:textures/icons/background/lesser.png",
  "iconTexture": "skilltree:textures/icons/enchanter_subclass_2_crafting_1.png",
  "borderTexture": "skilltree:textures/tooltip/lesser.png",
  "title": "Magic Power",
  "titleColor": "",
  "positionX": 144.64903,
  "positionY": 158.5588,
  "buttonSize": 16,
  "isStartingPoint": false
}