{
  "id": "skilltree:hunter_offensive_3",
  "bonuses": [
    {
      "type": "skilltree:attribute",
      "attribute": "irons_spellbooks:spell_resist",
      "id": "15e58276-c572-4cb4-8c52-40818f5c45c1",
      "name": "Skill",
      "amount": 0.02,
      "operation": 1,
      "player_multiplier": {
        "type": "skilltree:none"
      },
      "player_condition": {
        "type": "skilltree:none"
      }
    }
  ],
  "directConnections": [
    "skilltree:hunter_offensive_4"
  ],
  "longConnections": [],
  "oneWayConnections": [],
  "tags": [],
  "backgroundTexture": "skilltree:textures/icons/background/lesser.png",
  "iconTexture": "skilltree:textures/icons/enchanter_subclass_2.png",
  "borderTexture": "skilltree:textures/tooltip/lesser.png",
  "title": "Magic Resistance",
  "titleColor": "",
  "positionX": 172.62874,
  "positionY": 147.0238,
  "buttonSize": 16,
  "isStartingPoint": false
}