{
  "id": "skilltree:hunter_subclass_1_crafting_notable_1",
  "bonuses": [
    {
      "type": "skilltree:attribute",
      "attribute": "minecraft:generic.attack_speed",
      "id": "80aecfa0-dd37-4df9-9d2b-4487e100b15e",
      "name": "Skill",
      "amount": 0.1,
      "operation": 1,
      "player_multiplier": {
        "type": "skilltree:none"
      },
      "player_condition": {
        "type": "skilltree:underwater"
      }
    }
  ],
  "directConnections": [],
  "longConnections": [],
  "oneWayConnections": [],
  "tags": [],
  "backgroundTexture": "skilltree:textures/icons/background/notable.png",
  "iconTexture": "skilltree:textures/icons/cook_subclass_2_life_notable_1.png",
  "borderTexture": "skilltree:textures/tooltip/notable.png",
  "title": "Experienced at Sea",
  "titleColor": "",
  "positionX": 283.925,
  "positionY": 379.81,
  "buttonSize": 20,
  "isStartingPoint": false
}