{
  "id": "skilltree:hunter_speed_notable_1",
  "bonuses": [
    {
      "type": "skilltree:attribute",
      "attribute": "minecraft:generic.attack_speed",
      "id": "6a2be28f-18ce-4c19-856d-5c6ce5a4d854",
      "name": "SkillBonus",
      "amount": 0.05,
      "operation": 1,
      "player_multiplier": {
        "type": "skilltree:none"
      },
      "player_condition": {
        "item_condition": {
          "equipment_type": "ranged_weapon",
          "type": "skilltree:equipment_type"
        },
        "type": "skilltree:has_item_in_hand"
      }
    }
  ],
  "directConnections": [],
  "longConnections": [],
  "oneWayConnections": [],
  "tags": [],
  "backgroundTexture": "skilltree:textures/icons/background/notable.png",
  "iconTexture": "skilltree:textures/icons/hunter_speed_notable_1.png",
  "borderTexture": "skilltree:textures/tooltip/notable.png",
  "titleColor": "",
  "positionX": 235.14684,
  "positionY": 135.77867,
  "buttonSize": 20,
  "isStartingPoint": false
}