{
  "id": "skilltree:hunter_offensive_keystone_1",
  "bonuses": [
    {
      "type": "skilltree:attribute",
      "attribute": "irons_spellbooks:spell_resist",
      "id": "49c179c4-935a-427c-8417-a565ccf3c2f0",
      "name": "Skill",
      "amount": 0.01,
      "operation": 1,
      "player_multiplier": {
        "attribute": "irons_spellbooks:max_mana",
        "divisor": 100.0,
        "type": "skilltree:attribute_value"
      },
      "player_condition": {
        "type": "skilltree:none"
      }
    }
  ],
  "directConnections": [],
  "longConnections": [],
  "oneWayConnections": [],
  "tags": [],
  "backgroundTexture": "skilltree:textures/icons/background/keystone.png",
  "iconTexture": "skilltree:textures/icons/miner_healing_notable_1.png",
  "borderTexture": "skilltree:textures/tooltip/keystone.png",
  "title": "Magic Tank",
  "titleColor": "",
  "positionX": 305.135,
  "positionY": 238.548,
  "buttonSize": 32,
  "isStartingPoint": false
}