{
  "id": "skilltree:hunter_subclass_1_crafting_4",
  "bonuses": [
    {
      "type": "skilltree:attribute",
      "attribute": "minecraft:generic.attack_speed",
      "id": "21cea192-582e-45ec-a46c-8c88f139aa13",
      "name": "Skill",
      "amount": 0.02,
      "operation": 1,
      "player_multiplier": {
        "type": "skilltree:none"
      },
      "player_condition": {
        "type": "skilltree:none"
      }
    }
  ],
  "directConnections": [
    "skilltree:hunter_subclass_1_mastery",
    "skilltree:hunter_subclass_1_crafting_notable_1"
  ],
  "longConnections": [],
  "oneWayConnections": [],
  "tags": [],
  "backgroundTexture": "skilltree:textures/icons/background/lesser.png",
  "iconTexture": "skilltree:textures/icons/miner_subclass_1_offensive_1.png",
  "borderTexture": "skilltree:textures/tooltip/lesser.png",
  "title": "Nimble Hands",
  "titleColor": "",
  "positionX": 283.925,
  "positionY": 349.81,
  "buttonSize": 16,
  "isStartingPoint": false
}