{
  "id": "skilltree:hunter_offensive_crafting_keystone_1",
  "bonuses": [
    {
      "type": "skilltree:attribute",
      "attribute": "irons_spellbooks:spell_power",
      "id": "a95f260b-a9f3-4d90-89c4-eba953862d20",
      "name": "Skill",
      "amount": 0.02,
      "operation": 1,
      "player_multiplier": {
        "attribute": "irons_spellbooks:max_mana",
        "divisor": 100.0,
        "type": "skilltree:attribute_value"
      },
      "player_condition": {
        "type": "skilltree:none"
      }
    }
  ],
  "directConnections": [],
  "longConnections": [],
  "oneWayConnections": [],
  "tags": [],
  "backgroundTexture": "skilltree:textures/icons/background/keystone.png",
  "iconTexture": "skilltree:textures/icons/miner_crafting_notable_1.png",
  "borderTexture": "skilltree:textures/tooltip/keystone.png",
  "title": "UNLIMITED POWER",
  "titleColor": "",
  "positionX": 247.123,
  "positionY": 250.062,
  "buttonSize": 32,
  "isStartingPoint": false
}