{
  "id": "skilltree:hunter_subclass_1_crafting_2",
  "bonuses": [
    {
      "type": "skilltree:attribute",
      "attribute": "minecraft:generic.attack_speed",
      "id": "918155fb-bbf0-4385-9b09-2db1595489ac",
      "name": "Skill",
      "amount": 0.02,
      "operation": 1,
      "player_multiplier": {
        "type": "skilltree:none"
      },
      "player_condition": {
        "type": "skilltree:none"
      }
    }
  ],
  "directConnections": [
    "skilltree:hunter_subclass_1_crafting_3",
    "skilltree:hunter_subclass_1_crafting_5"
  ],
  "longConnections": [],
  "oneWayConnections": [],
  "tags": [],
  "backgroundTexture": "skilltree:textures/icons/background/lesser.png",
  "iconTexture": "skilltree:textures/icons/miner_subclass_1_offensive_1.png",
  "borderTexture": "skilltree:textures/tooltip/lesser.png",
  "title": "Nimble Hands",
  "titleColor": "",
  "positionX": 238.89299,
  "positionY": 323.80698,
  "buttonSize": 16,
  "isStartingPoint": false
}