{
	"credit": "Made with Blockbench",
	"textures": {
		"0": "create:block/girder"
	},
	"elements": [
		{
			"name": "cube_link_top",
			"from": [4, 0, 4],
			"to": [12, 3, 12],
			"rotation": {"angle": 0, "axis": "y", "origin": [0, -13, 0]},
			"faces": {
				"north": {"uv": [10, 10.5, 14, 12], "texture": "#0"},
				"east": {"uv": [10, 10.5, 14, 12], "texture": "#0"},
				"south": {"uv": [10, 10.5, 14, 12], "texture": "#0"},
				"west": {"uv": [10, 10.5, 14, 12], "texture": "#0"},
				"up": {"uv": [0, 0, 4, 4], "texture": "#0"},
				"down": {"uv": [5, 0.5, 9, 4.5], "texture": "#0"}
			}
		}
	]
}