{
	"credit": "Made with Blockbench",
	"textures": {
		"0": "create:block/girder"
	},
	"elements": [
		{
			"name": "cube_link_top",
			"from": [4, 13, 4],
			"to": [12, 16, 12],
			"faces": {
				"north": {"uv": [10, 12, 14, 13.5], "texture": "#0"},
				"east": {"uv": [10, 12, 14, 13.5], "texture": "#0"},
				"south": {"uv": [10, 12, 14, 13.5], "texture": "#0"},
				"west": {"uv": [10, 12, 14, 13.5], "texture": "#0"},
				"up": {"uv": [5, 0.5, 9, 4.5], "texture": "#0"},
				"down": {"uv": [0, 0, 4, 4], "texture": "#0"}
			}
		}
	]
}