{
	"credit": "Made with Blockbench",
	"texture_size": [32, 32],
	"textures": {
		"0": "create:block/girder",
		"particle": "create:block/girder"
	},
	"elements": [
		{
			"name": "cube_link_east",
			"from": [13, 5, 5],
			"to": [16, 11, 11],
			"faces": {
				"north": {"uv": [9, 10.5, 10.5, 13.5], "texture": "#0"},
				"east": {"uv": [5.5, 1, 8.5, 4], "texture": "#0"},
				"south": {"uv": [9, 10.5, 10.5, 13.5], "texture": "#0"},
				"up": {"uv": [10.5, 13.5, 13.5, 15], "rotation": 90, "texture": "#0"},
				"down": {"uv": [10.5, 9, 13.5, 10.5], "rotation": 270, "texture": "#0"}
			}
		},
		{
			"name": "cube_link_west",
			"from": [0, 5, 5],
			"to": [3, 11, 11],
			"faces": {
				"north": {"uv": [9, 10.5, 10.5, 13.5], "texture": "#0"},
				"south": {"uv": [10.5, 10.5, 9, 13.5], "texture": "#0"},
				"west": {"uv": [5.5, 1, 8.5, 4], "texture": "#0"},
				"up": {"uv": [10.5, 13.5, 13.5, 15], "rotation": 270, "texture": "#0"},
				"down": {"uv": [10.5, 9, 13.5, 10.5], "rotation": 270, "texture": "#0"}
			}
		}
	]
}