{
  "name": "integrated_villages:mediterranean_village/cathedral",
  "fallback": "minecraft:empty",
  "elements": [
    {
      "weight": 1,
      "element": {
        "location": "integrated_villages:mediterranean_village/house/mediterranean_village_cathedral",
        "processors": "integrated_villages:mediterranean_village_processor",
        "projection": "rigid",
        "enhanced_terrain_adaptation": {
          "type": "integrated_api:custom",
          "carves": true,
          "beards": true,
          "kernel_size": 25,
          "kernel_distance": 25
        },
        "element_type": "integrated_api:integrated_api_single_pool_element"
      }
    }
  ]
}