{
    "item.crossbow.loading_start":
    {
        "category":"entity",
        "subtitle":"item.crossbow.loading_start",
        "sounds":[{"name":"minecraft/sounds/item/crossbow/loading_start1", "stream":true, "replace": true}, {"name":"minecraft/sounds/item/crossbow/loading_start2", "stream":true, "replace": true}]
    },
    
    "item.crossbow.loading_end":
    {
        "category":"entity",
        "subtitle":"item.crossbow.loading_end",
        "sounds":[{"name":"minecraft/sounds/item/crossbow/loading_end1", "stream":true, "replace": true}, {"name":"minecraft/sounds/item/crossbow/loading_end2", "stream":true, "replace": true}]
    }
}