{
	"credit": "Made with Blockbench",
	"parent": "block/block",
	"ambientocclusion": false,
	"textures": {
		"6": "create:block/waterwheel_metal",
		"mechanical_press_pole": "create:block/mechanical_press_pole"
	},
	"elements": [
		{
			"name": "polebase",
			"from": [5, 6.9, 5],
			"to": [11, 8.9, 11],
			"shade": false,
			"rotation": {"angle": 0, "axis": "y", "origin": [8, 9, 8]},
			"faces": {
				"north": {"uv": [10, 6, 16, 8], "texture": "#6"},
				"east": {"uv": [10, 6, 16, 8], "texture": "#6"},
				"south": {"uv": [10, 6, 16, 8], "texture": "#6"},
				"west": {"uv": [10, 6, 16, 8], "texture": "#6"},
				"up": {"uv": [10, 0, 16, 6], "texture": "#6"},
				"down": {"uv": [10, 0, 16, 6], "texture": "#6"}
			}
		},
		{
			"name": "Pole1Core",
			"from": [5.995, 8.9, 6],
			"to": [10.005, 18.9, 10],
			"rotation": {"angle": 0, "axis": "y", "origin": [8, 16, 8]},
			"faces": {
				"east": {"uv": [6, 6, 10, 16], "texture": "#mechanical_press_pole"},
				"west": {"uv": [6, 6, 10, 16], "texture": "#mechanical_press_pole"},
				"down": {"uv": [11, 1, 15, 5], "texture": "#mechanical_press_pole"}
			}
		},
		{
			"name": "Pole1Side",
			"from": [5, 8.9, 5],
			"to": [11, 18.9, 6],
			"rotation": {"angle": 0, "axis": "y", "origin": [8, 16, 8]},
			"faces": {
				"north": {"uv": [0, 6, 6, 16], "texture": "#mechanical_press_pole"},
				"east": {"uv": [0, 6, 1, 16], "texture": "#mechanical_press_pole"},
				"south": {"uv": [11, 8, 12, 9], "texture": "#mechanical_press_pole"},
				"west": {"uv": [5, 6, 6, 16], "texture": "#mechanical_press_pole"},
				"down": {"uv": [10, 5, 16, 6], "texture": "#mechanical_press_pole"}
			}
		},
		{
			"name": "Pole1Side",
			"from": [5, 8.9, 10],
			"to": [11, 18.9, 11],
			"rotation": {"angle": 0, "axis": "y", "origin": [8, 16, 8]},
			"faces": {
				"north": {"uv": [11, 8, 12, 9], "texture": "#mechanical_press_pole"},
				"east": {"uv": [0, 6, 1, 16], "texture": "#mechanical_press_pole"},
				"south": {"uv": [0, 6, 6, 16], "texture": "#mechanical_press_pole"},
				"west": {"uv": [5, 6, 6, 16], "texture": "#mechanical_press_pole"},
				"down": {"uv": [10, 0, 16, 1], "texture": "#mechanical_press_pole"}
			}
		},
		{
			"name": "Pole2Core",
			"from": [5.995, 18.9, 6],
			"to": [10.005, 29.9, 10],
			"rotation": {"angle": 0, "axis": "y", "origin": [8, 13, 8]},
			"faces": {
				"east": {"uv": [6, 2, 10, 13], "texture": "#mechanical_press_pole"},
				"west": {"uv": [6, 2, 10, 13], "texture": "#mechanical_press_pole"},
				"up": {"uv": [11, 1, 15, 5], "rotation": 180, "texture": "#mechanical_press_pole"}
			}
		},
		{
			"name": "Pole2Side",
			"from": [5, 18.9, 10],
			"to": [11, 29.9, 11],
			"rotation": {"angle": 0, "axis": "y", "origin": [8, 13, 8]},
			"faces": {
				"north": {"uv": [11, 8, 12, 9], "texture": "#mechanical_press_pole"},
				"east": {"uv": [0, 2, 1, 13], "texture": "#mechanical_press_pole"},
				"south": {"uv": [0, 2, 6, 13], "texture": "#mechanical_press_pole"},
				"west": {"uv": [5, 2, 6, 13], "texture": "#mechanical_press_pole"},
				"up": {"uv": [10, 0, 16, 1], "rotation": 180, "texture": "#mechanical_press_pole"}
			}
		},
		{
			"name": "Pole2Side",
			"from": [5, 18.9, 5],
			"to": [11, 29.9, 6],
			"rotation": {"angle": 0, "axis": "y", "origin": [8, 13, 8]},
			"faces": {
				"north": {"uv": [0, 2, 6, 13], "texture": "#mechanical_press_pole"},
				"east": {"uv": [0, 2, 1, 13], "texture": "#mechanical_press_pole"},
				"south": {"uv": [11, 8, 12, 9], "texture": "#mechanical_press_pole"},
				"west": {"uv": [5, 2, 6, 13], "texture": "#mechanical_press_pole"},
				"up": {"uv": [10, 5, 16, 6], "rotation": 180, "texture": "#mechanical_press_pole"}
			}
		},
		{
			"name": "CapPoleTop",
			"from": [5, 29.9, 5],
			"to": [11, 31.9, 11],
			"rotation": {"angle": 0, "axis": "y", "origin": [7, 30, 3]},
			"faces": {
				"north": {"uv": [10, 0, 16, 2], "texture": "#mechanical_press_pole"},
				"east": {"uv": [10, 0, 16, 2], "texture": "#mechanical_press_pole"},
				"south": {"uv": [10, 0, 16, 2], "texture": "#mechanical_press_pole"},
				"west": {"uv": [10, 0, 16, 2], "texture": "#mechanical_press_pole"},
				"up": {"uv": [10, 6, 16, 12], "texture": "#mechanical_press_pole"},
				"down": {"uv": [10, 6, 16, 12], "texture": "#mechanical_press_pole"}
			}
		},
		{
			"name": "Toothed1Pole",
			"from": [5, 23.9, 6],
			"to": [11, 24.9, 10],
			"rotation": {"angle": 0, "axis": "y", "origin": [10, 23, 6]},
			"faces": {
				"east": {"uv": [1, 0, 5, 1], "texture": "#mechanical_press_pole"},
				"west": {"uv": [1, 1, 5, 2], "texture": "#mechanical_press_pole"},
				"up": {"uv": [10, 12, 16, 16], "texture": "#mechanical_press_pole"},
				"down": {"uv": [10, 12, 16, 16], "texture": "#mechanical_press_pole"}
			}
		},
		{
			"name": "Toothed2Pole",
			"from": [5, 20.9, 6],
			"to": [11, 21.9, 10],
			"rotation": {"angle": 0, "axis": "y", "origin": [10, 20, 6]},
			"faces": {
				"east": {"uv": [1, 0, 5, 1], "texture": "#mechanical_press_pole"},
				"west": {"uv": [1, 1, 5, 2], "texture": "#mechanical_press_pole"},
				"up": {"uv": [10, 12, 16, 16], "texture": "#mechanical_press_pole"},
				"down": {"uv": [10, 12, 16, 16], "texture": "#mechanical_press_pole"}
			}
		},
		{
			"name": "Toothed3Pole",
			"from": [5, 17.9, 6],
			"to": [11, 18.9, 10],
			"rotation": {"angle": 0, "axis": "y", "origin": [10, 17, 6]},
			"faces": {
				"east": {"uv": [1, 0, 5, 1], "texture": "#mechanical_press_pole"},
				"west": {"uv": [1, 1, 5, 2], "texture": "#mechanical_press_pole"},
				"up": {"uv": [10, 12, 16, 16], "texture": "#mechanical_press_pole"},
				"down": {"uv": [10, 12, 16, 16], "texture": "#mechanical_press_pole"}
			}
		},
		{
			"name": "Toothed4Pole",
			"from": [5, 14.9, 6],
			"to": [11, 15.9, 10],
			"rotation": {"angle": 0, "axis": "y", "origin": [10, 14, 6]},
			"faces": {
				"east": {"uv": [1, 0, 5, 1], "texture": "#mechanical_press_pole"},
				"west": {"uv": [1, 1, 5, 2], "texture": "#mechanical_press_pole"},
				"up": {"uv": [10, 12, 16, 16], "texture": "#mechanical_press_pole"},
				"down": {"uv": [10, 12, 16, 16], "texture": "#mechanical_press_pole"}
			}
		},
		{
			"name": "Toothed5Pole",
			"from": [5, 11.9, 6],
			"to": [11, 12.9, 10],
			"rotation": {"angle": 0, "axis": "y", "origin": [10, 11, 6]},
			"faces": {
				"east": {"uv": [1, 0, 5, 1], "texture": "#mechanical_press_pole"},
				"west": {"uv": [1, 1, 5, 2], "texture": "#mechanical_press_pole"},
				"up": {"uv": [10, 12, 16, 16], "texture": "#mechanical_press_pole"},
				"down": {"uv": [10, 12, 16, 16], "texture": "#mechanical_press_pole"}
			}
		}
	]
}