{
  "type": "apotheosis:attribute",
  "attribute": "attributeslib:crit_chance",
  "operation": "ADDITION",
  "values": {
    "common": {
      "min": 0.07,
      "steps": 10,
      "step": 0.0035
    },
    "uncommon": {
      "min": 0.07,
      "steps": 10,
      "step": 0.0035
    },
    "rare": {
      "min": 0.07,
      "steps": 10,
      "step": 0.0035
    },
    "epic": {
      "min": 0.105,
      "steps": 10,
      "step": 0.0035
    },
    "mythic": {
      "min": 0.1575,
      "steps": 15,
      "step": 0.0035
    },
    "ancient": {
      "min": 0.21,
      "steps": 20,
      "step": 0.0035
    }
  },
  "types": [
    "heavy_weapon"
  ]
}