{
  "type": "apotheosis:attribute",
  "attribute": "minecraft:generic.attack_knockback",
  "operation": "ADDITION",
  "values": {
    "common": {
      "min": 0.2625,
      "steps": 5,
      "step": 0.0175
    },
    "uncommon": {
      "min": 0.2625,
      "steps": 5,
      "step": 0.0175
    },
    "rare": {
      "min": 0.35,
      "steps": 10,
      "step": 0.0175
    },
    "epic": {
      "min": 0.4375,
      "steps": 10,
      "step": 0.0175
    },
    "mythic": {
      "min": 0.4375,
      "steps": 10,
      "step": 0.0175
    },
    "ancient": {
      "min": 0.525,
      "steps": 15,
      "step": 0.0175
    }
  },
  "types": [
    "heavy_weapon"
  ]
}