{
  "type": "apotheosis:attribute",
  "attribute": "minecraft:generic.attack_damage",
  "operation": "ADDITION",
  "values": {
    "common": {
      "min": 1.05,
      "steps": 8,
      "step": 0.0875
    },
    "uncommon": {
      "min": 1.05,
      "steps": 8,
      "step": 0.0875
    },
    "rare": {
      "min": 1.225,
      "steps": 8,
      "step": 0.0875
    },
    "epic": {
      "min": 1.4,
      "steps": 10,
      "step": 0.0875
    },
    "mythic": {
      "min": 1.75,
      "steps": 10,
      "step": 0.0875
    },
    "ancient": {
      "min": 2.45,
      "steps": 10,
      "step": 0.0875
    }
  },
  "types": [
    "heavy_weapon"
  ]
}