{
	"credit": "Made with Blockbench",
	"ambientocclusion": false,
	"textures": {
		"particle": "create:block/controller_rail_base",
		"rail": "create:block/controller_rail_base",
		"tint": "create:block/controller_rail_tint"
	},
	"elements": [
		{
			"name": "Element",
			"from": [2, 0, -0.25],
			"to": [4, 2, 16.25],
			"faces": {
				"north": {"uv": [12, 0, 14, 1], "texture": "#rail"},
				"east": {"uv": [12, 0, 14, 16], "rotation": 270, "texture": "#rail"},
				"south": {"uv": [2, 15, 4, 16], "texture": "#rail"},
				"west": {"uv": [2, 0, 4, 16], "rotation": 90, "texture": "#rail"},
				"up": {"uv": [2, 0, 4, 16], "texture": "#rail"},
				"down": {"uv": [2, 0, 4, 16], "texture": "#rail"}
			}
		},
		{
			"name": "Element",
			"from": [12, 0, -0.25],
			"to": [14, 2, 16.25],
			"faces": {
				"north": {"uv": [2, 0, 4, 1], "texture": "#rail"},
				"east": {"uv": [12, 0, 14, 16], "rotation": 270, "texture": "#rail"},
				"south": {"uv": [12, 15, 14, 16], "texture": "#rail"},
				"west": {"uv": [2, 0, 4, 16], "rotation": 90, "texture": "#rail"},
				"up": {"uv": [12, 0, 14, 16], "texture": "#rail"},
				"down": {"uv": [12, 0, 14, 16], "texture": "#rail"}
			}
		},
		{
			"name": "Element",
			"from": [1, 0, 13],
			"to": [15, 1, 15],
			"faces": {
				"north": {"uv": [1, 13, 15, 14], "texture": "#rail"},
				"east": {"uv": [14, 13, 15, 15], "rotation": 90, "texture": "#rail"},
				"south": {"uv": [1, 14, 15, 15], "texture": "#rail"},
				"west": {"uv": [1, 13, 2, 15], "rotation": 270, "texture": "#rail"},
				"up": {"uv": [1, 13, 15, 15], "texture": "#rail"},
				"down": {"uv": [1, 1, 15, 3], "texture": "#rail"}
			}
		},
		{
			"name": "Element",
			"from": [1, 0, 1],
			"to": [15, 1, 3],
			"faces": {
				"north": {"uv": [1, 1, 15, 2], "texture": "#rail"},
				"east": {"uv": [14, 13, 15, 15], "rotation": 90, "texture": "#rail"},
				"south": {"uv": [1, 2, 15, 3], "texture": "#rail"},
				"west": {"uv": [1, 13, 2, 15], "rotation": 270, "texture": "#rail"},
				"up": {"uv": [1, 1, 15, 3], "texture": "#rail"},
				"down": {"uv": [1, 13, 15, 15], "texture": "#rail"}
			}
		},
		{
			"name": "controller state",
			"from": [5, 0, 5],
			"to": [11, 1, 11],
			"faces": {
				"up": {"uv": [5, 5, 11, 11], "texture": "#tint", "tintindex": 0},
				"down": {"uv": [5, 5, 11, 11], "rotation": 180, "texture": "#tint", "tintindex": 0}
			}
		},
		{
			"name": "controller 1",
			"from": [5, 0, 5],
			"to": [11, 1, 11],
			"faces": {
				"north": {"uv": [5, 5, 11, 6], "texture": "#rail"},
				"east": {"uv": [5, 10, 11, 11], "texture": "#rail"},
				"south": {"uv": [5, 10, 11, 11], "texture": "#rail"},
				"west": {"uv": [5, 10, 11, 11], "texture": "#rail"},
				"up": {"uv": [5, 5, 11, 11], "texture": "#rail"},
				"down": {"uv": [5, 5, 11, 11], "rotation": 180, "texture": "#rail"}
			}
		},
		{
			"name": "controller 2",
			"from": [1, 0, 7],
			"to": [15, 1, 9],
			"faces": {
				"north": {"uv": [1, 7, 15, 8], "texture": "#rail"},
				"east": {"uv": [14, 7, 15, 9], "rotation": 90, "texture": "#rail"},
				"south": {"uv": [1, 8, 15, 9], "texture": "#rail"},
				"west": {"uv": [1, 7, 2, 9], "rotation": 90, "texture": "#rail"},
				"up": {"uv": [1, 7, 15, 9], "texture": "#rail"},
				"down": {"uv": [1, 7, 15, 9], "texture": "#rail"}
			}
		},
		{
			"name": "controller 3",
			"from": [4, 0.1, 0],
			"to": [5, 1.6, 16],
			"rotation": {"angle": 0, "axis": "y", "origin": [3, 0, 0]},
			"faces": {
				"north": {"uv": [4, 0, 5, 1.5], "texture": "#rail"},
				"east": {"uv": [4, 0, 5, 1.5], "texture": "#rail"},
				"south": {"uv": [4, 0, 5, 1.5], "texture": "#rail"},
				"west": {"uv": [4, 0, 5, 1.5], "texture": "#rail"},
				"up": {"uv": [4, 0, 5, 16], "texture": "#rail"},
				"down": {"uv": [4, 0, 5, 16], "texture": "#rail"}
			}
		},
		{
			"name": "controller 4",
			"from": [11, 0.1, 0],
			"to": [12, 1.6, 16],
			"rotation": {"angle": 0, "axis": "y", "origin": [10, 0, 0]},
			"faces": {
				"north": {"uv": [4, 0, 5, 1.5], "texture": "#rail"},
				"east": {"uv": [4, 0, 5, 1.5], "texture": "#rail"},
				"south": {"uv": [4, 0, 5, 1.5], "texture": "#rail"},
				"west": {"uv": [4, 0, 5, 1.5], "texture": "#rail"},
				"up": {"uv": [11, 0, 12, 16], "texture": "#rail"},
				"down": {"uv": [11, 0, 12, 16], "texture": "#rail"}
			}
		}
	],
	"groups": [
		0,
		1,
		2,
		3,
		{
			"name": "controller part",
			"origin": [10, 0, 0],
			"color": 0,
			"children": [4, 5, 6, 7, 8]
		}
	]
}