{
	"credit": "Made with Blockbench",
	"ambientocclusion": false,
	"textures": {
		"particle": "create:block/controller_rail_base",
		"rail": "create:block/controller_rail_base",
		"tint": "create:block/controller_rail_tint"
	},
	"elements": [
		{
			"name": "rail",
			"from": [1.95, 7.25, -1.25],
			"to": [4.05, 8.75, 15.25],
			"rotation": {"angle": 45, "axis": "x", "origin": [8, 7.25, 8], "rescale": true},
			"faces": {
				"north": {"uv": [12, 15, 14, 16], "texture": "#rail"},
				"east": {"uv": [2, 0, 4, 16], "rotation": 90, "texture": "#rail"},
				"south": {"uv": [2, 15, 4, 16], "texture": "#rail"},
				"west": {"uv": [2, 0, 4, 16], "rotation": 90, "texture": "#rail"},
				"up": {"uv": [2, 0, 4, 16], "texture": "#rail"},
				"down": {"uv": [2, 0, 4, 16], "texture": "#rail"}
			}
		},
		{
			"name": "rail",
			"from": [11.95, 7.25, -1.25],
			"to": [14.05, 8.75, 15.25],
			"rotation": {"angle": 45, "axis": "x", "origin": [8, 7.25, 8], "rescale": true},
			"faces": {
				"north": {"uv": [2, 15, 4, 16], "texture": "#rail"},
				"east": {"uv": [12, 0, 14, 16], "rotation": 270, "texture": "#rail"},
				"south": {"uv": [12, 15, 14, 16], "texture": "#rail"},
				"west": {"uv": [12, 0, 14, 16], "rotation": 270, "texture": "#rail"},
				"up": {"uv": [12, 0, 14, 16], "texture": "#rail"},
				"down": {"uv": [12, 0, 14, 16], "texture": "#rail"}
			}
		},
		{
			"name": "wood",
			"from": [1, 0, 10.6],
			"to": [15, 1, 12.6],
			"rotation": {"angle": 45, "axis": "x", "origin": [0, 0, 16]},
			"faces": {
				"north": {"uv": [1, 13, 15, 14], "texture": "#rail"},
				"east": {"uv": [14, 13, 15, 15], "rotation": 90, "texture": "#rail"},
				"south": {"uv": [1, 14, 15, 15], "texture": "#rail"},
				"west": {"uv": [1, 13, 2, 15], "rotation": 270, "texture": "#rail"},
				"up": {"uv": [1, 13, 15, 15], "texture": "#rail"},
				"down": {"uv": [1, 15, 15, 13], "texture": "#rail"}
			}
		},
		{
			"name": "wood",
			"from": [1, 0, -3.4],
			"to": [15, 1, -1.4],
			"rotation": {"angle": 45, "axis": "x", "origin": [0, 0, 16]},
			"faces": {
				"north": {"uv": [1, 1, 15, 2], "texture": "#rail"},
				"east": {"uv": [14, 1, 15, 3], "rotation": 90, "texture": "#rail"},
				"south": {"uv": [1, 2, 15, 3], "texture": "#rail"},
				"west": {"uv": [1, 1, 2, 3], "rotation": 270, "texture": "#rail"},
				"up": {"uv": [1, 1, 15, 3], "texture": "#rail"},
				"down": {"uv": [1, 3, 15, 1], "texture": "#rail"}
			}
		},
		{
			"name": "controller",
			"from": [5, -0.01, 1.6],
			"to": [11, 1.01, 7.6],
			"rotation": {"angle": 45, "axis": "x", "origin": [0, 0, 16]},
			"faces": {
				"north": {"uv": [11, 5, 5, 6], "texture": "#rail"},
				"east": {"uv": [6, 10, 11, 11], "texture": "#rail"},
				"south": {"uv": [5, 10, 11, 11], "texture": "#rail"},
				"west": {"uv": [6, 10, 11, 11], "texture": "#rail"},
				"up": {"uv": [5, 5, 11, 11], "texture": "#rail"},
				"down": {"uv": [5, 11, 11, 5], "texture": "#rail"}
			}
		},
		{
			"name": "controller state",
			"from": [5, -0.01, 1.6],
			"to": [11, 1.01, 7.6],
			"rotation": {"angle": 45, "axis": "x", "origin": [0, 0, 16]},
			"faces": {
				"up": {"uv": [5, 5, 11, 11], "texture": "#tint", "tintindex": 0},
				"down": {"uv": [5, 11, 11, 5], "texture": "#tint", "tintindex": 0}
			}
		},
		{
			"name": "power_bar",
			"from": [1, 0, 3.6],
			"to": [15, 1, 5.6],
			"rotation": {"angle": 45, "axis": "x", "origin": [0, 0, 16]},
			"faces": {
				"north": {"uv": [1, 7, 15, 8], "texture": "#rail"},
				"east": {"uv": [14, 7, 15, 9], "rotation": 90, "texture": "#rail"},
				"south": {"uv": [1, 8, 15, 9], "texture": "#rail"},
				"west": {"uv": [1, 7, 2, 9], "rotation": 270, "texture": "#rail"},
				"up": {"uv": [1, 7, 15, 9], "texture": "#rail"},
				"down": {"uv": [1, 9, 15, 7], "texture": "#rail"}
			}
		},
		{
			"name": "power_rail",
			"from": [4.05, 7.25, -1.25],
			"to": [5.05, 8.5, 15.25],
			"rotation": {"angle": 45, "axis": "x", "origin": [8, 7.25, 8], "rescale": true},
			"faces": {
				"north": {"uv": [4, 6, 5, 7], "rotation": 180, "texture": "#rail"},
				"east": {"uv": [4, 6, 5, 7], "rotation": 180, "texture": "#rail"},
				"south": {"uv": [4, 6, 5, 7], "rotation": 180, "texture": "#rail"},
				"west": {"uv": [4, 6, 5, 7], "rotation": 180, "texture": "#rail"},
				"up": {"uv": [4, 0, 5, 16], "texture": "#rail"},
				"down": {"uv": [4, 0, 5, 16], "texture": "#rail"}
			}
		},
		{
			"name": "power_rail",
			"from": [10.95, 7.25, -1.25],
			"to": [11.95, 8.5, 15.25],
			"rotation": {"angle": 45, "axis": "x", "origin": [8, 7.25, 8], "rescale": true},
			"faces": {
				"north": {"uv": [4, 6, 5, 7], "rotation": 180, "texture": "#rail"},
				"east": {"uv": [4, 6, 5, 7], "rotation": 180, "texture": "#rail"},
				"south": {"uv": [4, 6, 5, 7], "rotation": 180, "texture": "#rail"},
				"west": {"uv": [4, 6, 5, 7], "rotation": 180, "texture": "#rail"},
				"up": {"uv": [11, 0, 12, 16], "texture": "#rail"},
				"down": {"uv": [11, 0, 12, 16], "texture": "#rail"}
			}
		}
	]
}