{
	"credit": "Made with Blockbench",
	"ambientocclusion": false,
	"textures": {
		"particle": "create:block/controller_rail_base",
		"rail": "create:block/controller_rail_base",
		"tint": "create:block/controller_rail_tint"
	},
	"elements": [
		{
			"name": "rail",
			"from": [11.95, 7.75, 0.25],
			"to": [14.05, 9.25, 16.75],
			"rotation": {"angle": -45, "axis": "x", "origin": [8, 8.25, 8], "rescale": true},
			"faces": {
				"north": {"uv": [12, 15, 14, 16], "rotation": 180, "texture": "#rail"},
				"east": {"uv": [2, 0, 4, 16], "rotation": 90, "texture": "#rail"},
				"south": {"uv": [2, 15, 4, 16], "rotation": 180, "texture": "#rail"},
				"west": {"uv": [2, 0, 4, 16], "rotation": 90, "texture": "#rail"},
				"up": {"uv": [12, 0, 14, 16], "texture": "#rail"},
				"down": {"uv": [12, 0, 14, 16], "texture": "#rail"}
			}
		},
		{
			"name": "rail",
			"from": [1.95, 7.75, 0.25],
			"to": [4.05, 9.25, 16.75],
			"rotation": {"angle": -45, "axis": "x", "origin": [8, 8.25, 8], "rescale": true},
			"faces": {
				"north": {"uv": [2, 15, 4, 16], "rotation": 180, "texture": "#rail"},
				"east": {"uv": [2, 0, 4, 16], "rotation": 90, "texture": "#rail"},
				"south": {"uv": [12, 15, 14, 16], "rotation": 180, "texture": "#rail"},
				"west": {"uv": [2, 0, 4, 16], "rotation": 90, "texture": "#rail"},
				"up": {"uv": [2, 0, 4, 16], "texture": "#rail"},
				"down": {"uv": [12, 0, 14, 16], "texture": "#rail"}
			}
		},
		{
			"name": "wood",
			"from": [1, 0, 3.4],
			"to": [15, 1, 5.4],
			"rotation": {"angle": -45, "axis": "x", "origin": [0, 0, 0]},
			"faces": {
				"north": {"uv": [15, 14, 1, 15], "texture": "#rail"},
				"east": {"uv": [14, 15, 15, 13], "rotation": 90, "texture": "#rail"},
				"south": {"uv": [15, 13, 1, 14], "texture": "#rail"},
				"west": {"uv": [1, 15, 2, 13], "rotation": 270, "texture": "#rail"},
				"up": {"uv": [1, 15, 15, 13], "texture": "#rail"},
				"down": {"uv": [1, 15, 15, 13], "texture": "#rail"}
			}
		},
		{
			"name": "wood",
			"from": [1, 0, 18.4],
			"to": [15, 1, 20.4],
			"rotation": {"angle": -45, "axis": "x", "origin": [0, 0, 0]},
			"faces": {
				"north": {"uv": [15, 2, 1, 3], "texture": "#rail"},
				"east": {"uv": [14, 3, 15, 1], "rotation": 90, "texture": "#rail"},
				"south": {"uv": [15, 1, 1, 2], "texture": "#rail"},
				"west": {"uv": [1, 3, 2, 1], "rotation": 270, "texture": "#rail"},
				"up": {"uv": [1, 3, 15, 1], "texture": "#rail"},
				"down": {"uv": [1, 3, 15, 1], "texture": "#rail"}
			}
		},
		{
			"name": "controller",
			"from": [5, -0.01, 9.4],
			"to": [11, 1.01, 15.4],
			"rotation": {"angle": -45, "axis": "x", "origin": [0, 0, 0]},
			"faces": {
				"north": {"uv": [11, 5, 5, 6], "texture": "#rail"},
				"east": {"uv": [7, 10, 6, 11], "texture": "#rail"},
				"south": {"uv": [5, 10, 11, 11], "texture": "#rail"},
				"west": {"uv": [7, 10, 6, 11], "texture": "#rail"},
				"up": {"uv": [5, 5, 11, 11], "texture": "#rail"},
				"down": {"uv": [5, 11, 11, 5], "texture": "#rail"}
			}
		},
		{
			"name": "controller state",
			"from": [5, -0.01, 9.4],
			"to": [11, 1.01, 15.4],
			"rotation": {"angle": -45, "axis": "x", "origin": [0, 0, 0]},
			"faces": {
				"up": {"uv": [5, 5, 11, 11], "texture": "#tint", "tintindex": 0},
				"down": {"uv": [5, 11, 11, 5], "texture": "#tint", "tintindex": 0}
			}
		},
		{
			"name": "power_bar",
			"from": [1, 0, 11.4],
			"to": [15, 1, 13.4],
			"rotation": {"angle": -45, "axis": "x", "origin": [0, 0, 0]},
			"faces": {
				"north": {"uv": [15, 8, 1, 9], "texture": "#rail"},
				"east": {"uv": [14, 9, 15, 7], "rotation": 90, "texture": "#rail"},
				"south": {"uv": [15, 7, 1, 8], "texture": "#rail"},
				"west": {"uv": [1, 9, 2, 7], "rotation": 270, "texture": "#rail"},
				"up": {"uv": [1, 9, 15, 7], "texture": "#rail"},
				"down": {"uv": [1, 7, 15, 9], "texture": "#rail"}
			}
		},
		{
			"name": "power_rail",
			"from": [10.95, 7.75, 0.25],
			"to": [11.95, 9, 16.75],
			"rotation": {"angle": -45, "axis": "x", "origin": [8, 8.25, 8], "rescale": true},
			"faces": {
				"north": {"uv": [4, 6, 5, 7], "rotation": 180, "texture": "#rail"},
				"east": {"uv": [4, 6, 5, 7], "rotation": 180, "texture": "#rail"},
				"south": {"uv": [4, 6, 5, 7], "rotation": 180, "texture": "#rail"},
				"west": {"uv": [4, 6, 5, 7], "rotation": 180, "texture": "#rail"},
				"up": {"uv": [4, 0, 5, 16], "texture": "#rail"},
				"down": {"uv": [4, 0, 5, 16], "texture": "#rail"}
			}
		},
		{
			"name": "power_rail",
			"from": [4.05, 7.75, 0.25],
			"to": [5.05, 9, 16.75],
			"rotation": {"angle": -45, "axis": "x", "origin": [8, 8.25, 8], "rescale": true},
			"faces": {
				"north": {"uv": [4, 6, 5, 7], "rotation": 180, "texture": "#rail"},
				"east": {"uv": [4, 6, 5, 7], "rotation": 180, "texture": "#rail"},
				"south": {"uv": [4, 6, 5, 7], "rotation": 180, "texture": "#rail"},
				"west": {"uv": [4, 6, 5, 7], "rotation": 180, "texture": "#rail"},
				"up": {"uv": [11, 0, 12, 16], "texture": "#rail"},
				"down": {"uv": [11, 0, 12, 16], "texture": "#rail"}
			}
		}
	]
}