{
  "type": "integrated_api:generic_structure",
  "start_pool": "integrated_villages:clockwork_village/path/fountain",
  "size": 16,
  "max_distance_from_center": 125,
  "valid_biome_radius_check": 1,
  "terrain_height_radius_check": 2,
  "allowed_terrain_height_range": 23,
  "biomes": "#integrated_villages:has_structure/clockwork_village_biomes",
  "step": "surface_structures",
  "enhanced_terrain_adaptation": {
    "type": "integrated_api:none"
  },
  "project_start_to_heightmap": "WORLD_SURFACE_WG",
  "start_height": {
    "absolute": 0
  },
  "use_bounding_box_hack": true,
  "spawn_overrides": {}
}