{
	"format_version": "1.21.6",
	"credit": "Made with Blockbench",
	"texture_size": [32, 32],
	"textures": {
		"particle": "item/excalibur/carved_pumpkin/jar"
	},
	"elements": [
		{
			"from": [4, 0, 4],
			"to": [12, 2, 12],
			"rotation": {"angle": 0, "axis": "y", "origin": [4, 0, 4]},
			"faces": {
				"north": {"uv": [10, 4, 14, 5], "texture": "#particle"},
				"east": {"uv": [10, 4, 14, 5], "texture": "#particle"},
				"south": {"uv": [10, 4, 14, 5], "texture": "#particle"},
				"west": {"uv": [10, 4, 14, 5], "texture": "#particle"},
				"down": {"uv": [10, 0, 14, 4], "texture": "#particle"}
			}
		},
		{
			"from": [3, 1, 3],
			"to": [13, 9, 13],
			"rotation": {"angle": 0, "axis": "y", "origin": [4, 1, 4]},
			"faces": {
				"north": {"uv": [0, 5, 5, 9], "texture": "#particle"},
				"east": {"uv": [0, 5, 5, 9], "texture": "#particle"},
				"south": {"uv": [0, 5, 5, 9], "texture": "#particle"},
				"west": {"uv": [0, 5, 5, 9], "texture": "#particle"},
				"up": {"uv": [0, 0, 5, 5], "texture": "#particle"},
				"down": {"uv": [5, 0, 10, 5], "texture": "#particle"}
			}
		},
		{
			"from": [1, 2, 6],
			"to": [4, 3, 10],
			"rotation": {"angle": 0, "axis": "y", "origin": [-4, -1, 4]},
			"faces": {
				"north": {"uv": [7, 7.5, 5.5, 8], "texture": "#particle"},
				"south": {"uv": [5.5, 6, 7, 6.5], "texture": "#particle"},
				"west": {"uv": [1.5, 8.5, 3.5, 9], "texture": "#particle"},
				"up": {"uv": [7, 6, 5.5, 8], "texture": "#particle"},
				"down": {"uv": [7, 6, 5.5, 8], "texture": "#particle"}
			}
		},
		{
			"from": [12, 2, 6],
			"to": [15, 3, 10],
			"rotation": {"angle": 0, "axis": "y", "origin": [7, -1, 4]},
			"faces": {
				"north": {"uv": [5.5, 7.5, 7, 8], "texture": "#particle"},
				"east": {"uv": [1.5, 8.5, 3.5, 9], "texture": "#particle"},
				"south": {"uv": [7, 6, 5.5, 6.5], "texture": "#particle"},
				"up": {"uv": [5.5, 6, 7, 8], "texture": "#particle"},
				"down": {"uv": [5.5, 6, 7, 8], "texture": "#particle"}
			}
		}
	],
	"display": {
		"thirdperson_righthand": {
			"rotation": [75, 45, 0],
			"translation": [0, 2.5, 0],
			"scale": [0.5, 0.5, 0.5]
		},
		"thirdperson_lefthand": {
			"rotation": [75, 45, 0],
			"translation": [0, 2.5, 0],
			"scale": [0.5, 0.5, 0.5]
		},
		"ground": {
			"translation": [0, 3, 0],
			"scale": [0.5, 0.5, 0.5]
		},
		"gui": {
			"rotation": [30, -135, 0],
			"translation": [0, 3, 0]
		},
		"head": {
			"translation": [0, 10, 0],
			"scale": [2, 2, 2]
		},
		"fixed": {
			"rotation": [90, 0, 0],
			"translation": [0, 0, -0.5],
			"scale": [2, 2, 2]
		}
	}
}