{
  "model": {
    "type": "minecraft:select",
    "property": "minecraft:component",
    "component": "minecraft:custom_name",
    "cases": [
      {
        "when": "Dragon Slayer Greatsword",
        "model": {
          "type": "minecraft:model",
          "model": "minecraft:item/excalibur/custom_name/dragon_slayer_greatsword"
        }
      },
      {
        "when": "Netherite Excalibur",
        "model": {
          "type": "minecraft:model",
          "model": "minecraft:item/excalibur/custom_name/netherite_excalibur"
        }
      },
      {
        "when": "Netherite Hammer",
        "model": {
          "type": "minecraft:model",
          "model": "minecraft:item/excalibur/custom_name/netherite_hammer"
        }
      }
    ],
    "fallback": {
      "type": "minecraft:model",
      "model": "minecraft:item/netherite_sword"
    }
  }
}