{
	"variant": "lunar",
	"weight": 10,
	"quality": 0,
	"dimensions": [
	],
	"bonuses": [{
			"type": "apotheosis:attribute",
			"gem_class": {
				"key": "light_weapon",
				"types": [
					"sword",
					"trident"
				]
			},
			"attribute": "attributeslib:cold_damage",
			"operation": "ADDITION",
			"values": {
				"common": 1,
				"uncommon": 1.5,
				"rare": 2.5,
				"epic": 4,
				"mythic": 6,
				"ancient": 8
			}
		},
		{
			"type": "apotheosis:attribute",
			"gem_class": {
				"key": "core_armor",
				"types": [
					"chestplate", "leggings"
				]
			},
			"attribute": "forge:entity_gravity",
			"operation": "MULTIPLY_TOTAL",
			"values": {
				"common": -0.05,
				"uncommon": -0.12,
				"rare": -0.22,
				"epic": -0.32,
				"mythic": -0.42,
				"ancient": -0.52
			}
		},
		{
			"type": "apotheosis:attribute",
			"gem_class": {
				"key": "boots",
				"types": [
					"boots"
				]
			},
			"attribute": "forge:swim_speed",
			"operation": "MULTIPLY_BASE",
			"values": {
				"common": 0.10,
				"uncommon": 0.20,
				"rare": 0.30,
				"epic": 0.45,
				"mythic": 0.60,
				"ancient": 0.80
			}
		}
	]
}