{
	"variant": "samurai",
	"weight": 10,
	"quality": 0,
	"dimensions": [
	],
	"unique": true,
	"bonuses": [{
			"type": "apotheosis:attribute",
			"gem_class": {
				"key": "light_ranged",
				"types": [
					"sword",
					"trident",
					"bow",
					"crossbow"
				]
			},
			"attribute": "attributeslib:crit_chance",
			"operation": "ADDITION",
			"values": {
				"common": 0.05,
				"uncommon": 0.15,
				"rare": 0.25,
				"epic": 0.35,
				"mythic": 0.40,
				"ancient": 0.45
			}
		},
		{
			"type": "apotheosis:attribute",
			"gem_class": {
				"key": "heavy_weapon",
				"types": [
					"heavy_weapon"
				]
			},
			"attribute": "attributeslib:crit_chance",
			"operation": "ADDITION",
			"values": {
				"common": 0.10,
				"uncommon": 0.25,
				"rare": 0.35,
				"epic": 0.40,
				"mythic": 0.475,
				"ancient": 0.65
			}
		},
		{
			"type": "apotheosis:attribute",
			"gem_class": {
				"key": "lower_armor",
				"types": [
					"leggings",
					"boots"
				]
			},
			"attribute": "minecraft:generic.movement_speed",
			"operation": "MULTIPLY_TOTAL",
			"values": {
				"common": 0.05,
				"uncommon": 0.15,
				"rare": 0.25,
				"epic": 0.35,
				"mythic": 0.45,
				"ancient": 0.65
			}
		},
		{
			"type": "apotheosis:attribute",
			"gem_class": {
				"key": "helmet",
				"types": [
					"helmet"
				]
			},
			"attribute": "attributeslib:arrow_velocity",
			"operation": "MULTIPLY_TOTAL",
			"values": {
				"common": 0.075,
				"uncommon": 0.15,
				"rare": 0.25,
				"epic": 0.375,
				"mythic": 0.425,
				"ancient": 0.50
			}
		},
		{
			"type": "apotheosis:attribute",
			"gem_class": {
				"key": "shield",
				"types": [
					"shield"
				]
			},
			"attribute": "attributeslib:dodge_chance",
			"operation": "ADDITION",
			"values": {
				"common": 0.025,
				"uncommon": 0.05,
				"rare": 0.075,
				"epic": 0.10,
				"mythic": 0.125,
				"ancient": 0.15
			}
		}
	]
}