{
	"variant": "solar",
	"weight": 10,
	"quality": 0,
	"dimensions": [
	],
	"bonuses": [{
			"type": "apotheosis:attribute",
			"gem_class": {
				"key": "light_weapon",
				"types": [
					"sword",
					"trident"
				]
			},
			"attribute": "attributeslib:fire_damage",
			"operation": "ADDITION",
			"values": {
				"common": 1,
				"uncommon": 1.5,
				"rare": 2.5,
				"epic": 4,
				"mythic": 6,
				"ancient": 8
			}
		},
		{
			"type": "apotheosis:attribute",
			"gem_class": {
				"key": "core_armor",
				"types": [
					"chestplate", "leggings"
				]
			},
			"attribute": "forge:entity_gravity",
			"operation": "MULTIPLY_TOTAL",
			"values": {
				"common": 0.05,
				"uncommon": 0.12,
				"rare": 0.22,
				"epic": 0.32,
				"mythic": 0.42,
				"ancient": 0.52
			}
		},
		{
			"type": "apotheosis:attribute",
			"gem_class": {
				"key": "boots",
				"types": [
					"boots"
				]
			},
			"attribute": "forge:step_height_addition",
			"operation": "ADDITION",
			"values": {
				"common": 0.25,
				"uncommon": 0.5,
				"rare": 1,
				"epic": 1.5,
				"mythic": 2,
				"ancient": 3
			}
		}
	]
}