{
    "vertices": {
        "positions": {
            "stride": 3,
            "count": 16,
            "array": [0.28125, -0.12735, 0.745671, 0.28125, 0.18515, 0.745671, 0.28125, -0.12735, -0.004329, 0.28125, 0.18515, -0.004329, -0.03125, 0.18515, 0.745671, -0.03125, -0.12735, 0.745671, -0.03125, 0.18515, -0.004329, -0.03125, -0.12735, -0.004329, 0.03125, -0.12735, 0.745671, 0.03125, 0.18515, 0.745671, 0.03125, -0.12735, -0.004329, 0.03125, 0.18515, -0.004329, -0.28125, 0.18515, 0.745671, -0.28125, -0.12735, 0.745671, -0.28125, 0.18515, -0.004329, -0.28125, -0.12735, -0.004329]
        },
        "uvs": {
            "stride": 2,
            "count": 13,
            "array": [0.270833, 0.697917, 0.21875, 0.572917, 0.21875, 0.697917, 0.166667, 0.572917, 0.166667, 0.697917, 0.375, 0.697917, 0.322917, 0.572917, 0.322917, 0.697917, 0.270833, 0.572917, 0.21875, 0.520833, 0.270833, 0.520833, 0.322917, 0.520833, 0.375, 0.572917]
        },
        "normals": {
            "stride": 3,
            "count": 6,
            "array": [0.0, 1.0, 0.0, 1.0, 0.0, 0.0, 0.0, -1.0, 0.0, -1.0, 0.0, 0.0, 0.0, 0.0, 1.0, 0.0, 0.0, -1.0]
        },
        "vcounts": {
            "stride": 1,
            "count": 16,
            "array": [1, 1, 1, 1, 1, 1, 1, 1, 1, 1, 1, 1, 1, 1, 1, 1]
        },
        "weights": {
            "stride": 1,
            "count": 1,
            "array": [1.0]
        },
        "vindices": {
            "stride": 1,
            "count": 32,
            "array": [2, 0, 2, 0, 2, 0, 2, 0, 2, 0, 2, 0, 2, 0, 2, 0, 5, 0, 5, 0, 5, 0, 5, 0, 5, 0, 5, 0, 5, 0, 5, 0]
        },
        "parts": {
            "noGroups": {
                "stride": 3,
                "count": 72,
                "array": [6, 0, 0, 1, 1, 0, 3, 2, 0, 3, 2, 1, 0, 3, 1, 2, 4, 1, 2, 5, 2, 5, 6, 2, 7, 7, 2, 7, 7, 3, 4, 8, 3, 6, 0, 3, 0, 9, 4, 4, 8, 4, 5, 10, 4, 3, 8, 5, 7, 11, 5, 6, 6, 5, 14, 2, 0, 9, 8, 0, 11, 0, 0, 11, 0, 1, 8, 6, 1, 10, 7, 1, 10, 7, 2, 13, 12, 2, 15, 5, 2, 15, 4, 3, 12, 1, 3, 14, 2, 3, 8, 10, 4, 12, 1, 4, 13, 9, 4, 11, 6, 5, 15, 10, 5, 14, 8, 5, 6, 0, 0, 4, 8, 0, 1, 1, 0, 3, 2, 1, 1, 1, 1, 0, 3, 1, 2, 5, 2, 0, 12, 2, 5, 6, 2, 7, 7, 3, 5, 6, 3, 4, 8, 3, 0, 9, 4, 1, 1, 4, 4, 8, 4, 3, 8, 5, 2, 10, 5, 7, 11, 5, 14, 2, 0, 12, 1, 0, 9, 8, 0, 11, 0, 1, 9, 8, 1, 8, 6, 1, 10, 7, 2, 8, 6, 2, 13, 12, 2, 15, 4, 3, 13, 3, 3, 12, 1, 3, 8, 10, 4, 9, 8, 4, 12, 1, 4, 11, 6, 5, 10, 11, 5, 15, 10, 5]
            }
        }
    }
}