{
  "variants": {
    "snowy=false": [
      {
        "model": "minecraft:block/podzol",
		"weight": 2
      },
      {
        "model": "minecraft:block/podzol",
		"weight": 2,
        "y": 90
      },
      {
        "model": "minecraft:block/podzol",
		"weight": 2,		
        "y": 180
      },
      {
        "model": "minecraft:block/podzol",
		"weight": 2,		
        "y": 270
      },
      {
        "model": "minecraft:block/foliage/dirt/podzol1",
		"weight": 1		
      },
      {
        "model": "minecraft:block/foliage/dirt/podzol1",
		"weight": 1,		
        "y": 90
      },
      {
        "model": "minecraft:block/foliage/dirt/podzol1",
		"weight": 1,		
        "y": 180
      },
      {
        "model": "minecraft:block/foliage/dirt/podzol1",
		"weight": 1,		
        "y": 270
      }	  
    ],
    "snowy=true": {
      "model": "minecraft:block/grass_block_snow"
    }
  }
}