{
	"forge:conditions": [{
		"type": "apotheosis:module",
		"module": "adventure"
	}],
	"type": "minecraft:jigsaw",
	"biomes": {
        "type": "forge:and",
        "values":
        [
           "#apotheosis:tower_main",
           {
               "type": "forge:not",
               "value": "#minecraft:is_ocean"
           }
        ]
    },
	"step": "surface_structures",
	"spawn_overrides": {},
	"terrain_adaptation": "beard_thin",
	"start_pool": "apotheosis:tower_main",
	"size": 1,
	"start_height": {
		"absolute": 0
	},
	"project_start_to_heightmap": "WORLD_SURFACE_WG",
	"max_distance_from_center": 80,
	"use_expansion_hack": false
}