{
  "type": "apotheosis:attribute",
  "attribute": "forge:swim_speed",
  "operation": "MULTIPLY_TOTAL",
  "values": {
    "common": {
      "min": 0.07,
      "steps": 2,
      "step": 0.0175
    },
    "uncommon": {
      "min": 0.07,
      "steps": 2,
      "step": 0.0175
    },
    "rare": {
      "min": 0.105,
      "steps": 4,
      "step": 0.0175
    },
    "epic": {
      "min": 0.105,
      "steps": 4,
      "step": 0.0175
    },
    "mythic": {
      "min": 0.14,
      "steps": 6,
      "step": 0.0175
    },
    "ancient": {
      "min": 0.14,
      "steps": 8,
      "step": 0.0175
    }
  },
  "types": [
    "boots"
  ]
}