{
  "type": "apotheosis:attribute",
  "attribute": "minecraft:generic.max_health",
  "operation": "ADDITION",
  "values": {
    "common": {
      "min": 0.7,
      "steps": 2,
      "step": 0.35
    },
    "uncommon": {
      "min": 0.7,
      "steps": 2,
      "step": 0.35
    },
    "rare": {
      "min": 1.05,
      "steps": 3,
      "step": 0.35
    },
    "epic": {
      "min": 1.05,
      "steps": 5,
      "step": 0.35
    },
    "mythic": {
      "min": 1.05,
      "steps": 5,
      "step": 0.35
    },
    "ancient": {
      "min": 1.4,
      "steps": 8,
      "step": 0.35
    }
  },
  "types": [
    "helmet",
    "chestplate",
    "leggings",
    "boots"
  ]
}