{
  "type": "apotheosis:attribute",
  "attribute": "forge:step_height_addition",
  "operation": "ADDITION",
  "values": {
    "common": {
      "min": 0.175,
      "steps": 1,
      "step": 0.0
    },
    "uncommon": {
      "min": 0.175,
      "steps": 1,
      "step": 0.0
    },
    "rare": {
      "min": 0.175,
      "steps": 3,
      "step": 0.0875
    },
    "epic": {
      "min": 0.175,
      "steps": 3,
      "step": 0.0875
    },
    "mythic": {
      "min": 0.35,
      "steps": 1,
      "step": 0.175
    },
    "ancient": {
      "min": 0.525,
      "steps": 3,
      "step": 0.0875
    }
  },
  "types": [
    "boots"
  ]
}