{
  "type": "apotheosis:attribute",
  "attribute": "minecraft:generic.luck",
  "operation": "ADDITION",
  "values": {
    "rare": {
      "min": 0.175,
      "steps": 2,
      "step": 0.175
    },
    "epic": {
      "min": 0.175,
      "steps": 3,
      "step": 0.175
    },
    "mythic": {
      "min": 0.35,
      "steps": 4,
      "step": 0.175
    },
    "ancient": {
      "min": 0.7,
      "steps": 6,
      "step": 0.175
    }
  },
  "types": [
    "helmet",
    "chestplate",
    "leggings",
    "boots"
  ]
}