{
  "type": "apotheosis:attribute",
  "attribute": "forge:entity_gravity",
  "operation": "MULTIPLY_TOTAL",
  "values": {
    "common": {
      "min": -0.035,
      "steps": 2,
      "step": -0.0175
    },
    "uncommon": {
      "min": -0.035,
      "steps": 3,
      "step": -0.0175
    },
    "rare": {
      "min": -0.0525,
      "steps": 3,
      "step": -0.0175
    },
    "epic": {
      "min": -0.0525,
      "steps": 4,
      "step": -0.0175
    },
    "mythic": {
      "min": -0.0525,
      "steps": 5,
      "step": -0.0175
    },
    "ancient": {
      "min": -0.07,
      "steps": 6,
      "step": -0.0175
    }
  },
  "types": [
    "chestplate"
  ]
}