{
  "type": "apotheosis:attribute",
  "attribute": "minecraft:generic.armor",
  "operation": "ADDITION",
  "values": {
    "common": {
      "min": 0.35,
      "steps": 1,
      "step": 0.0
    },
    "uncommon": {
      "min": 0.35,
      "steps": 1,
      "step": 0.0
    },
    "rare": {
      "min": 0.35,
      "steps": 4,
      "step": 0.175
    },
    "epic": {
      "min": 0.35,
      "steps": 4,
      "step": 0.175
    },
    "mythic": {
      "min": 0.7,
      "steps": 4,
      "step": 0.175
    },
    "ancient": {
      "min": 1.05,
      "steps": 4,
      "step": 0.175
    }
  },
  "types": [
    "helmet",
    "chestplate",
    "leggings",
    "boots",
    "shield"
  ]
}