{
  "type": "apotheosis:attribute",
  "attribute": "attributeslib:healing_received",
  "operation": "MULTIPLY_TOTAL",
  "values": {
    "rare": {
      "min": 0.035,
      "steps": 3,
      "step": 0.0175
    },
    "epic": {
      "min": 0.035,
      "steps": 4,
      "step": 0.0175
    },
    "mythic": {
      "min": 0.0525,
      "steps": 4,
      "step": 0.0175
    },
    "ancient": {
      "min": 0.07,
      "steps": 6,
      "step": 0.0175
    }
  },
  "types": [
    "chestplate",
    "leggings"
  ]
}