{
  "type": "apotheosis:attribute",
  "attribute": "minecraft:generic.knockback_resistance",
  "operation": "ADDITION",
  "values": {
    "uncommon": {
      "min": 0.0175,
      "steps": 5,
      "step": 0.0035
    },
    "rare": {
      "min": 0.0175,
      "steps": 5,
      "step": 0.0035
    },
    "epic": {
      "min": 0.0525,
      "steps": 5,
      "step": 0.0035
    },
    "mythic": {
      "min": 0.0525,
      "steps": 5,
      "step": 0.0035
    },
    "ancient": {
      "min": 0.0875,
      "steps": 5,
      "step": 0.0035
    }
  },
  "types": [
    "helmet",
    "chestplate",
    "leggings",
    "boots"
  ]
}