{
    "variants": {
        "minecraft:textures/entity/chest_boat/acacia.png": "outlined_sprite:minecraft/boat/acacia_chest.png",
        "minecraft:textures/entity/chest_boat/bamboo.png": "outlined_sprite:minecraft/boat/bamboo_chest.png",
        "minecraft:textures/entity/chest_boat/birch.png": "outlined_sprite:minecraft/boat/birch_chest.png",
        "minecraft:textures/entity/chest_boat/cherry.png": "outlined_sprite:minecraft/boat/cherry_chest.png",
        "minecraft:textures/entity/chest_boat/dark_oak.png": "outlined_sprite:minecraft/boat/dark_oak_chest.png",
        "minecraft:textures/entity/chest_boat/jungle.png": "outlined_sprite:minecraft/boat/jungle_chest.png",
        "minecraft:textures/entity/chest_boat/mangrove.png": "outlined_sprite:minecraft/boat/mangrove_chest.png",
        "minecraft:textures/entity/chest_boat/oak.png": "outlined_sprite:minecraft/boat/oak_chest.png",
        "minecraft:textures/entity/chest_boat/pale_oak.png": "outlined_sprite:minecraft/boat/pale_oak_chest.png",
        "minecraft:textures/entity/chest_boat/spruce.png": "outlined_sprite:minecraft/boat/spruce_chest.png",

		"default": "outlined_sprite:minecraft/boat/oak_chest.png"
    }
}