{
	"format_version": "1.21.6",
	"credit": "Made with Blockbench",
	"parent": "item/shield_blocking",
	"texture_size": [32, 32],
	"textures": {
		"handle": "item/excalibur/custom_name/shield/handle",
		"shield": "item/excalibur/custom_name/shield/round",
		"particle": "item/excalibur/custom_name/shield/shield_particle"
	},
	"elements": [
		{
			"name": "handle",
			"from": [-1, -3, -5],
			"to": [1, 3, 1],
			"rotation": {"angle": 0, "axis": "y", "origin": [0, 0, -2.5]},
			"faces": {
				"north": {"uv": [14, 10, 16, 16], "texture": "#handle"},
				"east": {"uv": [8, 10, 14, 16], "texture": "#handle"},
				"west": {"uv": [0, 10, 6, 16], "texture": "#handle"},
				"up": {"uv": [8, 10, 6, 4], "rotation": 180, "texture": "#handle"},
				"down": {"uv": [10, 4, 8, 10], "rotation": 180, "texture": "#handle"}
			}
		},
		{
			"name": "button",
			"from": [-2, -2, 1.5],
			"to": [2, 2, 2.5],
			"rotation": {"angle": 0, "axis": "y", "origin": [0, 0, 1.5]},
			"faces": {
				"north": {"uv": [0, 0, 4, 4], "texture": "#handle"},
				"east": {"uv": [3, 0, 4, 4], "texture": "#handle"},
				"south": {"uv": [0, 0, 4, 4], "texture": "#handle"},
				"west": {"uv": [0, 0, 1, 4], "texture": "#handle"},
				"up": {"uv": [0, 0, 4, 1], "rotation": 180, "texture": "#handle"},
				"down": {"uv": [0, 3, 4, 4], "rotation": 180, "texture": "#handle"}
			}
		},
		{
			"name": "wood",
			"from": [-16, -16, 1],
			"to": [16, 16, 2],
			"rotation": {"angle": 0, "axis": "y", "origin": [0, 0, 1.5]},
			"faces": {
				"north": {"uv": [0, 0, 16, 16], "texture": "#shield"},
				"south": {"uv": [0, 0, 16, 16], "texture": "#shield"}
			}
		},
		{
			"from": [-4, -11, 1],
			"to": [4, 11, 2],
			"rotation": {"angle": 0, "axis": "y", "origin": [-4, -11, 1]},
			"faces": {
				"east": {"uv": [6, 2.5, 6.5, 13.5], "texture": "#shield"},
				"west": {"uv": [9.5, 2.5, 10, 13.5], "texture": "#shield"},
				"up": {"uv": [10, 2.5, 6, 3], "texture": "#shield"},
				"down": {"uv": [10, 13, 6, 13.5], "texture": "#shield"}
			}
		},
		{
			"from": [-6, -10, 1],
			"to": [6, 10, 2],
			"rotation": {"angle": 0, "axis": "y", "origin": [-6, -10, 1]},
			"faces": {
				"east": {"uv": [5, 3, 5.5, 13], "texture": "#shield"},
				"west": {"uv": [10.5, 3, 11, 13], "texture": "#shield"},
				"up": {"uv": [11, 3, 5, 3.5], "texture": "#shield"},
				"down": {"uv": [11, 12.5, 5, 13], "texture": "#shield"}
			}
		},
		{
			"from": [-7, -9, 1],
			"to": [7, 9, 2],
			"rotation": {"angle": 0, "axis": "y", "origin": [-7, -9, 1]},
			"faces": {
				"east": {"uv": [4.5, 3.5, 5, 12.5], "texture": "#shield"},
				"west": {"uv": [11, 3.5, 11.5, 12.5], "texture": "#shield"},
				"up": {"uv": [11.5, 3.5, 4.5, 4], "texture": "#shield"},
				"down": {"uv": [11.5, 12, 4.5, 12.5], "texture": "#shield"}
			}
		},
		{
			"from": [-8, -8, 1],
			"to": [8, 8, 2],
			"rotation": {"angle": 0, "axis": "y", "origin": [-8, -8, 1]},
			"faces": {
				"east": {"uv": [4, 4, 4.5, 12], "texture": "#shield"},
				"west": {"uv": [11.5, 4, 12, 12], "texture": "#shield"},
				"up": {"uv": [12, 4, 4, 4.5], "texture": "#shield"},
				"down": {"uv": [12, 11.5, 4, 12], "texture": "#shield"}
			}
		},
		{
			"from": [-9, -7, 1],
			"to": [9, 7, 2],
			"rotation": {"angle": 0, "axis": "y", "origin": [-9, -7, 1]},
			"faces": {
				"east": {"uv": [3.5, 4.5, 4, 11.5], "texture": "#shield"},
				"west": {"uv": [12, 4.5, 12.5, 11.5], "texture": "#shield"},
				"up": {"uv": [12.5, 4.5, 3.5, 5], "texture": "#shield"},
				"down": {"uv": [12.5, 11, 3.5, 11.5], "texture": "#shield"}
			}
		},
		{
			"from": [-10, -6, 1],
			"to": [10, 6, 2],
			"rotation": {"angle": 0, "axis": "y", "origin": [-10, -6, 1]},
			"faces": {
				"east": {"uv": [3.5, 5, 3, 11], "texture": "#shield"},
				"west": {"uv": [12.5, 5, 13, 11], "texture": "#shield"},
				"up": {"uv": [13, 5, 3, 5.5], "texture": "#shield"},
				"down": {"uv": [13, 10.5, 3, 11], "texture": "#shield"}
			}
		},
		{
			"from": [-11, -4, 1],
			"to": [11, 4, 2],
			"rotation": {"angle": 0, "axis": "y", "origin": [-11, -4, 1]},
			"faces": {
				"east": {"uv": [2.5, 6, 3, 10], "texture": "#shield"},
				"west": {"uv": [13, 6, 13.5, 10], "texture": "#shield"},
				"up": {"uv": [13.5, 6, 2.5, 6.5], "texture": "#shield"},
				"down": {"uv": [13.5, 9.5, 2.5, 10], "texture": "#shield"}
			}
		}
	]
}