{
  "variants": {
    "facing=east": [
	    { "model": "apotheosis:block/geode_shelf", "y": 90},
        { "model": "apotheosis:block/geode_shelf1", "y": 90},		
        { "model": "apotheosis:block/geode_shelf2", "y": 90}
	],
	
	"facing=north": [
		{ "model": "apotheosis:block/geode_shelf"},
		{ "model": "apotheosis:block/geode_shelf1"},
		{ "model": "apotheosis:block/geode_shelf2"}
	],
	
	"facing=south": [
	    { "model": "apotheosis:block/geode_shelf", "y": 180},
        { "model": "apotheosis:block/geode_shelf1", "y": 180},		
        { "model": "apotheosis:block/geode_shelf2", "y": 180}
	],
	
	"facing=west": [
	    { "model": "apotheosis:block/geode_shelf", "y": 270},
        { "model": "apotheosis:block/geode_shelf1", "y": 270},		
        { "model": "apotheosis:block/geode_shelf2", "y": 270}
	]
	
		
   
  }
}