{
	"credit": "Made with Blockbench",
	"ambientocclusion": false,
	"textures": {
		"1": "immersive_weathering:block/exposed_iron_door_side",
		"particle": "immersive_weathering:block/exposed_iron_door_bottom",
		"bottom": "immersive_weathering:block/exposed_iron_door_bottom"
	},
	"elements": [
		{
			"from": [0.5, 14, 6],
			"to": [2.5, 16, 7],
			"rotation": {"angle": 0, "axis": "y", "origin": [1.5, 8.25, 8]},
			"faces": {
				"north": {"uv": [6, 0, 7, 2], "texture": "#bottom"},
				"east": {"uv": [6, 0, 7, 2], "texture": "#bottom"},
				"south": {"uv": [6, 0, 7, 2], "texture": "#bottom"},
				"west": {"uv": [6, 0, 7, 2], "texture": "#bottom"}
			}
		},
		{
			"name": "bottom",
			"from": [0, 0, 3],
			"to": [3, 3, 13],
			"rotation": {"angle": 0, "axis": "y", "origin": [1.5, 8.25, 8]},
			"faces": {
				"east": {"uv": [3, 13, 13, 16], "texture": "#bottom"},
				"west": {"uv": [13, 13, 3, 16], "texture": "#bottom"},
				"up": {"uv": [3, 13, 13, 16], "rotation": 270, "texture": "#bottom"},
				"down": {"uv": [3, 13, 13, 16], "rotation": 90, "texture": "#bottom"}
			}
		},
		{
			"name": "west",
			"from": [0, 0, 13],
			"to": [3, 16, 16],
			"rotation": {"angle": 0, "axis": "y", "origin": [1.5, 8.25, 8]},
			"faces": {
				"north": {"uv": [13, 0, 16, 16], "texture": "#bottom"},
				"east": {"uv": [0, 0, 3, 16], "texture": "#bottom"},
				"south": {"uv": [8, 0, 11, 16], "texture": "#1"},
				"west": {"uv": [3, 0, 0, 16], "texture": "#bottom"},
				"down": {"uv": [10, 13, 13, 16], "rotation": 90, "texture": "#bottom"}
			}
		},
		{
			"name": "east",
			"from": [0, 0, 0],
			"to": [3, 16, 3],
			"rotation": {"angle": 0, "axis": "y", "origin": [1.5, 8.25, 8]},
			"faces": {
				"north": {"uv": [8, 0, 11, 16], "texture": "#1"},
				"east": {"uv": [13, 0, 16, 16], "texture": "#bottom"},
				"south": {"uv": [0, 0, 3, 16], "texture": "#bottom"},
				"west": {"uv": [16, 0, 13, 16], "texture": "#bottom"},
				"down": {"uv": [3, 13, 6, 16], "rotation": 90, "texture": "#bottom"}
			}
		},
		{
			"name": "wood",
			"from": [1, 3, 3],
			"to": [2, 16, 13],
			"rotation": {"angle": 0, "axis": "y", "origin": [1.5, 8.25, 8]},
			"faces": {
				"east": {"uv": [3, 0, 13, 13], "texture": "#bottom"},
				"west": {"uv": [13, 0, 3, 13], "texture": "#bottom"}
			}
		},
		{
			"from": [0.5, 13, 6],
			"to": [2.5, 14, 10],
			"rotation": {"angle": 0, "axis": "y", "origin": [1.5, 8.25, 8]},
			"faces": {
				"north": {"uv": [6, 2, 7, 3], "texture": "#bottom"},
				"east": {"uv": [6, 2, 10, 3], "texture": "#bottom"},
				"south": {"uv": [9, 2, 10, 3], "texture": "#bottom"},
				"west": {"uv": [6, 2, 10, 3], "texture": "#bottom"},
				"up": {"uv": [6, 2, 10, 3], "rotation": 270, "texture": "#bottom"},
				"down": {"uv": [4, 14, 8, 15], "rotation": 90, "texture": "#bottom"}
			}
		},
		{
			"from": [0.5, 14, 9],
			"to": [2.5, 16, 10],
			"rotation": {"angle": 0, "axis": "y", "origin": [1.5, 8.25, 8]},
			"faces": {
				"north": {"uv": [9, 0, 10, 2], "texture": "#bottom"},
				"east": {"uv": [9, 0, 10, 2], "texture": "#bottom"},
				"south": {"uv": [9, 0, 10, 2], "texture": "#bottom"},
				"west": {"uv": [9, 0, 10, 2], "texture": "#bottom"}
			}
		}
	],
	"groups": [
		{
			"name": "bottom",
			"origin": [8, 8, 8],
			"color": 0,
			"children": [0, 1, 2, 3, 4, 5, 6]
		}
	]
}