{
	"credit": "Made with Blockbench",
	"ambientocclusion": false,
	"textures": {
		"1": "immersive_weathering:block/rusted_iron_door_side",
		"particle": "immersive_weathering:block/rusted_iron_door_top",
		"top": "immersive_weathering:block/rusted_iron_door_top"
	},
	"elements": [
		{
			"from": [0.5, 0, 3],
			"to": [2.5, 3, 13],
			"rotation": {"angle": 0, "axis": "y", "origin": [1.5, 8, 8]},
			"faces": {
				"east": {"uv": [3, 13, 13, 16], "texture": "#top"},
				"west": {"uv": [3, 13, 13, 16], "texture": "#top"},
				"up": {"uv": [0, 3, 2, 13], "rotation": 180, "texture": "#top"}
			}
		},
		{
			"from": [1, 3, 3],
			"to": [2, 10, 5],
			"rotation": {"angle": 0, "axis": "y", "origin": [1.5, 8, 8]},
			"faces": {
				"east": {"uv": [11, 6, 13, 13], "texture": "#top"},
				"south": {"uv": [12, 6, 13, 13], "texture": "#top"},
				"west": {"uv": [3, 6, 5, 13], "texture": "#top"}
			}
		},
		{
			"from": [1, 10, 3],
			"to": [2, 13, 6],
			"rotation": {"angle": 0, "axis": "y", "origin": [1.5, 8, 8]},
			"faces": {
				"east": {"uv": [10, 3, 13, 6], "texture": "#top"},
				"west": {"uv": [3, 3, 6, 6], "texture": "#top"},
				"down": {"uv": [3, 3, 4, 6], "rotation": 180, "texture": "#top"}
			}
		},
		{
			"from": [1, 11, 6],
			"to": [2, 13, 10],
			"rotation": {"angle": 0, "axis": "y", "origin": [1.5, 8, 8]},
			"faces": {
				"east": {"uv": [6, 3, 10, 5], "texture": "#top"},
				"west": {"uv": [6, 3, 10, 5], "texture": "#top"},
				"down": {"uv": [3, 3, 4, 7], "rotation": 180, "texture": "#top"}
			}
		},
		{
			"from": [1, 10, 10],
			"to": [2, 13, 13],
			"rotation": {"angle": 0, "axis": "y", "origin": [1.5, 8, 8]},
			"faces": {
				"east": {"uv": [3, 3, 6, 6], "texture": "#top"},
				"west": {"uv": [10, 3, 13, 6], "texture": "#top"},
				"down": {"uv": [3, 3, 4, 6], "rotation": 180, "texture": "#top"}
			}
		},
		{
			"from": [1, 3, 11],
			"to": [2, 10, 13],
			"rotation": {"angle": 0, "axis": "y", "origin": [1.5, 8, 8]},
			"faces": {
				"north": {"uv": [3, 6, 4, 13], "texture": "#top"},
				"east": {"uv": [3, 6, 5, 13], "texture": "#top"},
				"west": {"uv": [11, 6, 13, 13], "texture": "#top"}
			}
		},
		{
			"name": "Bar1",
			"from": [1, 3, 9],
			"to": [2, 11, 10],
			"rotation": {"angle": 0, "axis": "y", "origin": [1.5, 8, 8]},
			"faces": {
				"north": {"uv": [6, 5, 7, 13], "texture": "#top"},
				"east": {"uv": [6, 5, 7, 13], "texture": "#top"},
				"south": {"uv": [6, 5, 7, 13], "texture": "#top"},
				"west": {"uv": [6, 5, 7, 13], "texture": "#top"}
			}
		},
		{
			"name": "Bar2",
			"from": [1, 3, 6],
			"to": [2, 11, 7],
			"rotation": {"angle": 0, "axis": "y", "origin": [1.5, 8, 8]},
			"faces": {
				"north": {"uv": [9, 5, 10, 13], "texture": "#top"},
				"east": {"uv": [9, 5, 10, 13], "texture": "#top"},
				"south": {"uv": [9, 5, 10, 13], "texture": "#top"},
				"west": {"uv": [9, 5, 10, 13], "texture": "#top"}
			}
		},
		{
			"from": [0, 0, 13],
			"to": [3, 16, 16],
			"rotation": {"angle": 0, "axis": "y", "origin": [1.5, 8, 8]},
			"faces": {
				"north": {"uv": [0, 0, 3, 16], "texture": "#1"},
				"east": {"uv": [0, 0, 3, 16], "texture": "#top"},
				"south": {"uv": [0, 0, 3, 16], "texture": "#1"},
				"west": {"uv": [3, 0, 0, 16], "texture": "#top"},
				"up": {"uv": [10, 0, 13, 3], "rotation": 270, "texture": "#top"}
			}
		},
		{
			"from": [0, 0, 0],
			"to": [3, 16, 3],
			"rotation": {"angle": 0, "axis": "y", "origin": [1.5, 8, 8]},
			"faces": {
				"north": {"uv": [0, 0, 3, 16], "texture": "#1"},
				"east": {"uv": [13, 0, 16, 16], "texture": "#top"},
				"south": {"uv": [0, 0, 3, 16], "texture": "#1"},
				"west": {"uv": [16, 0, 13, 16], "texture": "#top"},
				"up": {"uv": [10, 0, 13, 3], "rotation": 90, "texture": "#top"}
			}
		},
		{
			"from": [0, 13, 3],
			"to": [3, 16, 13],
			"rotation": {"angle": 0, "axis": "y", "origin": [1.5, 8, 8]},
			"faces": {
				"east": {"uv": [3, 0, 13, 3], "texture": "#top"},
				"west": {"uv": [13, 0, 3, 3], "texture": "#top"},
				"up": {"uv": [0, 3, 3, 13], "texture": "#1"},
				"down": {"uv": [0, 3, 3, 13], "rotation": 180, "texture": "#1"}
			}
		}
	],
	"groups": [
		{
			"name": "top",
			"origin": [8, 8, 8],
			"color": 0,
			"children": [0, 1, 2, 3, 4, 5, 6, 7, 8, 9, 10]
		}
	]
}