{
  "multipart": [
	{
      "apply": {
        "model": "create:block/metal_girder/block_pole"
      },
      "when": {
        "x": "false",
        "z": "false"
      }
    },
    {
      "apply": {
        "model": "create:block/metal_girder/block_x"
      },
      "when": {
        "x": "true",
		"z": "false",
		"bottom": "false",
		"top": "false"
      }
    },
    {
      "apply": {
        "model": "create:block/metal_girder/block_z"
      },
      "when": {
		"x": "false",  
        "z": "true",
		"bottom": "false",
		"top": "false"
      }
    },
    {
      "apply": {
        "model": "create:block/metal_girder/block_largecross_ew"
      },
      "when": {
        "top": "true",
        "x": "true",
        "z": "false"
      }
    },
    {
      "apply": {
        "model": "create:block/metal_girder/block_largecross_ew"
      },
      "when": {
        "bottom": "true",
        "x": "true",
        "z": "false"
      }
    },
    {
      "apply": {
        "model": "create:block/metal_girder/block_largecross_ns"
      },
      "when": {
        "bottom": "true",
        "x": "false",
        "z": "true"
      }
    },
	{
      "apply": {
        "model": "create:block/metal_girder/block_largecross_ns"
      },
      "when": {
        "top": "true",
        "x": "false",
        "z": "true"
      }
    },
	{
      "apply": {
        "model": "create:block/metal_girder/block_largecross"
      },
      "when": {
        "bottom": "true",
        "x": "true",
        "z": "true"
      }
    },
	{
      "apply": {
        "model": "create:block/metal_girder/block_largecross"
      },
      "when": {
		"top": "true",  
        "x": "true",
        "z": "true"		
      }
    },
    {
      "apply": {
        "model": "create:block/metal_girder/block_cross"
      },
      "when": {
        "x": "true",
        "z": "true",
		"top": "false",
		"bottom": "false"
      }
    }
  ]
}