{
  "multipart": [
    {
      "apply": {
        "model": "create:block/metal_girder_encased_shaft/block_shaft_largecross_horizontal",
		"y": 90
      },
      "when": { 
        "axis": "x"
		
      }
    },
	{
      "apply": {
        "model": "create:block/metal_girder_encased_shaft/block_shaft_largecross_horizontal"
      },
      "when": { 
        "axis": "z"
		
      }
    },
	{
      "apply": {
        "model": "create:block/metal_girder_encased_shaft/block"
      },
      "when": {
        "axis": "z"
      }
    },
    {
      "apply": {
        "model": "create:block/metal_girder_encased_shaft/block",
        "y": 90
      },
      "when": {
        "axis": "x"
      }
    },
    {
      "apply": {
        "model": "create:block/metal_girder_encased_shaft/block_top"
      },
      "when": {
        "top": "true"
      }
    },
    {
      "apply": {
        "model": "create:block/metal_girder_encased_shaft/block_bottom"
      },
      "when": {
        "bottom": "true"
      }
    }
  ]
}