{
	"credit": "Made with Blockbench",
	"parent": "block/block",
	"texture_size": [32, 32],
	"textures": {
		"5": "create:block/flywheel"
	},
	"elements": [
		{
			"name": "Gear5",
			"from": [6.5, 6, -1],
			"to": [9.5, 10, 17],
			"rotation": {"angle": 0, "axis": "y", "origin": [8, 8, 8]},
			"faces": {
				"north": {"uv": [13, 5.5, 15, 7], "rotation": 90, "texture": "#5"},
				"east": {"uv": [13, 7, 15, 16], "rotation": 90, "texture": "#5"},
				"south": {"uv": [13, 5.5, 15, 7], "rotation": 90, "texture": "#5"},
				"west": {"uv": [13, 7, 15, 16], "rotation": 90, "texture": "#5"},
				"up": {"uv": [11.5, 7, 13, 16], "texture": "#5"},
				"down": {"uv": [11.5, 7, 13, 16], "texture": "#5"}
			}
		},
		{
			"name": "Gear6",
			"from": [6.5, 6, -1],
			"to": [9.5, 10, 17],
			"neoforge_data": {"calculate_normals": true},
			"rotation": {"angle": 45, "axis": "y", "origin": [8, 8, 8]},
			"faces": {
				"north": {"uv": [13, 5.5, 15, 7], "rotation": 90, "texture": "#5"},
				"east": {"uv": [13, 7, 15, 16], "rotation": 90, "texture": "#5"},
				"south": {"uv": [13, 5.5, 15, 7], "rotation": 90, "texture": "#5"},
				"west": {"uv": [13, 7, 15, 16], "rotation": 90, "texture": "#5"},
				"up": {"uv": [11.5, 7, 13, 16], "texture": "#5"},
				"down": {"uv": [11.5, 7, 13, 16], "texture": "#5"}
			}
		},
		{
			"name": "Gear7",
			"from": [-1, 6, 6.5],
			"to": [17, 10, 9.5],
			"rotation": {"angle": 0, "axis": "y", "origin": [8, 8, 8]},
			"faces": {
				"north": {"uv": [13, 7, 15, 16], "rotation": 90, "texture": "#5"},
				"east": {"uv": [13, 5.5, 15, 7], "rotation": 90, "texture": "#5"},
				"south": {"uv": [13, 7, 15, 16], "rotation": 90, "texture": "#5"},
				"west": {"uv": [13, 5.5, 15, 7], "rotation": 90, "texture": "#5"},
				"up": {"uv": [11.5, 7, 13, 16], "rotation": 270, "texture": "#5"},
				"down": {"uv": [11.5, 7, 13, 16], "rotation": 90, "texture": "#5"}
			}
		},
		{
			"name": "Gear8",
			"from": [-1, 6, 6.5],
			"to": [17, 10, 9.5],
			"neoforge_data": {"calculate_normals": true},
			"rotation": {"angle": 45, "axis": "y", "origin": [8, 8, 8]},
			"faces": {
				"north": {"uv": [13, 7, 15, 16], "rotation": 90, "texture": "#5"},
				"east": {"uv": [13, 5.5, 15, 7], "rotation": 90, "texture": "#5"},
				"south": {"uv": [13, 7, 15, 16], "rotation": 90, "texture": "#5"},
				"west": {"uv": [13, 5.5, 15, 7], "rotation": 90, "texture": "#5"},
				"up": {"uv": [11.5, 7, 13, 16], "rotation": 270, "texture": "#5"},
				"down": {"uv": [11.5, 7, 13, 16], "rotation": 90, "texture": "#5"}
			}
		},
		{
			"name": "GearCaseInner",
			"from": [2, 6.5, 2],
			"to": [14, 9.5, 14],
			"rotation": {"angle": 0, "axis": "y", "origin": [8, 6.5, 8]},
			"faces": {
				"north": {"uv": [10, 10, 11.5, 16], "rotation": 90, "texture": "#5"},
				"east": {"uv": [10, 10, 11.5, 16], "rotation": 90, "texture": "#5"},
				"south": {"uv": [10, 10, 11.5, 16], "rotation": 90, "texture": "#5"},
				"west": {"uv": [10, 10, 11.5, 16], "rotation": 90, "texture": "#5"},
				"up": {"uv": [3, 6, 3.5, 6.5], "rotation": 180, "texture": "#5"},
				"down": {"uv": [3.5, 5.5, 4, 6], "rotation": 180, "texture": "#5"}
			}
		}
	],
	"display": {
		"thirdperson_righthand": {
			"rotation": [75, -149, 0],
			"translation": [0, 2.5, 0],
			"scale": [0.375, 0.375, 0.375]
		},
		"thirdperson_lefthand": {
			"rotation": [75, -149, 0],
			"translation": [0, 2.5, 0],
			"scale": [0.375, 0.375, 0.375]
		},
		"firstperson_righthand": {
			"rotation": [0, -55, 0],
			"scale": [0.4, 0.4, 0.4]
		},
		"firstperson_lefthand": {
			"rotation": [0, -55, 0],
			"scale": [0.4, 0.4, 0.4]
		},
		"ground": {
			"translation": [0, 1, 1.25],
			"scale": [0.25, 0.25, 0.25]
		},
		"gui": {
			"rotation": [30, 45, 0],
			"translation": [2.5, -0.5, 0],
			"scale": [0.625, 0.625, 0.625]
		},
		"fixed": {
			"rotation": [0, 180, 0],
			"translation": [0, 1.75, -4.5],
			"scale": [0.5, 0.5, 0.5]
		}
	},
	"groups": [
		{
			"name": "inserter",
			"origin": [8, 8, 8],
			"color": 0,
			"children": [
				{
					"name": "cogwheel",
					"origin": [8, 8, 8],
					"color": 0,
					"children": [0, 1, 2, 3, 4]
				}
			]
		}
	]
}
