{
	"credit": "Made with Blockbench",
	"textures": {
		"0": "create:block/packager_frame",
		"1": "create:block/packager_details",
		"5": "create:block/packager_vertical_unpowered",
		"particle": "create:block/packager_particle"
	},
	"elements": [
		{
			"name": "frame",
			"from": [0, 0, 0],
			"to": [16, 16, 16],
			"faces": {
				"north": {"uv": [0, 0, 8, 8], "texture": "#5"},
				"east": {"uv": [0, 0, 8, 8], "texture": "#5"},
				"south": {"uv": [0, 0, 8, 8], "texture": "#5"},
				"west": {"uv": [0, 0, 8, 8], "texture": "#5"},
				"up": {"uv": [0, 0, 8, 8], "texture": "#0"},
				"down": {"uv": [8, 0, 16, 8], "texture": "#0"}
			}
		},
		{
			"name": "frame_interior",
			"from": [0.1, 0.1, 15.9],
			"to": [15.9, 15.9, 0.1],
			"rotation": {"angle": 0, "axis": "y", "origin": [0, 0, 16]},
			"faces": {
				"north": {"uv": [8, 8, 16, 16], "texture": "#0"},
				"east": {"uv": [8, 8, 16, 16], "texture": "#0"},
				"south": {"uv": [8, 8, 16, 16], "texture": "#0"},
				"west": {"uv": [8, 8, 16, 16], "texture": "#0"},
				"up": {"uv": [0, 8, 8, 16], "texture": "#0"},
				"down": {"uv": [0, 8, 8, 16], "texture": "#0"}
			}
		},
		{
			"from": [1, 0, 1],
			"to": [3, 16, 3],
			"rotation": {"angle": 0, "axis": "y", "origin": [1, 16, 1]},
			"faces": {
				"north": {"uv": [12.5, 8, 13.5, 16], "rotation": 180, "texture": "#1"},
				"east": {"uv": [12.5, 8, 13.5, 16], "texture": "#1"},
				"south": {"uv": [12.5, 8, 13.5, 16], "texture": "#1"},
				"west": {"uv": [12.5, 8, 13.5, 16], "rotation": 180, "texture": "#1"}
			}
		},
		{
			"from": [13, 0, 1],
			"to": [15, 16, 3],
			"rotation": {"angle": 0, "axis": "y", "origin": [13, 16, 1]},
			"faces": {
				"north": {"uv": [12.5, 8, 13.5, 16], "rotation": 180, "texture": "#1"},
				"east": {"uv": [12.5, 8, 13.5, 16], "texture": "#1"},
				"south": {"uv": [12.5, 8, 13.5, 16], "texture": "#1"},
				"west": {"uv": [12.5, 8, 13.5, 16], "rotation": 180, "texture": "#1"}
			}
		},
		{
			"from": [1, 0, 13],
			"to": [3, 16, 15],
			"rotation": {"angle": 0, "axis": "y", "origin": [1, 16, 13]},
			"faces": {
				"north": {"uv": [12.5, 8, 13.5, 16], "rotation": 180, "texture": "#1"},
				"east": {"uv": [12.5, 8, 13.5, 16], "texture": "#1"},
				"south": {"uv": [12.5, 8, 13.5, 16], "texture": "#1"},
				"west": {"uv": [12.5, 8, 13.5, 16], "rotation": 180, "texture": "#1"}
			}
		},
		{
			"from": [13, 0, 13],
			"to": [15, 16, 15],
			"rotation": {"angle": 0, "axis": "y", "origin": [13, 16, 13]},
			"faces": {
				"north": {"uv": [12.5, 8, 13.5, 16], "rotation": 180, "texture": "#1"},
				"east": {"uv": [12.5, 8, 13.5, 16], "texture": "#1"},
				"south": {"uv": [12.5, 8, 13.5, 16], "texture": "#1"},
				"west": {"uv": [12.5, 8, 13.5, 16], "rotation": 180, "texture": "#1"}
			}
		},
		{
			"from": [0, 4, 0],
			"to": [16, 4, 16],
			"rotation": {"angle": 0, "axis": "y", "origin": [0, 4, 0]},
			"faces": {
				"up": {"uv": [8, 0, 16, 8], "texture": "#5"}
			}
		},
		{
			"from": [1.9, 4, 1.9],
			"to": [14.1, 0, 14.1],
			"rotation": {"angle": 0, "axis": "y", "origin": [2, 4, 2]},
			"faces": {
				"north": {"uv": [9, 6, 15, 4], "texture": "#1"},
				"east": {"uv": [9, 6, 15, 4], "texture": "#1"},
				"south": {"uv": [9, 6, 15, 4], "texture": "#1"},
				"west": {"uv": [9, 6, 15, 4], "texture": "#1"}
			}
		}
	],
	"groups": [
		{
			"name": "frame",
			"origin": [0, 0, 0],
			"color": 0,
			"children": [0, 1]
		},
		{
			"name": "tracks",
			"origin": [8, 8, 8],
			"color": 0,
			"children": [2, 3, 4, 5]
		},
		{
			"name": "interior",
			"origin": [8, 8, 8],
			"color": 0,
			"children": [6, 7]
		}
	]
}