{
	"parent": "block/block",
	"credit": "Made with Blockbench",
	"textures": {
		"0": "create:block/packager_frame",
		"1": "create:block/packager_details",
		"2": "create:block/packager_horizontal_unpowered",
		"3": "create:block/packager_iris_closed",
		"particle": "create:block/packager_particle"
	},
	"elements": [
		{
			"name": "frame",
			"from": [0, 0, 0],
			"to": [16, 16, 16],
			"rotation": {"angle": 0, "axis": "y", "origin": [8, 8, 8]},
			"faces": {
				"north": {"uv": [0, 0, 8, 8], "texture": "#2"},
				"east": {"uv": [0, 0, 8, 8], "texture": "#2"},
				"south": {"uv": [0, 0, 8, 8], "texture": "#2"},
				"west": {"uv": [0, 0, 8, 8], "texture": "#2"},
				"up": {"uv": [0, 0, 8, 8], "rotation": 180, "texture": "#0"},
				"down": {"uv": [8, 0, 16, 8], "rotation": 180, "texture": "#0"}
			}
		},
		{
			"name": "frame_interior",
			"from": [0.1, 0.1, 15.9],
			"to": [15.9, 15.9, 0.1],
			"rotation": {"angle": 0, "axis": "y", "origin": [8, 8, 8]},
			"faces": {
				"north": {"uv": [8, 8, 16, 16], "texture": "#0"},
				"east": {"uv": [8, 8, 16, 16], "texture": "#0"},
				"south": {"uv": [8, 8, 16, 16], "texture": "#0"},
				"west": {"uv": [8, 8, 16, 16], "texture": "#0"},
				"up": {"uv": [0, 8, 8, 16], "rotation": 180, "texture": "#0"},
				"down": {"uv": [0, 8, 8, 16], "rotation": 180, "texture": "#0"}
			}
		},
		{
			"from": [1, 1, 15],
			"to": [15, 15, 18],
			"rotation": {"angle": 0, "axis": "y", "origin": [8, 8, 8]},
			"faces": {
				"north": {"uv": [1, 1, 15, 15], "texture": "#3"},
				"east": {"uv": [8, 8.5, 9.5, 15.5], "texture": "#1"},
				"south": {"uv": [1, 1, 15, 15], "texture": "#3"},
				"west": {"uv": [8, 8.5, 9.5, 15.5], "texture": "#1"},
				"up": {"uv": [8, 8.5, 9.5, 15.5], "rotation": 270, "texture": "#1"},
				"down": {"uv": [8, 8.5, 9.5, 15.5], "rotation": 270, "texture": "#1"}
			}
		},
		{
			"from": [10, 1, 0],
			"to": [12, 3, 16],
			"rotation": {"angle": 0, "axis": "y", "origin": [8, 8, 8]},
			"faces": {
				"east": {"uv": [12.5, 8, 13.5, 16], "rotation": 90, "texture": "#1"},
				"west": {"uv": [12.5, 8, 13.5, 16], "rotation": 90, "texture": "#1"},
				"up": {"uv": [12.5, 8, 13.5, 16], "rotation": 180, "texture": "#1"},
				"down": {"uv": [12.5, 8, 13.5, 16], "rotation": 180, "texture": "#1"}
			}
		},
		{
			"from": [4, 1, 0],
			"to": [6, 3, 16],
			"rotation": {"angle": 0, "axis": "y", "origin": [8, 8, 8]},
			"faces": {
				"east": {"uv": [12.5, 8, 13.5, 16], "rotation": 90, "texture": "#1"},
				"west": {"uv": [12.5, 8, 13.5, 16], "rotation": 90, "texture": "#1"},
				"up": {"uv": [12.5, 8, 13.5, 16], "rotation": 180, "texture": "#1"},
				"down": {"uv": [12.5, 8, 13.5, 16], "rotation": 180, "texture": "#1"}
			}
		},
		{
			"from": [2, 2, 2],
			"to": [14, 4, 14],
			"rotation": {"angle": 0, "axis": "y", "origin": [8, 8, 8]},
			"faces": {
				"north": {"uv": [1, 6.5, 7, 7.5], "texture": "#1"},
				"east": {"uv": [1, 6.5, 7, 7.5], "texture": "#1"},
				"south": {"uv": [1, 6.5, 7, 7.5], "texture": "#1"},
				"west": {"uv": [1, 6.5, 7, 7.5], "texture": "#1"},
				"up": {"uv": [1, 1, 7, 7], "rotation": 180, "texture": "#1"},
				"down": {"uv": [1, 1, 7, 7], "rotation": 180, "texture": "#1"}
			}
		},
		{
			"from": [0, 4, 0],
			"to": [16, 4, 16],
			"rotation": {"angle": 0, "axis": "y", "origin": [8, 8, 8]},
			"faces": {
				"up": {"uv": [8, 0, 16, 8], "rotation": 180, "texture": "#2"}
			}
		},
		{
			"from": [1.9, 4, 1.9],
			"to": [14.1, 0, 15.1],
			"rotation": {"angle": 0, "axis": "y", "origin": [8, 8, 8]},
			"faces": {
				"north": {"uv": [9, 6, 15, 4], "texture": "#1"},
				"east": {"uv": [8.5, 2, 15, 0], "texture": "#1"},
				"west": {"uv": [8.5, 2, 15, 0], "texture": "#1"}
			}
		}
	],
	"groups": [
		{
			"name": "frame",
			"origin": [0, 0, 0],
			"color": 0,
			"children": [0, 1]
		},
		{
			"name": "door",
			"origin": [8, 8, 8],
			"color": 0,
			"children": [2]
		},
		{
			"name": "tracks",
			"origin": [8, 8, 8],
			"color": 0,
			"children": [3, 4]
		},
		{
			"name": "sled",
			"origin": [8, 8, 8],
			"color": 0,
			"children": [5]
		},
		{
			"name": "interior",
			"origin": [8, 8, 8],
			"color": 0,
			"children": [6, 7]
		}
	]
}