{
  "workstations": [
    {
      "required_mod": "minecraft",
      "output_block": "minecraft:composter",
      "weight": 1
    },
    {
      "required_mod": "domestic_innovation",
      "output_block": "domestic_innovation:pet_bed_white",
      "weight": 1
    },
    {
      "required_mod": "simplycats",
      "output_block": "simplycats:shelter_book",
      "weight": 1
    },
    {
      "required_mod": "morevillagers",
      "output_block": "morevillagers:woodworking_table",
      "weight": 1
    },
    {
      "required_mod": "morevillagers",
      "output_block": "morevillagers:gardening_table",
      "weight": 1
    },
    {
      "required_mod": "sawmill",
      "output_block": "sawmill:sawmill",
      "weight": 1
    },
    {
      "required_mod": "vinery",
      "output_block": "vinery:apple_press",
      "weight": 1
    },
    {
      "required_mod": "brewery",
      "output_block": "brewery:bar_counter",
      "weight": 1
    },
    {
      "required_mod": "cloudstorage",
      "output_block": "cloudstorage:balloon_stand",
      "weight": 1
    },
    {
      "required_mod": "betterarcheology",
      "output_block": "betterarcheology:archeology_table",
      "weight": 1
    },
    {
      "required_mod": "new_villagers",
      "output_block": "new_villagers:archeology_table",
      "weight": 1
    },
    {
      "required_mod": "new_villagers",
      "output_block": "new_villagers:lumberjack_woodwork_table",
      "weight": 1
    },
    {
      "required_mod": "recruits",
      "output_block": "recruits:recruit_block",
      "weight": 1
    },
    {
      "required_mod": "recruits",
      "output_block": "recruits:recruit_shield_block",
      "weight": 1
    }
  ]
}