{
  "bonuses": [
    {
      "type": "skilltree:gem_bonus",
      "bonus": {
        "item_bonus": {
          "type": "skilltree:skill_bonus",
          "skill_bonus": {
            "type": "skilltree:attribute",
            "amount": 0.3,
            "attribute": "attributeslib:mining_speed",
            "id": "9647a5b1-9fc3-4c37-bfb0-abddcd041c16",
            "name": "Citrine",
            "operation": 1,
            "player_condition": {
              "type": "skilltree:none"
            },
            "player_multiplier": {
              "type": "skilltree:none"
            },
            "enemy_multiplier": {
              "type": "skilltree:none"
            }
          }
        }
      },
      "gem_class": {
        "key": "tool",
        "types": [
          "pickaxe",
          "shovel"
        ]
      }
    },
    {
      "type": "skilltree:gem_bonus",
      "bonus": {
        "item_bonus": {
          "type": "skilltree:skill_bonus",
          "skill_bonus": {
            "type": "skilltree:attribute",
            "amount": 0.1,
            "attribute": "attributeslib:crit_chance",
            "id": "9647a5b1-9fc3-4c37-bfb0-abddcd041c26",
            "name": "Citrine",
            "operation": 1,
            "player_condition": {
              "type": "skilltree:none"
            },
            "player_multiplier": {
              "type": "skilltree:none"
            },
            "enemy_multiplier": {
              "type": "skilltree:none"
            }
          }
        }
      },
      "gem_class": {
        "key": "weapon",
        "types": [
          "bow",
          "sword",
          "heavy_weapon",
          "trident",
          "crossbow"
        ]
      }
    },
    {
      "type": "skilltree:gem_bonus",
      "bonus": {
        "item_bonus": {
          "type": "skilltree:skill_bonus",
          "skill_bonus": {
            "type": "skilltree:attribute",
            "amount": 1.0000000149011612,
            "attribute": "minecraft:generic.luck",
            "id": "5ddb6534-b167-48d7-97a4-7c013a2e8273",
            "name": "Citrine",
            "operation": 0,
            "player_condition": {
              "type": "skilltree:none"
            },
            "player_multiplier": {
              "type": "skilltree:none"
            },
            "enemy_multiplier": {
              "type": "skilltree:none"
            }
          }
        }
      },
      "gem_class": {
        "key": "chestplate",
        "types": [
          "chestplate"
        ]
      }
    },
    {
      "type": "skilltree:gem_bonus",
      "bonus": {
        "item_bonus": {
          "type": "skilltree:skill_bonus",
          "skill_bonus": {
            "type": "skilltree:loot_duplication",
            "chance": 0.099999994,
            "loot_type": "gems",
            "multiplier": 2
          }
        }
      },
      "gem_class": {
        "key": "helmet",
        "types": [
          "helmet"
        ]
      }
    },
    {
      "type": "skilltree:gem_bonus",
      "bonus": {
        "item_bonus": {
          "type": "skilltree:skill_bonus",
          "skill_bonus": {
            "type": "skilltree:jump_height",
            "multiplier": 0.099999994,
            "player_condition": {
              "type": "skilltree:none"
            }
          }
        }
      },
      "gem_class": {
        "key": "boots",
        "types": [
          "boots"
        ]
      }
    },
    {
      "type": "skilltree:gem_bonus",
      "bonus": {
        "item_bonus": {
          "type": "skilltree:skill_bonus",
          "skill_bonus": {
            "type": "skilltree:attribute",
            "amount": 0.09999999776482582,
            "attribute": "minecraft:generic.luck",
            "id": "c8dc0203-b909-4bf9-b1c2-1dc939ed6d7c",
            "name": "Citrine",
            "operation": 1,
            "player_condition": {
              "type": "skilltree:none"
            },
            "player_multiplier": {
              "type": "skilltree:none"
            },
            "enemy_multiplier": {
              "type": "skilltree:none"
            }
          }
        }
      },
      "gem_class": {
        "key": "shield",
        "types": [
          "shield"
        ]
      }
    },
    {
      "type": "skilltree:gem_bonus",
      "bonus": {
        "item_bonus": {
          "type": "skilltree:skill_bonus",
          "skill_bonus": {
            "type": "skilltree:loot_duplication",
            "chance": 0.099999994,
            "loot_type": "fishing",
            "multiplier": 1
          }
        }
      },
      "gem_class": {
        "key": "jewelry",
        "types": [
          "curios:necklace",
          "curios:ring"
        ]
      }
    }
  ],
  "dimensions": [
    "skilltree:fake_dimension"
  ],
  "max_rarity": "ancient",
  "min_rarity": "ancient",
  "weight": 0
}