{
  "bonuses": [
    {
      "type": "skilltree:gem_bonus",
      "bonus": {
        "item_bonus": {
          "type": "skilltree:skill_bonus",
          "skill_bonus": {
            "type": "skilltree:attribute",
            "amount": 0.1,
            "attribute": "attributeslib:mining_speed",
            "id": "9647a5b1-9fc3-4c37-bfb0-abddcd041b12",
            "name": "Jade",
            "operation": 1,
            "player_condition": {
              "type": "skilltree:none"
            },
            "player_multiplier": {
              "type": "skilltree:none"
            },
            "enemy_multiplier": {
              "type": "skilltree:none"
            }
          }
        }
      },
      "gem_class": {
        "key": "tool",
        "types": [
          "pickaxe",
          "shovel"
        ]
      }
    },
    {
      "type": "skilltree:gem_bonus",
      "bonus": {
        "item_bonus": {
          "type": "skilltree:skill_bonus",
          "skill_bonus": {
            "type": "skilltree:attribute",
            "amount": 0.02,
            "attribute": "minecraft:generic.attack_speed",
            "id": "e333ebe8-c219-4bcf-b03b-5a1578e0e977",
            "name": "Jade",
            "operation": 1,
            "player_condition": {
              "type": "skilltree:none"
            },
            "player_multiplier": {
              "type": "skilltree:none"
            },
            "enemy_multiplier": {
              "type": "skilltree:none"
            }
          }
        }
      },
      "gem_class": {
        "key": "weapon",
        "types": [
          "bow",
          "sword",
          "heavy_weapon",
          "trident",
          "crossbow"
        ]
      }
    },
    {
      "type": "skilltree:gem_bonus",
      "bonus": {
        "item_bonus": {
          "type": "skilltree:skill_bonus",
          "skill_bonus": {
            "type": "skilltree:attribute",
            "amount": 0.02,
            "attribute": "attributeslib:dodge_chance",
            "id": "f11f60b7-cf4b-49f3-b46e-6ddb5a49e370",
            "name": "Jade",
            "operation": 1,
            "player_condition": {
              "type": "skilltree:none"
            },
            "player_multiplier": {
              "type": "skilltree:none"
            },
            "enemy_multiplier": {
              "type": "skilltree:none"
            }
          }
        }
      },
      "gem_class": {
        "key": "chestplate",
        "types": [
          "chestplate"
        ]
      }
    },
    {
      "type": "skilltree:gem_bonus",
      "bonus": {
        "item_bonus": {
          "type": "skilltree:skill_bonus",
          "skill_bonus": {
            "type": "skilltree:gained_experience",
            "experience_source": "mobs",
            "multiplier": 0.05
          }
        }
      },
      "gem_class": {
        "key": "helmet",
        "types": [
          "helmet"
        ]
      }
    },
    {
      "type": "skilltree:gem_bonus",
      "bonus": {
        "item_bonus": {
          "type": "skilltree:skill_bonus",
          "skill_bonus": {
            "type": "skilltree:attribute",
            "amount": 0.02,
            "attribute": "minecraft:generic.movement_speed",
            "id": "a8a1fd5e-60f9-4ea7-a0cd-dd3c9022f350",
            "name": "Jade",
            "operation": 1,
            "player_condition": {
              "type": "skilltree:none"
            },
            "player_multiplier": {
              "type": "skilltree:none"
            },
            "enemy_multiplier": {
              "type": "skilltree:none"
            }
          }
        }
      },
      "gem_class": {
        "key": "boots",
        "types": [
          "boots"
        ]
      }
    },
    {
      "type": "skilltree:gem_bonus",
      "bonus": {
        "item_bonus": {
          "type": "skilltree:skill_bonus",
          "skill_bonus": {
            "type": "skilltree:attribute",
            "amount": 0.02,
            "attribute": "skilltree:stealth",
            "id": "3b14676e-03c6-450b-bfd1-c3a0f850dd38",
            "name": "Jade",
            "operation": 1,
            "player_condition": {
              "type": "skilltree:none"
            },
            "player_multiplier": {
              "type": "skilltree:none"
            },
            "enemy_multiplier": {
              "type": "skilltree:none"
            }
          }
        }
      },
      "gem_class": {
        "key": "shield",
        "types": [
          "shield"
        ]
      }
    },
    {
      "type": "skilltree:gem_bonus",
      "bonus": {
        "item_bonus": {
          "type": "skilltree:skill_bonus",
          "skill_bonus": {
            "type": "skilltree:attribute",
            "amount": 0.01,
            "attribute": "attributeslib:dodge_chance",
            "id": "c5fb67e8-ed68-4b22-a9b8-1a3bfcee3424",
            "name": "Jade",
            "operation": 1,
            "player_condition": {
              "type": "skilltree:none"
            },
            "player_multiplier": {
              "type": "skilltree:none"
            },
            "enemy_multiplier": {
              "type": "skilltree:none"
            }
          }
        }
      },
      "gem_class": {
        "key": "jewelry",
        "types": [
          "curios:necklace",
          "curios:ring"
        ]
      }
    }
  ],
  "dimensions": [
    "skilltree:fake_dimension"
  ],
  "max_rarity": "uncommon",
  "min_rarity": "uncommon",
  "weight": 0
}