{
  "bonuses": [
    {
      "type": "skilltree:gem_bonus",
      "bonus": {
        "item_bonus": {
          "type": "skilltree:skill_bonus",
          "skill_bonus": {
            "type": "skilltree:attribute",
            "amount": 0.25,
            "attribute": "attributeslib:mining_speed",
            "id": "9647a5b1-9fc3-4c37-bfb0-abddcd041d15",
            "name": "Ruby",
            "operation": 1,
            "player_condition": {
              "type": "skilltree:none"
            },
            "player_multiplier": {
              "type": "skilltree:none"
            },
            "enemy_multiplier": {
              "type": "skilltree:none"
            }
          }
        }
      },
      "gem_class": {
        "key": "tool",
        "types": [
          "pickaxe",
          "shovel"
        ]
      }
    },
    {
      "type": "skilltree:gem_bonus",
      "bonus": {
        "item_bonus": {
          "type": "skilltree:skill_bonus",
          "skill_bonus": {
            "type": "skilltree:healing",
            "amount": 0.5,
            "chance": 1,
            "event_listener": {
              "type": "skilltree:attack",
              "damage_condition": {
                "type": "skilltree:none"
              },
              "enemy_condition": {
                "type": "skilltree:none"
              },
              "enemy_multiplier": {
                "type": "skilltree:none"
              },
              "player_condition": {
                "type": "skilltree:none"
              },
              "player_multiplier": {
                "type": "skilltree:none"
              },
              "target": "player"
            }
          }
        }
      },
      "gem_class": {
        "key": "weapon",
        "types": [
          "bow",
          "sword",
          "heavy_weapon",
          "trident",
          "crossbow"
        ]
      }
    },
    {
      "type": "skilltree:gem_bonus",
      "bonus": {
        "item_bonus": {
          "type": "skilltree:skill_bonus",
          "skill_bonus": {
            "type": "skilltree:incoming_healing",
            "multiplier": 0.049999997,
            "player_condition": {
              "type": "skilltree:none"
            },
            "player_multiplier": {
              "type": "skilltree:none"
            },
            "enemy_multiplier": {
              "type": "skilltree:none"
            }
          }
        }
      },
      "gem_class": {
        "key": "chestplate",
        "types": [
          "chestplate"
        ]
      }
    },
    {
      "type": "skilltree:gem_bonus",
      "bonus": {
        "item_bonus": {
          "type": "skilltree:skill_bonus",
          "skill_bonus": {
            "type": "skilltree:attribute",
            "amount": 0.04999999888241291,
            "attribute": "minecraft:generic.max_health",
            "id": "f79c61ad-6714-4234-a9fa-cb43b093d7c8",
            "name": "Ruby",
            "operation": 1,
            "player_condition": {
              "type": "skilltree:none"
            },
            "player_multiplier": {
              "type": "skilltree:none"
            },
            "enemy_multiplier": {
              "type": "skilltree:none"
            }
          }
        }
      },
      "gem_class": {
        "key": "helmet",
        "types": [
          "helmet"
        ]
      }
    },
    {
      "type": "skilltree:gem_bonus",
      "bonus": {
        "item_bonus": {
          "type": "skilltree:skill_bonus",
          "skill_bonus": {
            "type": "skilltree:attribute",
            "amount": 0.04999999888241291,
            "attribute": "skilltree:regeneration",
            "id": "3c8a5dc5-138e-4460-858f-96ef7596778d",
            "name": "Ruby",
            "operation": 0,
            "player_condition": {
              "type": "skilltree:none"
            },
            "player_multiplier": {
              "type": "skilltree:none"
            },
            "enemy_multiplier": {
              "type": "skilltree:none"
            }
          }
        }
      },
      "gem_class": {
        "key": "boots",
        "types": [
          "boots"
        ]
      }
    },
    {
      "type": "skilltree:gem_bonus",
      "bonus": {
        "item_bonus": {
          "type": "skilltree:skill_bonus",
          "skill_bonus": {
            "type": "skilltree:healing",
            "amount": 0.5,
            "chance": 1,
            "event_listener": {
              "type": "skilltree:block",
              "damage_condition": {
                "type": "skilltree:none"
              },
              "enemy_condition": {
                "type": "skilltree:none"
              },
              "enemy_multiplier": {
                "type": "skilltree:none"
              },
              "player_condition": {
                "type": "skilltree:none"
              },
              "player_multiplier": {
                "type": "skilltree:none"
              },
              "target": "player"
            }
          }
        }
      },
      "gem_class": {
        "key": "shield",
        "types": [
          "shield"
        ]
      }
    },
    {
      "type": "skilltree:gem_bonus",
      "bonus": {
        "item_bonus": {
          "type": "skilltree:skill_bonus",
          "skill_bonus": {
            "type": "skilltree:incoming_healing",
            "multiplier": 0.024999999,
            "player_condition": {
              "type": "skilltree:none"
            },
            "player_multiplier": {
              "type": "skilltree:none"
            },
            "enemy_multiplier": {
              "type": "skilltree:none"
            }
          }
        }
      },
      "gem_class": {
        "key": "jewelry",
        "types": [
          "curios:necklace",
          "curios:ring"
        ]
      }
    }
  ],
  "dimensions": [
    "skilltree:fake_dimension"
  ],
  "max_rarity": "mythic",
  "min_rarity": "mythic",
  "weight": 0
}