{
  "bonuses": [
    {
      "type": "skilltree:gem_bonus",
      "bonus": {
        "item_bonus": {
          "type": "skilltree:skill_bonus",
          "skill_bonus": {
            "type": "skilltree:attribute",
            "amount": 0.25,
            "attribute": "attributeslib:mining_speed",
            "id": "9647a5b1-9fc3-4c37-bfb0-abddcd041a15",
            "name": "Sapphire",
            "operation": 1,
            "player_condition": {
              "type": "skilltree:none"
            },
            "player_multiplier": {
              "type": "skilltree:none"
            },
            "enemy_multiplier": {
              "type": "skilltree:none"
            }
          }
        }
      },
      "gem_class": {
        "key": "tool",
        "types": [
          "pickaxe",
          "shovel"
        ]
      }
    },
    {
      "type": "skilltree:gem_bonus",
      "bonus": {
        "item_bonus": {
          "type": "skilltree:skill_bonus",
          "skill_bonus": {
            "type": "skilltree:damage",
            "amount": 0.05,
            "damage_condition": {
              "type": "skilltree:none"
            },
            "operation": 1,
            "player_condition": {
              "type": "skilltree:none"
            },
            "player_multiplier": {
              "type": "skilltree:none"
            },
            "enemy_multiplier": {
              "type": "skilltree:none"
            },
            "target_condition": {
              "type": "skilltree:none"
            }
          }
        }
      },
      "gem_class": {
        "key": "weapon",
        "types": [
          "bow",
          "sword",
          "heavy_weapon",
          "trident",
          "crossbow"
        ]
      }
    },
    {
      "type": "skilltree:gem_bonus",
      "bonus": {
        "item_bonus": {
          "type": "skilltree:skill_bonus",
          "skill_bonus": {
            "type": "skilltree:attribute",
            "amount": 0.5000000074505806,
            "attribute": "minecraft:generic.armor_toughness",
            "id": "633fa283-484a-461d-adc1-72a9206d90de",
            "name": "Sapphire",
            "operation": 0,
            "player_condition": {
              "type": "skilltree:none"
            },
            "player_multiplier": {
              "type": "skilltree:none"
            },
            "enemy_multiplier": {
              "type": "skilltree:none"
            }
          }
        }
      },
      "gem_class": {
        "key": "chestplate",
        "types": [
          "chestplate"
        ]
      }
    },
    {
      "type": "skilltree:gem_bonus",
      "bonus": {
        "item_bonus": {
          "type": "skilltree:skill_bonus",
          "skill_bonus": {
            "type": "skilltree:attribute",
            "amount": 0.04999999888241291,
            "attribute": "minecraft:generic.armor",
            "id": "546fb939-17e7-4890-8d49-6a604af9956b",
            "name": "Sapphire",
            "operation": 1,
            "player_condition": {
              "type": "skilltree:none"
            },
            "player_multiplier": {
              "type": "skilltree:none"
            },
            "enemy_multiplier": {
              "type": "skilltree:none"
            }
          }
        }
      },
      "gem_class": {
        "key": "helmet",
        "types": [
          "helmet"
        ]
      }
    },
    {
      "type": "skilltree:gem_bonus",
      "bonus": {
        "item_bonus": {
          "type": "skilltree:skill_bonus",
          "skill_bonus": {
            "type": "skilltree:attribute",
            "amount": 0.04999999888241291,
            "attribute": "minecraft:generic.knockback_resistance",
            "id": "83989f1a-b650-452f-b644-1788d197d9ab",
            "name": "Sapphire",
            "operation": 0,
            "player_condition": {
              "type": "skilltree:none"
            },
            "player_multiplier": {
              "type": "skilltree:none"
            },
            "enemy_multiplier": {
              "type": "skilltree:none"
            }
          }
        }
      },
      "gem_class": {
        "key": "boots",
        "types": [
          "boots"
        ]
      }
    },
    {
      "type": "skilltree:gem_bonus",
      "bonus": {
        "item_bonus": {
          "type": "skilltree:durability",
          "amount": 500,
          "operation": 0
        }
      },
      "gem_class": {
        "key": "shield",
        "types": [
          "shield"
        ]
      }
    },
    {
      "type": "skilltree:gem_bonus",
      "bonus": {
        "item_bonus": {
          "type": "skilltree:skill_bonus",
          "skill_bonus": {
            "type": "skilltree:attribute",
            "amount": 0.024999999441206455,
            "attribute": "skilltree:stealth",
            "id": "c8adf35f-3256-49a4-aab2-9f1f65932641",
            "name": "Sapphire",
            "operation": 1,
            "player_condition": {
              "type": "skilltree:none"
            },
            "player_multiplier": {
              "type": "skilltree:none"
            },
            "enemy_multiplier": {
              "type": "skilltree:none"
            }
          }
        }
      },
      "gem_class": {
        "key": "jewelry",
        "types": [
          "curios:necklace",
          "curios:ring"
        ]
      }
    }
  ],
  "dimensions": [
    "skilltree:fake_dimension"
  ],
  "max_rarity": "mythic",
  "min_rarity": "mythic",
  "weight": 0
}