{
	"format_version": "1.21.6",
	"credit": "Made with Blockbench",
	"textures": {
		"particle": "#top"
	},
	"elements": [
		{
			"name": "Cake",
			"from": [2, 1, 2],
			"to": [14, 8, 14],
			"faces": {
				"north": {"uv": [2, 9, 14, 16], "texture": "#side"},
				"east": {"uv": [2, 9, 14, 16], "texture": "#side"},
				"south": {"uv": [2, 9, 14, 16], "texture": "#side"},
				"west": {"uv": [2, 9, 14, 16], "texture": "#side"},
				"up": {"uv": [2, 2, 14, 14], "texture": "#top"}
			}
		},
		{
			"name": "Slice",
			"from": [3.01, 6, 8.75],
			"to": [8.01, 12, 10.75],
			"rotation": {"angle": 22.5, "axis": "x", "origin": [6, 12.5, 13]},
			"faces": {
				"north": {"uv": [8, 9, 14, 16], "texture": "#inner"},
				"east": {"uv": [12, 9, 14, 16], "texture": "#inner"},
				"south": {"uv": [2, 9, 8, 16], "texture": "#inner"},
				"west": {"uv": [2, 9, 4, 16], "texture": "#side"},
				"up": {"uv": [8, 9, 14, 11], "rotation": 180, "texture": "#top"},
				"down": {"uv": [5, 14, 11, 16], "texture": "#missing"}
			}
		},
		{
			"name": "Slice",
			"from": [3, 8, 11],
			"to": [8, 14, 13],
			"rotation": {"angle": 0, "axis": "y", "origin": [0, 7, 0]},
			"faces": {
				"north": {"uv": [8, 9, 14, 16], "texture": "#inner"},
				"south": {"uv": [2, 9, 8, 16], "texture": "#side"},
				"west": {"uv": [11, 9, 14, 16], "texture": "#side"},
				"up": {"uv": [2, 11, 8, 14], "texture": "#top"}
			}
		},
		{
			"name": "cake",
			"from": [8, 8, 3],
			"to": [13, 14, 13],
			"rotation": {"angle": 0, "axis": "y", "origin": [0, 7, 0]},
			"faces": {
				"north": {"uv": [2, 9, 8, 16], "texture": "#side"},
				"east": {"uv": [2, 9, 14, 16], "texture": "#side"},
				"south": {"uv": [8, 9, 14, 16], "texture": "#side"},
				"west": {"uv": [2, 9, 14, 16], "texture": "#inner"},
				"up": {"uv": [8, 2, 14, 14], "texture": "#top"}
			}
		},
		{
			"name": "Plate",
			"from": [1, 0, 1],
			"to": [15, 1, 15],
			"faces": {
				"north": {"uv": [1, 15, 15, 16], "texture": "#plate"},
				"east": {"uv": [1, 0, 15, 1], "texture": "#plate"},
				"south": {"uv": [1, 15, 15, 16], "texture": "#plate"},
				"west": {"uv": [1, 0, 15, 1], "texture": "#plate"},
				"up": {"uv": [1, 1, 15, 15], "texture": "#plate"},
				"down": {"uv": [1, 1, 15, 15], "texture": "#plate"}
			}
		}
	]
}