{
	"format_version": "1.21.6",
	"credit": "Made with Blockbench",
	"textures": {
		"particle": "#top"
	},
	"elements": [
		{
			"name": "Cake",
			"from": [2, 1, 2],
			"to": [14, 8, 14],
			"faces": {
				"north": {"uv": [2, 9, 14, 16], "texture": "#side"},
				"east": {"uv": [2, 9, 14, 16], "texture": "#side"},
				"south": {"uv": [2, 9, 14, 16], "texture": "#side"},
				"west": {"uv": [2, 9, 14, 16], "texture": "#side"},
				"up": {"uv": [2, 2, 14, 14], "texture": "#top"}
			}
		},
		{
			"name": "Plate",
			"from": [1, 0, 1],
			"to": [15, 1, 15],
			"faces": {
				"north": {"uv": [1, 15, 15, 16], "texture": "#plate"},
				"east": {"uv": [1, 0, 15, 1], "texture": "#plate"},
				"south": {"uv": [1, 15, 15, 16], "texture": "#plate"},
				"west": {"uv": [1, 0, 15, 1], "texture": "#plate"},
				"up": {"uv": [1, 1, 15, 15], "texture": "#plate"},
				"down": {"uv": [1, 1, 15, 15], "texture": "#plate"}
			}
		},
		{
			"name": "cake",
			"from": [8, 8, 6],
			"to": [12, 14, 10],
			"rotation": {"angle": 22.5, "axis": "y", "origin": [10, 11.5, 8]},
			"faces": {
				"north": {"uv": [8, 9, 14, 16], "texture": "#side"},
				"east": {"uv": [8, 9, 14, 16], "texture": "#side"},
				"south": {"uv": [8, 9, 14, 16], "texture": "#inner"},
				"west": {"uv": [2, 9, 8, 16], "texture": "#inner"},
				"up": {"uv": [8, 2, 14, 8], "rotation": 270, "texture": "#top"}
			}
		}
	]
}