{
  "name": "Excalibur Guide Book",
  "icon": "patchouli:textures/item/book_excalibur.png",
  "category": "clarentmod:cit_naming_guide",
  "read_by_default": true,
  "sortnum": 0,
  "pages": [
    {
      "type": "patchouli:spotlight",
      "item": {
        "item": "patchouli:guide_book",
        "components": { "patchouli:book": "clarentmod:excalibur" }
      },
      "title": "Excalibur Guide Book",
      "text": "This Guide Book contains all of the hidden and special blocks found within the Excalibur Resource Pack created by Maffhew. $(br2)The Excalibur Guide Book is written by GrandPappyJay$()"
    },
    {
      "type": "patchouli:crafting",
      "title": "Excalibur Guide Book",
      "recipe": "clarentmod:excalibur_recipe_shapeless",
      "text": "$(br)This crafting recipe has been added so you can craft this Guide Book in the event it is lost."
    }
  ]
}