{
	"credit": "Made with Blockbench - GrandPappyJay",
	"textures": {
		"egg": "item/armadillo_spawn_egg",
		"particle": "item/armadillo_spawn_egg"
	},
	"elements": [
		{
			"name": "armadillo_spawn_egg_0",
			"from": [3, 2, 7.5],
			"to": [14, 8, 8.5],
			"faces": {
				"north": {"uv": [14, 8, 3, 14], "texture": "#egg"},
				"east": {"uv": [13, 8, 14, 14], "texture": "#egg"},
				"south": {"uv": [3, 8, 14, 14], "texture": "#egg"},
				"west": {"uv": [3, 8, 4, 14], "texture": "#egg"},
				"up": {"uv": [3, 8, 14, 9], "texture": "#egg"},
				"down": {"uv": [3, 13, 14, 14], "texture": "#egg"}
			}
		},
		{
			"name": "armadillo_spawn_egg_1",
			"from": [2, 4, 7.5],
			"to": [3, 6, 8.5],
			"faces": {
				"north": {"uv": [3, 10, 2, 12], "texture": "#egg"},
				"east": {"uv": [2, 10, 3, 12], "texture": "#egg"},
				"south": {"uv": [2, 10, 3, 12], "texture": "#egg"},
				"west": {"uv": [2, 10, 3, 12], "texture": "#egg"},
				"up": {"uv": [2, 10, 3, 11], "texture": "#egg"},
				"down": {"uv": [2, 11, 3, 12], "texture": "#egg"}
			}
		},
		{
			"name": "armadillo_spawn_egg_2",
			"from": [3, 1, 7.5],
			"to": [6, 2, 8.5],
			"faces": {
				"north": {"uv": [6, 14, 3, 15], "texture": "#egg"},
				"east": {"uv": [5, 14, 6, 15], "texture": "#egg"},
				"south": {"uv": [3, 14, 6, 15], "texture": "#egg"},
				"west": {"uv": [3, 14, 4, 15], "texture": "#egg"},
				"up": {"uv": [3, 14, 6, 15], "texture": "#egg"},
				"down": {"uv": [3, 14, 6, 15], "texture": "#egg"}
			}
		},
		{
			"name": "armadillo_spawn_egg_3",
			"from": [7, 1, 7.5],
			"to": [9, 2, 8.5],
			"faces": {
				"north": {"uv": [9, 14, 7, 15], "texture": "#egg"},
				"east": {"uv": [8, 14, 9, 15], "texture": "#egg"},
				"south": {"uv": [7, 14, 9, 15], "texture": "#egg"},
				"west": {"uv": [7, 14, 8, 15], "texture": "#egg"},
				"up": {"uv": [7, 14, 9, 15], "texture": "#egg"},
				"down": {"uv": [7, 14, 9, 15], "texture": "#egg"}
			}
		},
		{
			"name": "armadillo_spawn_egg_4",
			"from": [11, 1, 7.5],
			"to": [13, 2, 8.5],
			"faces": {
				"north": {"uv": [13, 14, 11, 15], "texture": "#egg"},
				"east": {"uv": [12, 14, 13, 15], "texture": "#egg"},
				"south": {"uv": [11, 14, 13, 15], "texture": "#egg"},
				"west": {"uv": [11, 14, 12, 15], "texture": "#egg"},
				"up": {"uv": [11, 14, 13, 15], "texture": "#egg"},
				"down": {"uv": [11, 14, 13, 15], "texture": "#egg"}
			}
		}
	],
	"gui_light": "front",
	"display": {
		"thirdperson_righthand": {
			"translation": [0, 3, 1],
			"scale": [0.55, 0.55, 0.55]
		},
		"firstperson_righthand": {
			"rotation": [0, -90, 25],
			"translation": [1.13, 3.2, 1.13],
			"scale": [0.68, 0.68, 0.68]
		},
		"ground": {
			"translation": [0, 2, 0],
			"scale": [0.5, 0.5, 0.5]
		},
		"head": {
			"rotation": [0, 180, 0],
			"translation": [0, 13, 7]
		},
		"fixed": {
			"rotation": [0, 180, 0]
		}
	},
	"groups": [
		{
			"name": "armadillo_spawn_egg",
			"origin": [8, 8, 8],
			"color": 0,
			"children": [0, 1, 2, 3, 4]
		}
	]
}