{
	"credit": "Made with Blockbench - GrandPappyJay",
	"textures": {
		"egg": "item/axolotl_spawn_egg",
		"particle": "item/axolotl_spawn_egg"
	},
	"elements": [
		{
			"name": "axolotl_spawn_egg_0",
			"from": [1, 9, 7.5],
			"to": [2, 11, 8.5],
			"faces": {
				"north": {"uv": [2, 5, 1, 7], "texture": "#egg"},
				"east": {"uv": [1, 5, 2, 7], "texture": "#egg"},
				"south": {"uv": [1, 5, 2, 7], "texture": "#egg"},
				"west": {"uv": [1, 5, 2, 7], "texture": "#egg"},
				"up": {"uv": [1, 5, 2, 6], "texture": "#egg"},
				"down": {"uv": [1, 6, 2, 7], "texture": "#egg"}
			}
		},
		{
			"name": "axolotl_spawn_egg_1",
			"from": [9, 9, 7.5],
			"to": [10, 11, 8.5],
			"faces": {
				"north": {"uv": [10, 5, 9, 7], "texture": "#egg"},
				"east": {"uv": [9, 5, 10, 7], "texture": "#egg"},
				"south": {"uv": [9, 5, 10, 7], "texture": "#egg"},
				"west": {"uv": [9, 5, 10, 7], "texture": "#egg"},
				"up": {"uv": [9, 5, 10, 6], "texture": "#egg"},
				"down": {"uv": [9, 6, 10, 7], "texture": "#egg"}
			}
		},
		{
			"name": "axolotl_spawn_egg_2",
			"from": [2, 5, 7.5],
			"to": [3, 10, 8.5],
			"faces": {
				"north": {"uv": [3, 6, 2, 11], "texture": "#egg"},
				"east": {"uv": [2, 6, 3, 11], "texture": "#egg"},
				"south": {"uv": [2, 6, 3, 11], "texture": "#egg"},
				"west": {"uv": [2, 6, 3, 11], "texture": "#egg"},
				"up": {"uv": [2, 6, 3, 7], "texture": "#egg"},
				"down": {"uv": [2, 10, 3, 11], "texture": "#egg"}
			}
		},
		{
			"name": "axolotl_spawn_egg_3",
			"from": [4, 5, 7.5],
			"to": [5, 10, 8.5],
			"faces": {
				"north": {"uv": [5, 6, 4, 11], "texture": "#egg"},
				"east": {"uv": [4, 6, 5, 11], "texture": "#egg"},
				"south": {"uv": [4, 6, 5, 11], "texture": "#egg"},
				"west": {"uv": [4, 6, 5, 11], "texture": "#egg"},
				"up": {"uv": [4, 6, 5, 7], "texture": "#egg"},
				"down": {"uv": [4, 10, 5, 11], "texture": "#egg"}
			}
		},
		{
			"name": "axolotl_spawn_egg_4",
			"from": [6, 5, 7.5],
			"to": [7, 10, 8.5],
			"faces": {
				"north": {"uv": [7, 6, 6, 11], "texture": "#egg"},
				"east": {"uv": [6, 6, 7, 11], "texture": "#egg"},
				"south": {"uv": [6, 6, 7, 11], "texture": "#egg"},
				"west": {"uv": [6, 6, 7, 11], "texture": "#egg"},
				"up": {"uv": [6, 6, 7, 7], "texture": "#egg"},
				"down": {"uv": [6, 10, 7, 11], "texture": "#egg"}
			}
		},
		{
			"name": "axolotl_spawn_egg_5",
			"from": [8, 5, 7.5],
			"to": [9, 10, 8.5],
			"faces": {
				"north": {"uv": [9, 6, 8, 11], "texture": "#egg"},
				"east": {"uv": [8, 6, 9, 11], "texture": "#egg"},
				"south": {"uv": [8, 6, 9, 11], "texture": "#egg"},
				"west": {"uv": [8, 6, 9, 11], "texture": "#egg"},
				"up": {"uv": [8, 6, 9, 7], "texture": "#egg"},
				"down": {"uv": [8, 10, 9, 11], "texture": "#egg"}
			}
		},
		{
			"name": "axolotl_spawn_egg_6",
			"from": [3, 3, 7.5],
			"to": [4, 9, 8.5],
			"faces": {
				"north": {"uv": [4, 7, 3, 13], "texture": "#egg"},
				"east": {"uv": [3, 7, 4, 13], "texture": "#egg"},
				"south": {"uv": [3, 7, 4, 13], "texture": "#egg"},
				"west": {"uv": [3, 7, 4, 13], "texture": "#egg"},
				"up": {"uv": [3, 7, 4, 8], "texture": "#egg"},
				"down": {"uv": [3, 12, 4, 13], "texture": "#egg"}
			}
		},
		{
			"name": "axolotl_spawn_egg_7",
			"from": [5, 5, 7.5],
			"to": [6, 9, 8.5],
			"faces": {
				"north": {"uv": [6, 7, 5, 11], "texture": "#egg"},
				"east": {"uv": [5, 7, 6, 11], "texture": "#egg"},
				"south": {"uv": [5, 7, 6, 11], "texture": "#egg"},
				"west": {"uv": [5, 7, 6, 11], "texture": "#egg"},
				"up": {"uv": [5, 7, 6, 8], "texture": "#egg"},
				"down": {"uv": [5, 10, 6, 11], "texture": "#egg"}
			}
		},
		{
			"name": "axolotl_spawn_egg_8",
			"from": [7, 3, 7.5],
			"to": [8, 9, 8.5],
			"faces": {
				"north": {"uv": [8, 7, 7, 13], "texture": "#egg"},
				"east": {"uv": [7, 7, 8, 13], "texture": "#egg"},
				"south": {"uv": [7, 7, 8, 13], "texture": "#egg"},
				"west": {"uv": [7, 7, 8, 13], "texture": "#egg"},
				"up": {"uv": [7, 7, 8, 8], "texture": "#egg"},
				"down": {"uv": [7, 12, 8, 13], "texture": "#egg"}
			}
		},
		{
			"name": "axolotl_spawn_egg_9",
			"from": [10, 5, 7.5],
			"to": [12, 9, 8.5],
			"faces": {
				"north": {"uv": [12, 7, 10, 11], "texture": "#egg"},
				"east": {"uv": [11, 7, 12, 11], "texture": "#egg"},
				"south": {"uv": [10, 7, 12, 11], "texture": "#egg"},
				"west": {"uv": [10, 7, 11, 11], "texture": "#egg"},
				"up": {"uv": [10, 7, 12, 8], "texture": "#egg"},
				"down": {"uv": [10, 10, 12, 11], "texture": "#egg"}
			}
		},
		{
			"name": "axolotl_spawn_egg_10",
			"from": [9, 5, 7.5],
			"to": [10, 8, 8.5],
			"faces": {
				"north": {"uv": [10, 8, 9, 11], "texture": "#egg"},
				"east": {"uv": [9, 8, 10, 11], "texture": "#egg"},
				"south": {"uv": [9, 8, 10, 11], "texture": "#egg"},
				"west": {"uv": [9, 8, 10, 11], "texture": "#egg"},
				"up": {"uv": [9, 8, 10, 9], "texture": "#egg"},
				"down": {"uv": [9, 10, 10, 11], "texture": "#egg"}
			}
		},
		{
			"name": "axolotl_spawn_egg_11",
			"from": [12, 6, 7.5],
			"to": [14, 8, 8.5],
			"faces": {
				"north": {"uv": [14, 8, 12, 10], "texture": "#egg"},
				"east": {"uv": [13, 8, 14, 10], "texture": "#egg"},
				"south": {"uv": [12, 8, 14, 10], "texture": "#egg"},
				"west": {"uv": [12, 8, 13, 10], "texture": "#egg"},
				"up": {"uv": [12, 8, 14, 9], "texture": "#egg"},
				"down": {"uv": [12, 9, 14, 10], "texture": "#egg"}
			}
		},
		{
			"name": "axolotl_spawn_egg_12",
			"from": [14, 6, 7.5],
			"to": [15, 7, 8.5],
			"faces": {
				"north": {"uv": [15, 9, 14, 10], "texture": "#egg"},
				"east": {"uv": [14, 9, 15, 10], "texture": "#egg"},
				"south": {"uv": [14, 9, 15, 10], "texture": "#egg"},
				"west": {"uv": [14, 9, 15, 10], "texture": "#egg"},
				"up": {"uv": [14, 9, 15, 10], "texture": "#egg"},
				"down": {"uv": [14, 9, 15, 10], "texture": "#egg"}
			}
		},
		{
			"name": "axolotl_spawn_egg_13",
			"from": [11, 4, 7.5],
			"to": [13, 5, 8.5],
			"faces": {
				"north": {"uv": [13, 11, 11, 12], "texture": "#egg"},
				"east": {"uv": [12, 11, 13, 12], "texture": "#egg"},
				"south": {"uv": [11, 11, 13, 12], "texture": "#egg"},
				"west": {"uv": [11, 11, 12, 12], "texture": "#egg"},
				"up": {"uv": [11, 11, 13, 12], "texture": "#egg"},
				"down": {"uv": [11, 11, 13, 12], "texture": "#egg"}
			}
		}
	],
	"gui_light": "front",
	"display": {
		"thirdperson_righthand": {
			"translation": [0, 3, 1],
			"scale": [0.55, 0.55, 0.55]
		},
		"firstperson_righthand": {
			"rotation": [0, -90, 25],
			"translation": [1.13, 3.2, 1.13],
			"scale": [0.68, 0.68, 0.68]
		},
		"ground": {
			"translation": [0, 2, 0],
			"scale": [0.5, 0.5, 0.5]
		},
		"head": {
			"rotation": [0, 180, 0],
			"translation": [0, 13, 7]
		},
		"fixed": {
			"rotation": [0, 180, 0]
		}
	},
	"groups": [
		{
			"name": "axolotl_spawn_egg",
			"origin": [8, 8, 8],
			"color": 0,
			"children": [0, 1, 2, 3, 4, 5, 6, 7, 8, 9, 10, 11, 12, 13]
		}
	]
}