{
	"credit": "Made with Blockbench - GrandPappyJay",
	"textures": {
		"egg": "item/bat_spawn_egg",
		"particle": "item/bat_spawn_egg"
	},
	"elements": [
		{
			"name": "bat_spawn_egg_0",
			"from": [5, 6, 7.5],
			"to": [6, 13, 8.5],
			"faces": {
				"north": {"uv": [6, 3, 5, 10], "texture": "#egg"},
				"east": {"uv": [5, 3, 6, 10], "texture": "#egg"},
				"south": {"uv": [5, 3, 6, 10], "texture": "#egg"},
				"west": {"uv": [5, 3, 6, 10], "texture": "#egg"},
				"up": {"uv": [5, 3, 6, 4], "texture": "#egg"},
				"down": {"uv": [5, 9, 6, 10], "texture": "#egg"}
			}
		},
		{
			"name": "bat_spawn_egg_1",
			"from": [9, 3, 7.5],
			"to": [10, 13, 8.5],
			"faces": {
				"north": {"uv": [10, 3, 9, 13], "texture": "#egg"},
				"east": {"uv": [9, 3, 10, 13], "texture": "#egg"},
				"south": {"uv": [9, 3, 10, 13], "texture": "#egg"},
				"west": {"uv": [9, 3, 10, 13], "texture": "#egg"},
				"up": {"uv": [9, 3, 10, 4], "texture": "#egg"},
				"down": {"uv": [9, 12, 10, 13], "texture": "#egg"}
			}
		},
		{
			"name": "bat_spawn_egg_2",
			"from": [4, 10, 7.5],
			"to": [5, 12, 8.5],
			"faces": {
				"north": {"uv": [5, 4, 4, 6], "texture": "#egg"},
				"east": {"uv": [4, 4, 5, 6], "texture": "#egg"},
				"south": {"uv": [4, 4, 5, 6], "texture": "#egg"},
				"west": {"uv": [4, 4, 5, 6], "texture": "#egg"},
				"up": {"uv": [4, 4, 5, 5], "texture": "#egg"},
				"down": {"uv": [4, 5, 5, 6], "texture": "#egg"}
			}
		},
		{
			"name": "bat_spawn_egg_3",
			"from": [10, 10, 7.5],
			"to": [11, 12, 8.5],
			"faces": {
				"north": {"uv": [11, 4, 10, 6], "texture": "#egg"},
				"east": {"uv": [10, 4, 11, 6], "texture": "#egg"},
				"south": {"uv": [10, 4, 11, 6], "texture": "#egg"},
				"west": {"uv": [10, 4, 11, 6], "texture": "#egg"},
				"up": {"uv": [10, 4, 11, 5], "texture": "#egg"},
				"down": {"uv": [10, 5, 11, 6], "texture": "#egg"}
			}
		},
		{
			"name": "bat_spawn_egg_4",
			"from": [2, 6, 7.5],
			"to": [3, 11, 8.5],
			"faces": {
				"north": {"uv": [3, 5, 2, 10], "texture": "#egg"},
				"east": {"uv": [2, 5, 3, 10], "texture": "#egg"},
				"south": {"uv": [2, 5, 3, 10], "texture": "#egg"},
				"west": {"uv": [2, 5, 3, 10], "texture": "#egg"},
				"up": {"uv": [2, 5, 3, 6], "texture": "#egg"},
				"down": {"uv": [2, 9, 3, 10], "texture": "#egg"}
			}
		},
		{
			"name": "bat_spawn_egg_5",
			"from": [6, 4, 7.5],
			"to": [9, 11, 8.5],
			"faces": {
				"north": {"uv": [9, 5, 6, 12], "texture": "#egg"},
				"east": {"uv": [8, 5, 9, 12], "texture": "#egg"},
				"south": {"uv": [6, 5, 9, 12], "texture": "#egg"},
				"west": {"uv": [6, 5, 7, 12], "texture": "#egg"},
				"up": {"uv": [6, 5, 9, 6], "texture": "#egg"},
				"down": {"uv": [6, 11, 9, 12], "texture": "#egg"}
			}
		},
		{
			"name": "bat_spawn_egg_6",
			"from": [13, 6, 7.5],
			"to": [14, 11, 8.5],
			"faces": {
				"north": {"uv": [14, 5, 13, 10], "texture": "#egg"},
				"east": {"uv": [13, 5, 14, 10], "texture": "#egg"},
				"south": {"uv": [13, 5, 14, 10], "texture": "#egg"},
				"west": {"uv": [13, 5, 14, 10], "texture": "#egg"},
				"up": {"uv": [13, 5, 14, 6], "texture": "#egg"},
				"down": {"uv": [13, 9, 14, 10], "texture": "#egg"}
			}
		},
		{
			"name": "bat_spawn_egg_7",
			"from": [1, 7, 7.5],
			"to": [2, 10, 8.5],
			"faces": {
				"north": {"uv": [2, 6, 1, 9], "texture": "#egg"},
				"east": {"uv": [1, 6, 2, 9], "texture": "#egg"},
				"south": {"uv": [1, 6, 2, 9], "texture": "#egg"},
				"west": {"uv": [1, 6, 2, 9], "texture": "#egg"},
				"up": {"uv": [1, 6, 2, 7], "texture": "#egg"},
				"down": {"uv": [1, 8, 2, 9], "texture": "#egg"}
			}
		},
		{
			"name": "bat_spawn_egg_8",
			"from": [3, 5, 7.5],
			"to": [4, 10, 8.5],
			"faces": {
				"north": {"uv": [4, 6, 3, 11], "texture": "#egg"},
				"east": {"uv": [3, 6, 4, 11], "texture": "#egg"},
				"south": {"uv": [3, 6, 4, 11], "texture": "#egg"},
				"west": {"uv": [3, 6, 4, 11], "texture": "#egg"},
				"up": {"uv": [3, 6, 4, 7], "texture": "#egg"},
				"down": {"uv": [3, 10, 4, 11], "texture": "#egg"}
			}
		},
		{
			"name": "bat_spawn_egg_9",
			"from": [12, 5, 7.5],
			"to": [13, 10, 8.5],
			"faces": {
				"north": {"uv": [13, 6, 12, 11], "texture": "#egg"},
				"east": {"uv": [12, 6, 13, 11], "texture": "#egg"},
				"south": {"uv": [12, 6, 13, 11], "texture": "#egg"},
				"west": {"uv": [12, 6, 13, 11], "texture": "#egg"},
				"up": {"uv": [12, 6, 13, 7], "texture": "#egg"},
				"down": {"uv": [12, 10, 13, 11], "texture": "#egg"}
			}
		},
		{
			"name": "bat_spawn_egg_10",
			"from": [14, 7, 7.5],
			"to": [15, 10, 8.5],
			"faces": {
				"north": {"uv": [15, 6, 14, 9], "texture": "#egg"},
				"east": {"uv": [14, 6, 15, 9], "texture": "#egg"},
				"south": {"uv": [14, 6, 15, 9], "texture": "#egg"},
				"west": {"uv": [14, 6, 15, 9], "texture": "#egg"},
				"up": {"uv": [14, 6, 15, 7], "texture": "#egg"},
				"down": {"uv": [14, 8, 15, 9], "texture": "#egg"}
			}
		},
		{
			"name": "bat_spawn_egg_11",
			"from": [0, 6, 7.5],
			"to": [1, 9, 8.5],
			"faces": {
				"north": {"uv": [1, 7, 0, 10], "texture": "#egg"},
				"east": {"uv": [0, 7, 1, 10], "texture": "#egg"},
				"south": {"uv": [0, 7, 1, 10], "texture": "#egg"},
				"west": {"uv": [0, 7, 1, 10], "texture": "#egg"},
				"up": {"uv": [0, 7, 1, 8], "texture": "#egg"},
				"down": {"uv": [0, 9, 1, 10], "texture": "#egg"}
			}
		},
		{
			"name": "bat_spawn_egg_12",
			"from": [11, 6, 7.5],
			"to": [12, 9, 8.5],
			"faces": {
				"north": {"uv": [12, 7, 11, 10], "texture": "#egg"},
				"east": {"uv": [11, 7, 12, 10], "texture": "#egg"},
				"south": {"uv": [11, 7, 12, 10], "texture": "#egg"},
				"west": {"uv": [11, 7, 12, 10], "texture": "#egg"},
				"up": {"uv": [11, 7, 12, 8], "texture": "#egg"},
				"down": {"uv": [11, 9, 12, 10], "texture": "#egg"}
			}
		},
		{
			"name": "bat_spawn_egg_13",
			"from": [15, 6, 7.5],
			"to": [16, 9, 8.5],
			"faces": {
				"north": {"uv": [16, 7, 15, 10], "texture": "#egg"},
				"east": {"uv": [15, 7, 16, 10], "texture": "#egg"},
				"south": {"uv": [15, 7, 16, 10], "texture": "#egg"},
				"west": {"uv": [15, 7, 16, 10], "texture": "#egg"},
				"up": {"uv": [15, 7, 16, 8], "texture": "#egg"},
				"down": {"uv": [15, 9, 16, 10], "texture": "#egg"}
			}
		},
		{
			"name": "bat_spawn_egg_14",
			"from": [4, 6, 7.5],
			"to": [5, 8, 8.5],
			"faces": {
				"north": {"uv": [5, 8, 4, 10], "texture": "#egg"},
				"east": {"uv": [4, 8, 5, 10], "texture": "#egg"},
				"south": {"uv": [4, 8, 5, 10], "texture": "#egg"},
				"west": {"uv": [4, 8, 5, 10], "texture": "#egg"},
				"up": {"uv": [4, 8, 5, 9], "texture": "#egg"},
				"down": {"uv": [4, 9, 5, 10], "texture": "#egg"}
			}
		},
		{
			"name": "bat_spawn_egg_15",
			"from": [10, 6, 7.5],
			"to": [11, 8, 8.5],
			"faces": {
				"north": {"uv": [11, 8, 10, 10], "texture": "#egg"},
				"east": {"uv": [10, 8, 11, 10], "texture": "#egg"},
				"south": {"uv": [10, 8, 11, 10], "texture": "#egg"},
				"west": {"uv": [10, 8, 11, 10], "texture": "#egg"},
				"up": {"uv": [10, 8, 11, 9], "texture": "#egg"},
				"down": {"uv": [10, 9, 11, 10], "texture": "#egg"}
			}
		},
		{
			"name": "bat_spawn_egg_16",
			"from": [6, 3, 7.5],
			"to": [7, 4, 8.5],
			"faces": {
				"north": {"uv": [7, 12, 6, 13], "texture": "#egg"},
				"east": {"uv": [6, 12, 7, 13], "texture": "#egg"},
				"south": {"uv": [6, 12, 7, 13], "texture": "#egg"},
				"west": {"uv": [6, 12, 7, 13], "texture": "#egg"},
				"up": {"uv": [6, 12, 7, 13], "texture": "#egg"},
				"down": {"uv": [6, 12, 7, 13], "texture": "#egg"}
			}
		}
	],
	"gui_light": "front",
	"display": {
		"thirdperson_righthand": {
			"translation": [0, 3, 1],
			"scale": [0.55, 0.55, 0.55]
		},
		"firstperson_righthand": {
			"rotation": [0, -90, 25],
			"translation": [1.13, 3.2, 1.13],
			"scale": [0.68, 0.68, 0.68]
		},
		"ground": {
			"translation": [0, 2, 0],
			"scale": [0.5, 0.5, 0.5]
		},
		"head": {
			"rotation": [0, 180, 0],
			"translation": [0, 13, 7]
		},
		"fixed": {
			"rotation": [0, 180, 0]
		}
	},
	"groups": [
		{
			"name": "bat_spawn_egg",
			"origin": [8, 8, 8],
			"color": 0,
			"children": [0, 1, 2, 3, 4, 5, 6, 7, 8, 9, 10, 11, 12, 13, 14, 15, 16]
		}
	]
}