{
	"credit": "Made with Blockbench - GrandPappyJay",
	"textures": {
		"egg": "item/bee_spawn_egg",
		"particle": "item/bee_spawn_egg"
	},
	"elements": [
		{
			"name": "bee_spawn_egg_0",
			"from": [4, 12, 7.5],
			"to": [6, 13, 8.5],
			"faces": {
				"north": {"uv": [6, 3, 4, 4], "texture": "#egg"},
				"east": {"uv": [5, 3, 6, 4], "texture": "#egg"},
				"south": {"uv": [4, 3, 6, 4], "texture": "#egg"},
				"west": {"uv": [4, 3, 5, 4], "texture": "#egg"},
				"up": {"uv": [4, 3, 6, 4], "texture": "#egg"},
				"down": {"uv": [4, 3, 6, 4], "texture": "#egg"}
			}
		},
		{
			"name": "bee_spawn_egg_1",
			"from": [9, 12, 7.5],
			"to": [11, 13, 8.5],
			"faces": {
				"north": {"uv": [11, 3, 9, 4], "texture": "#egg"},
				"east": {"uv": [10, 3, 11, 4], "texture": "#egg"},
				"south": {"uv": [9, 3, 11, 4], "texture": "#egg"},
				"west": {"uv": [9, 3, 10, 4], "texture": "#egg"},
				"up": {"uv": [9, 3, 11, 4], "texture": "#egg"},
				"down": {"uv": [9, 3, 11, 4], "texture": "#egg"}
			}
		},
		{
			"name": "bee_spawn_egg_2",
			"from": [3, 4, 7.5],
			"to": [4, 12, 8.5],
			"faces": {
				"north": {"uv": [4, 4, 3, 12], "texture": "#egg"},
				"east": {"uv": [3, 4, 4, 12], "texture": "#egg"},
				"south": {"uv": [3, 4, 4, 12], "texture": "#egg"},
				"west": {"uv": [3, 4, 4, 12], "texture": "#egg"},
				"up": {"uv": [3, 4, 4, 5], "texture": "#egg"},
				"down": {"uv": [3, 11, 4, 12], "texture": "#egg"}
			}
		},
		{
			"name": "bee_spawn_egg_3",
			"from": [6, 11, 7.5],
			"to": [7, 12, 8.5],
			"faces": {
				"north": {"uv": [7, 4, 6, 5], "texture": "#egg"},
				"east": {"uv": [6, 4, 7, 5], "texture": "#egg"},
				"south": {"uv": [6, 4, 7, 5], "texture": "#egg"},
				"west": {"uv": [6, 4, 7, 5], "texture": "#egg"},
				"up": {"uv": [6, 4, 7, 5], "texture": "#egg"},
				"down": {"uv": [6, 4, 7, 5], "texture": "#egg"}
			}
		},
		{
			"name": "bee_spawn_egg_4",
			"from": [8, 11, 7.5],
			"to": [9, 12, 8.5],
			"faces": {
				"north": {"uv": [9, 4, 8, 5], "texture": "#egg"},
				"east": {"uv": [8, 4, 9, 5], "texture": "#egg"},
				"south": {"uv": [8, 4, 9, 5], "texture": "#egg"},
				"west": {"uv": [8, 4, 9, 5], "texture": "#egg"},
				"up": {"uv": [8, 4, 9, 5], "texture": "#egg"},
				"down": {"uv": [8, 4, 9, 5], "texture": "#egg"}
			}
		},
		{
			"name": "bee_spawn_egg_5",
			"from": [11, 10, 7.5],
			"to": [12, 12, 8.5],
			"faces": {
				"north": {"uv": [12, 4, 11, 6], "texture": "#egg"},
				"east": {"uv": [11, 4, 12, 6], "texture": "#egg"},
				"south": {"uv": [11, 4, 12, 6], "texture": "#egg"},
				"west": {"uv": [11, 4, 12, 6], "texture": "#egg"},
				"up": {"uv": [11, 4, 12, 5], "texture": "#egg"},
				"down": {"uv": [11, 5, 12, 6], "texture": "#egg"}
			}
		},
		{
			"name": "bee_spawn_egg_6",
			"from": [7, 3, 7.5],
			"to": [8, 11, 8.5],
			"faces": {
				"north": {"uv": [8, 5, 7, 13], "texture": "#egg"},
				"east": {"uv": [7, 5, 8, 13], "texture": "#egg"},
				"south": {"uv": [7, 5, 8, 13], "texture": "#egg"},
				"west": {"uv": [7, 5, 8, 13], "texture": "#egg"},
				"up": {"uv": [7, 5, 8, 6], "texture": "#egg"},
				"down": {"uv": [7, 12, 8, 13], "texture": "#egg"}
			}
		},
		{
			"name": "bee_spawn_egg_7",
			"from": [4, 4, 7.5],
			"to": [6, 10, 8.5],
			"faces": {
				"north": {"uv": [6, 6, 4, 12], "texture": "#egg"},
				"east": {"uv": [5, 6, 6, 12], "texture": "#egg"},
				"south": {"uv": [4, 6, 6, 12], "texture": "#egg"},
				"west": {"uv": [4, 6, 5, 12], "texture": "#egg"},
				"up": {"uv": [4, 6, 6, 7], "texture": "#egg"},
				"down": {"uv": [4, 11, 6, 12], "texture": "#egg"}
			}
		},
		{
			"name": "bee_spawn_egg_8",
			"from": [10, 4, 7.5],
			"to": [11, 10, 8.5],
			"faces": {
				"north": {"uv": [11, 6, 10, 12], "texture": "#egg"},
				"east": {"uv": [10, 6, 11, 12], "texture": "#egg"},
				"south": {"uv": [10, 6, 11, 12], "texture": "#egg"},
				"west": {"uv": [10, 6, 11, 12], "texture": "#egg"},
				"up": {"uv": [10, 6, 11, 7], "texture": "#egg"},
				"down": {"uv": [10, 11, 11, 12], "texture": "#egg"}
			}
		},
		{
			"name": "bee_spawn_egg_9",
			"from": [6, 4, 7.5],
			"to": [7, 9, 8.5],
			"faces": {
				"north": {"uv": [7, 7, 6, 12], "texture": "#egg"},
				"east": {"uv": [6, 7, 7, 12], "texture": "#egg"},
				"south": {"uv": [6, 7, 7, 12], "texture": "#egg"},
				"west": {"uv": [6, 7, 7, 12], "texture": "#egg"},
				"up": {"uv": [6, 7, 7, 8], "texture": "#egg"},
				"down": {"uv": [6, 11, 7, 12], "texture": "#egg"}
			}
		},
		{
			"name": "bee_spawn_egg_10",
			"from": [8, 4, 7.5],
			"to": [10, 9, 8.5],
			"faces": {
				"north": {"uv": [10, 7, 8, 12], "texture": "#egg"},
				"east": {"uv": [9, 7, 10, 12], "texture": "#egg"},
				"south": {"uv": [8, 7, 10, 12], "texture": "#egg"},
				"west": {"uv": [8, 7, 9, 12], "texture": "#egg"},
				"up": {"uv": [8, 7, 10, 8], "texture": "#egg"},
				"down": {"uv": [8, 11, 10, 12], "texture": "#egg"}
			}
		},
		{
			"name": "bee_spawn_egg_11",
			"from": [11, 3, 7.5],
			"to": [12, 9, 8.5],
			"faces": {
				"north": {"uv": [12, 7, 11, 13], "texture": "#egg"},
				"east": {"uv": [11, 7, 12, 13], "texture": "#egg"},
				"south": {"uv": [11, 7, 12, 13], "texture": "#egg"},
				"west": {"uv": [11, 7, 12, 13], "texture": "#egg"},
				"up": {"uv": [11, 7, 12, 8], "texture": "#egg"},
				"down": {"uv": [11, 12, 12, 13], "texture": "#egg"}
			}
		},
		{
			"name": "bee_spawn_egg_12",
			"from": [12, 4, 7.5],
			"to": [13, 8, 8.5],
			"faces": {
				"north": {"uv": [13, 8, 12, 12], "texture": "#egg"},
				"east": {"uv": [12, 8, 13, 12], "texture": "#egg"},
				"south": {"uv": [12, 8, 13, 12], "texture": "#egg"},
				"west": {"uv": [12, 8, 13, 12], "texture": "#egg"},
				"up": {"uv": [12, 8, 13, 9], "texture": "#egg"},
				"down": {"uv": [12, 11, 13, 12], "texture": "#egg"}
			}
		},
		{
			"name": "bee_spawn_egg_13",
			"from": [13, 5, 7.5],
			"to": [14, 6, 8.5],
			"faces": {
				"north": {"uv": [14, 10, 13, 11], "texture": "#egg"},
				"east": {"uv": [13, 10, 14, 11], "texture": "#egg"},
				"south": {"uv": [13, 10, 14, 11], "texture": "#egg"},
				"west": {"uv": [13, 10, 14, 11], "texture": "#egg"},
				"up": {"uv": [13, 10, 14, 11], "texture": "#egg"},
				"down": {"uv": [13, 10, 14, 11], "texture": "#egg"}
			}
		},
		{
			"name": "bee_spawn_egg_14",
			"from": [5, 3, 7.5],
			"to": [6, 4, 8.5],
			"faces": {
				"north": {"uv": [6, 12, 5, 13], "texture": "#egg"},
				"east": {"uv": [5, 12, 6, 13], "texture": "#egg"},
				"south": {"uv": [5, 12, 6, 13], "texture": "#egg"},
				"west": {"uv": [5, 12, 6, 13], "texture": "#egg"},
				"up": {"uv": [5, 12, 6, 13], "texture": "#egg"},
				"down": {"uv": [5, 12, 6, 13], "texture": "#egg"}
			}
		},
		{
			"name": "bee_spawn_egg_15",
			"from": [9, 3, 7.5],
			"to": [10, 4, 8.5],
			"faces": {
				"north": {"uv": [10, 12, 9, 13], "texture": "#egg"},
				"east": {"uv": [9, 12, 10, 13], "texture": "#egg"},
				"south": {"uv": [9, 12, 10, 13], "texture": "#egg"},
				"west": {"uv": [9, 12, 10, 13], "texture": "#egg"},
				"up": {"uv": [9, 12, 10, 13], "texture": "#egg"},
				"down": {"uv": [9, 12, 10, 13], "texture": "#egg"}
			}
		}
	],
	"gui_light": "front",
	"display": {
		"thirdperson_righthand": {
			"translation": [0, 3, 1],
			"scale": [0.55, 0.55, 0.55]
		},
		"firstperson_righthand": {
			"rotation": [0, -90, 25],
			"translation": [1.13, 3.2, 1.13],
			"scale": [0.68, 0.68, 0.68]
		},
		"ground": {
			"translation": [0, 2, 0],
			"scale": [0.5, 0.5, 0.5]
		},
		"head": {
			"rotation": [0, 180, 0],
			"translation": [0, 13, 7]
		},
		"fixed": {
			"rotation": [0, 180, 0]
		}
	},
	"groups": [
		{
			"name": "bee_spawn_egg",
			"origin": [8, 8, 8],
			"color": 0,
			"children": [0, 1, 2, 3, 4, 5, 6, 7, 8, 9, 10, 11, 12, 13, 14, 15]
		}
	]
}