{
	"credit": "Made with Blockbench - GrandPappyJay",
	"textures": {
		"particle": "item/breeze_spawn_egg",
		"egg": "item/breeze_spawn_egg"
	},
	"elements": [
		{
			"name": "breeze_spawn_egg_0",
			"from": [4, 9, 7.5],
			"to": [11, 15, 8.5],
			"faces": {
				"north": {"uv": [11, 1, 4, 7], "texture": "#egg"},
				"east": {"uv": [10, 1, 11, 7], "texture": "#egg"},
				"south": {"uv": [4, 1, 11, 7], "texture": "#egg"},
				"west": {"uv": [4, 1, 5, 7], "texture": "#egg"},
				"up": {"uv": [4, 1, 11, 2], "texture": "#egg"},
				"down": {"uv": [4, 6, 11, 7], "texture": "#egg"}
			}
		},
		{
			"name": "breeze_spawn_egg_1",
			"from": [3, 12, 7.5],
			"to": [4, 14, 8.5],
			"faces": {
				"north": {"uv": [4, 2, 3, 4], "texture": "#egg"},
				"east": {"uv": [3, 2, 4, 4], "texture": "#egg"},
				"south": {"uv": [3, 2, 4, 4], "texture": "#egg"},
				"west": {"uv": [3, 2, 4, 4], "texture": "#egg"},
				"up": {"uv": [3, 2, 4, 3], "texture": "#egg"},
				"down": {"uv": [3, 3, 4, 4], "texture": "#egg"}
			}
		},
		{
			"name": "breeze_spawn_egg_2",
			"from": [2, 5, 7.5],
			"to": [4, 10, 8.5],
			"faces": {
				"north": {"uv": [4, 6, 2, 11], "texture": "#egg"},
				"east": {"uv": [3, 6, 4, 11], "texture": "#egg"},
				"south": {"uv": [2, 6, 4, 11], "texture": "#egg"},
				"west": {"uv": [2, 6, 3, 11], "texture": "#egg"},
				"up": {"uv": [2, 6, 4, 7], "texture": "#egg"},
				"down": {"uv": [2, 10, 4, 11], "texture": "#egg"}
			}
		},
		{
			"name": "breeze_spawn_egg_3",
			"from": [11, 5, 7.5],
			"to": [13, 10, 8.5],
			"faces": {
				"north": {"uv": [13, 6, 11, 11], "texture": "#egg"},
				"east": {"uv": [12, 6, 13, 11], "texture": "#egg"},
				"south": {"uv": [11, 6, 13, 11], "texture": "#egg"},
				"west": {"uv": [11, 6, 12, 11], "texture": "#egg"},
				"up": {"uv": [11, 6, 13, 7], "texture": "#egg"},
				"down": {"uv": [11, 10, 13, 11], "texture": "#egg"}
			}
		},
		{
			"name": "breeze_spawn_egg_4",
			"from": [4, 6, 7.5],
			"to": [6, 9, 8.5],
			"faces": {
				"north": {"uv": [6, 7, 4, 10], "texture": "#egg"},
				"east": {"uv": [5, 7, 6, 10], "texture": "#egg"},
				"south": {"uv": [4, 7, 6, 10], "texture": "#egg"},
				"west": {"uv": [4, 7, 5, 10], "texture": "#egg"},
				"up": {"uv": [4, 7, 6, 8], "texture": "#egg"},
				"down": {"uv": [4, 9, 6, 10], "texture": "#egg"}
			}
		},
		{
			"name": "breeze_spawn_egg_5",
			"from": [7, 5, 7.5],
			"to": [9, 9, 8.5],
			"faces": {
				"north": {"uv": [9, 7, 7, 11], "texture": "#egg"},
				"east": {"uv": [8, 7, 9, 11], "texture": "#egg"},
				"south": {"uv": [7, 7, 9, 11], "texture": "#egg"},
				"west": {"uv": [7, 7, 8, 11], "texture": "#egg"},
				"up": {"uv": [7, 7, 9, 8], "texture": "#egg"},
				"down": {"uv": [7, 10, 9, 11], "texture": "#egg"}
			}
		},
		{
			"name": "breeze_spawn_egg_6",
			"from": [9, 3, 7.5],
			"to": [11, 8, 8.5],
			"faces": {
				"north": {"uv": [11, 8, 9, 13], "texture": "#egg"},
				"east": {"uv": [10, 8, 11, 13], "texture": "#egg"},
				"south": {"uv": [9, 8, 11, 13], "texture": "#egg"},
				"west": {"uv": [9, 8, 10, 13], "texture": "#egg"},
				"up": {"uv": [9, 8, 11, 9], "texture": "#egg"},
				"down": {"uv": [9, 12, 11, 13], "texture": "#egg"}
			}
		},
		{
			"name": "breeze_spawn_egg_7",
			"from": [6, 2, 7.5],
			"to": [7, 7, 8.5],
			"faces": {
				"north": {"uv": [7, 9, 6, 14], "texture": "#egg"},
				"east": {"uv": [6, 9, 7, 14], "texture": "#egg"},
				"south": {"uv": [6, 9, 7, 14], "texture": "#egg"},
				"west": {"uv": [6, 9, 7, 14], "texture": "#egg"},
				"up": {"uv": [6, 9, 7, 10], "texture": "#egg"},
				"down": {"uv": [6, 13, 7, 14], "texture": "#egg"}
			}
		},
		{
			"name": "breeze_spawn_egg_8",
			"from": [5, 2, 7.5],
			"to": [6, 6, 8.5],
			"faces": {
				"north": {"uv": [6, 10, 5, 14], "texture": "#egg"},
				"east": {"uv": [5, 10, 6, 14], "texture": "#egg"},
				"south": {"uv": [5, 10, 6, 14], "texture": "#egg"},
				"west": {"uv": [5, 10, 6, 14], "texture": "#egg"},
				"up": {"uv": [5, 10, 6, 11], "texture": "#egg"},
				"down": {"uv": [5, 13, 6, 14], "texture": "#egg"}
			}
		}
	],
	"gui_light": "front",
	"display": {
		"thirdperson_righthand": {
			"translation": [0, 3, 1],
			"scale": [0.55, 0.55, 0.55]
		},
		"firstperson_righthand": {
			"rotation": [0, -90, 25],
			"translation": [1.13, 3.2, 1.13],
			"scale": [0.68, 0.68, 0.68]
		},
		"ground": {
			"translation": [0, 2, 0],
			"scale": [0.5, 0.5, 0.5]
		},
		"head": {
			"rotation": [0, 180, 0],
			"translation": [0, 13, 7]
		},
		"fixed": {
			"rotation": [0, 180, 0]
		}
	},
	"groups": [
		{
			"name": "breeze_spawn_egg",
			"origin": [8, 8, 8],
			"color": 0,
			"children": [0, 1, 2, 3, 4, 5, 6, 7, 8]
		}
	]
}