{
	"credit": "Made with Blockbench - GrandPappyJay",
	"textures": {
		"particle": "item/camel_spawn_egg",
		"egg": "item/camel_spawn_egg"
	},
	"elements": [
		{
			"name": "camel_spawn_egg_0",
			"from": [3, 8, 7.5],
			"to": [7, 15, 8.5],
			"faces": {
				"north": {"uv": [7, 1, 3, 8], "texture": "#egg"},
				"east": {"uv": [6, 1, 7, 8], "texture": "#egg"},
				"south": {"uv": [3, 1, 7, 8], "texture": "#egg"},
				"west": {"uv": [3, 1, 4, 8], "texture": "#egg"},
				"up": {"uv": [3, 1, 7, 2], "texture": "#egg"},
				"down": {"uv": [3, 7, 7, 8], "texture": "#egg"}
			}
		},
		{
			"name": "camel_spawn_egg_1",
			"from": [2, 12, 7.5],
			"to": [3, 14, 8.5],
			"faces": {
				"north": {"uv": [3, 2, 2, 4], "texture": "#egg"},
				"east": {"uv": [2, 2, 3, 4], "texture": "#egg"},
				"south": {"uv": [2, 2, 3, 4], "texture": "#egg"},
				"west": {"uv": [2, 2, 3, 4], "texture": "#egg"},
				"up": {"uv": [2, 2, 3, 3], "texture": "#egg"},
				"down": {"uv": [2, 3, 3, 4], "texture": "#egg"}
			}
		},
		{
			"name": "camel_spawn_egg_2",
			"from": [7, 13, 7.5],
			"to": [8, 14, 8.5],
			"faces": {
				"north": {"uv": [8, 2, 7, 3], "texture": "#egg"},
				"east": {"uv": [7, 2, 8, 3], "texture": "#egg"},
				"south": {"uv": [7, 2, 8, 3], "texture": "#egg"},
				"west": {"uv": [7, 2, 8, 3], "texture": "#egg"},
				"up": {"uv": [7, 2, 8, 3], "texture": "#egg"},
				"down": {"uv": [7, 2, 8, 3], "texture": "#egg"}
			}
		},
		{
			"name": "camel_spawn_egg_3",
			"from": [8, 6, 7.5],
			"to": [11, 12, 8.5],
			"faces": {
				"north": {"uv": [11, 4, 8, 10], "texture": "#egg"},
				"east": {"uv": [10, 4, 11, 10], "texture": "#egg"},
				"south": {"uv": [8, 4, 11, 10], "texture": "#egg"},
				"west": {"uv": [8, 4, 9, 10], "texture": "#egg"},
				"up": {"uv": [8, 4, 11, 5], "texture": "#egg"},
				"down": {"uv": [8, 9, 11, 10], "texture": "#egg"}
			}
		},
		{
			"name": "camel_spawn_egg_4",
			"from": [7, 1, 7.5],
			"to": [8, 11, 8.5],
			"faces": {
				"north": {"uv": [8, 5, 7, 15], "texture": "#egg"},
				"east": {"uv": [7, 5, 8, 15], "texture": "#egg"},
				"south": {"uv": [7, 5, 8, 15], "texture": "#egg"},
				"west": {"uv": [7, 5, 8, 15], "texture": "#egg"},
				"up": {"uv": [7, 5, 8, 6], "texture": "#egg"},
				"down": {"uv": [7, 14, 8, 15], "texture": "#egg"}
			}
		},
		{
			"name": "camel_spawn_egg_5",
			"from": [11, 1, 7.5],
			"to": [12, 11, 8.5],
			"faces": {
				"north": {"uv": [12, 5, 11, 15], "texture": "#egg"},
				"east": {"uv": [11, 5, 12, 15], "texture": "#egg"},
				"south": {"uv": [11, 5, 12, 15], "texture": "#egg"},
				"west": {"uv": [11, 5, 12, 15], "texture": "#egg"},
				"up": {"uv": [11, 5, 12, 6], "texture": "#egg"},
				"down": {"uv": [11, 14, 12, 15], "texture": "#egg"}
			}
		},
		{
			"name": "camel_spawn_egg_6",
			"from": [12, 1, 7.5],
			"to": [13, 10, 8.5],
			"faces": {
				"north": {"uv": [13, 6, 12, 15], "texture": "#egg"},
				"east": {"uv": [12, 6, 13, 15], "texture": "#egg"},
				"south": {"uv": [12, 6, 13, 15], "texture": "#egg"},
				"west": {"uv": [12, 6, 13, 15], "texture": "#egg"},
				"up": {"uv": [12, 6, 13, 7], "texture": "#egg"},
				"down": {"uv": [12, 14, 13, 15], "texture": "#egg"}
			}
		},
		{
			"name": "camel_spawn_egg_7",
			"from": [13, 1, 7.5],
			"to": [14, 9, 8.5],
			"faces": {
				"north": {"uv": [14, 7, 13, 15], "texture": "#egg"},
				"east": {"uv": [13, 7, 14, 15], "texture": "#egg"},
				"south": {"uv": [13, 7, 14, 15], "texture": "#egg"},
				"west": {"uv": [13, 7, 14, 15], "texture": "#egg"},
				"up": {"uv": [13, 7, 14, 8], "texture": "#egg"},
				"down": {"uv": [13, 14, 14, 15], "texture": "#egg"}
			}
		},
		{
			"name": "camel_spawn_egg_8",
			"from": [4, 6, 7.5],
			"to": [7, 8, 8.5],
			"faces": {
				"north": {"uv": [7, 8, 4, 10], "texture": "#egg"},
				"east": {"uv": [6, 8, 7, 10], "texture": "#egg"},
				"south": {"uv": [4, 8, 7, 10], "texture": "#egg"},
				"west": {"uv": [4, 8, 5, 10], "texture": "#egg"},
				"up": {"uv": [4, 8, 7, 9], "texture": "#egg"},
				"down": {"uv": [4, 9, 7, 10], "texture": "#egg"}
			}
		},
		{
			"name": "camel_spawn_egg_9",
			"from": [4, 1, 7.5],
			"to": [6, 6, 8.5],
			"faces": {
				"north": {"uv": [6, 10, 4, 15], "texture": "#egg"},
				"east": {"uv": [5, 10, 6, 15], "texture": "#egg"},
				"south": {"uv": [4, 10, 6, 15], "texture": "#egg"},
				"west": {"uv": [4, 10, 5, 15], "texture": "#egg"},
				"up": {"uv": [4, 10, 6, 11], "texture": "#egg"},
				"down": {"uv": [4, 14, 6, 15], "texture": "#egg"}
			}
		},
		{
			"name": "camel_spawn_egg_10",
			"from": [8, 1, 7.5],
			"to": [9, 6, 8.5],
			"faces": {
				"north": {"uv": [9, 10, 8, 15], "texture": "#egg"},
				"east": {"uv": [8, 10, 9, 15], "texture": "#egg"},
				"south": {"uv": [8, 10, 9, 15], "texture": "#egg"},
				"west": {"uv": [8, 10, 9, 15], "texture": "#egg"},
				"up": {"uv": [8, 10, 9, 11], "texture": "#egg"},
				"down": {"uv": [8, 14, 9, 15], "texture": "#egg"}
			}
		},
		{
			"name": "camel_spawn_egg_11",
			"from": [10, 1, 7.5],
			"to": [11, 6, 8.5],
			"faces": {
				"north": {"uv": [11, 10, 10, 15], "texture": "#egg"},
				"east": {"uv": [10, 10, 11, 15], "texture": "#egg"},
				"south": {"uv": [10, 10, 11, 15], "texture": "#egg"},
				"west": {"uv": [10, 10, 11, 15], "texture": "#egg"},
				"up": {"uv": [10, 10, 11, 11], "texture": "#egg"},
				"down": {"uv": [10, 14, 11, 15], "texture": "#egg"}
			}
		}
	],
	"gui_light": "front",
	"display": {
		"thirdperson_righthand": {
			"translation": [0, 3, 1],
			"scale": [0.55, 0.55, 0.55]
		},
		"firstperson_righthand": {
			"rotation": [0, -90, 25],
			"translation": [1.13, 3.2, 1.13],
			"scale": [0.68, 0.68, 0.68]
		},
		"ground": {
			"translation": [0, 2, 0],
			"scale": [0.5, 0.5, 0.5]
		},
		"head": {
			"rotation": [0, 180, 0],
			"translation": [0, 13, 7]
		},
		"fixed": {
			"rotation": [0, 180, 0]
		}
	},
	"groups": [
		{
			"name": "camel_spawn_egg",
			"origin": [8, 8, 8],
			"color": 0,
			"children": [0, 1, 2, 3, 4, 5, 6, 7, 8, 9, 10, 11]
		}
	]
}