{
	"credit": "Made with Blockbench - GrandPappyJay",
	"textures": {
		"particle": "item/cat_spawn_egg",
		"egg": "item/cat_spawn_egg"
	},
	"elements": [
		{
			"name": "cat_spawn_egg_0",
			"from": [9, 8, 7.5],
			"to": [10, 10, 8.5],
			"faces": {
				"north": {"uv": [10, 6, 9, 8], "texture": "#egg"},
				"east": {"uv": [9, 6, 10, 8], "texture": "#egg"},
				"south": {"uv": [9, 6, 10, 8], "texture": "#egg"},
				"west": {"uv": [9, 6, 10, 8], "texture": "#egg"},
				"up": {"uv": [9, 6, 10, 7], "texture": "#egg"},
				"down": {"uv": [9, 7, 10, 8], "texture": "#egg"}
			}
		},
		{
			"name": "cat_spawn_egg_1",
			"from": [3, 4, 7.5],
			"to": [4, 9, 8.5],
			"faces": {
				"north": {"uv": [4, 7, 3, 12], "texture": "#egg"},
				"east": {"uv": [3, 7, 4, 12], "texture": "#egg"},
				"south": {"uv": [3, 7, 4, 12], "texture": "#egg"},
				"west": {"uv": [3, 7, 4, 12], "texture": "#egg"},
				"up": {"uv": [3, 7, 4, 8], "texture": "#egg"},
				"down": {"uv": [3, 11, 4, 12], "texture": "#egg"}
			}
		},
		{
			"name": "cat_spawn_egg_2",
			"from": [5, 3, 7.5],
			"to": [7, 9, 8.5],
			"faces": {
				"north": {"uv": [7, 7, 5, 13], "texture": "#egg"},
				"east": {"uv": [6, 7, 7, 13], "texture": "#egg"},
				"south": {"uv": [5, 7, 7, 13], "texture": "#egg"},
				"west": {"uv": [5, 7, 6, 13], "texture": "#egg"},
				"up": {"uv": [5, 7, 7, 8], "texture": "#egg"},
				"down": {"uv": [5, 12, 7, 13], "texture": "#egg"}
			}
		},
		{
			"name": "cat_spawn_egg_3",
			"from": [10, 8, 7.5],
			"to": [14, 9, 8.5],
			"faces": {
				"north": {"uv": [14, 7, 10, 8], "texture": "#egg"},
				"east": {"uv": [13, 7, 14, 8], "texture": "#egg"},
				"south": {"uv": [10, 7, 14, 8], "texture": "#egg"},
				"west": {"uv": [10, 7, 11, 8], "texture": "#egg"},
				"up": {"uv": [10, 7, 14, 8], "texture": "#egg"},
				"down": {"uv": [10, 7, 14, 8], "texture": "#egg"}
			}
		},
		{
			"name": "cat_spawn_egg_4",
			"from": [2, 4, 7.5],
			"to": [3, 8, 8.5],
			"faces": {
				"north": {"uv": [3, 8, 2, 12], "texture": "#egg"},
				"east": {"uv": [2, 8, 3, 12], "texture": "#egg"},
				"south": {"uv": [2, 8, 3, 12], "texture": "#egg"},
				"west": {"uv": [2, 8, 3, 12], "texture": "#egg"},
				"up": {"uv": [2, 8, 3, 9], "texture": "#egg"},
				"down": {"uv": [2, 11, 3, 12], "texture": "#egg"}
			}
		},
		{
			"name": "cat_spawn_egg_5",
			"from": [4, 1, 7.5],
			"to": [5, 8, 8.5],
			"faces": {
				"north": {"uv": [5, 8, 4, 15], "texture": "#egg"},
				"east": {"uv": [4, 8, 5, 15], "texture": "#egg"},
				"south": {"uv": [4, 8, 5, 15], "texture": "#egg"},
				"west": {"uv": [4, 8, 5, 15], "texture": "#egg"},
				"up": {"uv": [4, 8, 5, 9], "texture": "#egg"},
				"down": {"uv": [4, 14, 5, 15], "texture": "#egg"}
			}
		},
		{
			"name": "cat_spawn_egg_6",
			"from": [13, 6, 7.5],
			"to": [14, 8, 8.5],
			"faces": {
				"north": {"uv": [14, 8, 13, 10], "texture": "#egg"},
				"east": {"uv": [13, 8, 14, 10], "texture": "#egg"},
				"south": {"uv": [13, 8, 14, 10], "texture": "#egg"},
				"west": {"uv": [13, 8, 14, 10], "texture": "#egg"},
				"up": {"uv": [13, 8, 14, 9], "texture": "#egg"},
				"down": {"uv": [13, 9, 14, 10], "texture": "#egg"}
			}
		},
		{
			"name": "cat_spawn_egg_7",
			"from": [7, 3, 7.5],
			"to": [12, 7, 8.5],
			"faces": {
				"north": {"uv": [12, 9, 7, 13], "texture": "#egg"},
				"east": {"uv": [11, 9, 12, 13], "texture": "#egg"},
				"south": {"uv": [7, 9, 12, 13], "texture": "#egg"},
				"west": {"uv": [7, 9, 8, 13], "texture": "#egg"},
				"up": {"uv": [7, 9, 12, 10], "texture": "#egg"},
				"down": {"uv": [7, 12, 12, 13], "texture": "#egg"}
			}
		},
		{
			"name": "cat_spawn_egg_8",
			"from": [12, 6, 7.5],
			"to": [13, 7, 8.5],
			"faces": {
				"north": {"uv": [13, 9, 12, 10], "texture": "#egg"},
				"east": {"uv": [12, 9, 13, 10], "texture": "#egg"},
				"south": {"uv": [12, 9, 13, 10], "texture": "#egg"},
				"west": {"uv": [12, 9, 13, 10], "texture": "#egg"},
				"up": {"uv": [12, 9, 13, 10], "texture": "#egg"},
				"down": {"uv": [12, 9, 13, 10], "texture": "#egg"}
			}
		},
		{
			"name": "cat_spawn_egg_9",
			"from": [6, 1, 7.5],
			"to": [7, 3, 8.5],
			"faces": {
				"north": {"uv": [7, 13, 6, 15], "texture": "#egg"},
				"east": {"uv": [6, 13, 7, 15], "texture": "#egg"},
				"south": {"uv": [6, 13, 7, 15], "texture": "#egg"},
				"west": {"uv": [6, 13, 7, 15], "texture": "#egg"},
				"up": {"uv": [6, 13, 7, 14], "texture": "#egg"},
				"down": {"uv": [6, 14, 7, 15], "texture": "#egg"}
			}
		},
		{
			"name": "cat_spawn_egg_10",
			"from": [9, 1, 7.5],
			"to": [10, 3, 8.5],
			"faces": {
				"north": {"uv": [10, 13, 9, 15], "texture": "#egg"},
				"east": {"uv": [9, 13, 10, 15], "texture": "#egg"},
				"south": {"uv": [9, 13, 10, 15], "texture": "#egg"},
				"west": {"uv": [9, 13, 10, 15], "texture": "#egg"},
				"up": {"uv": [9, 13, 10, 14], "texture": "#egg"},
				"down": {"uv": [9, 14, 10, 15], "texture": "#egg"}
			}
		},
		{
			"name": "cat_spawn_egg_11",
			"from": [11, 1, 7.5],
			"to": [12, 3, 8.5],
			"faces": {
				"north": {"uv": [12, 13, 11, 15], "texture": "#egg"},
				"east": {"uv": [11, 13, 12, 15], "texture": "#egg"},
				"south": {"uv": [11, 13, 12, 15], "texture": "#egg"},
				"west": {"uv": [11, 13, 12, 15], "texture": "#egg"},
				"up": {"uv": [11, 13, 12, 14], "texture": "#egg"},
				"down": {"uv": [11, 14, 12, 15], "texture": "#egg"}
			}
		}
	],
	"gui_light": "front",
	"display": {
		"thirdperson_righthand": {
			"translation": [0, 3, 1],
			"scale": [0.55, 0.55, 0.55]
		},
		"firstperson_righthand": {
			"rotation": [0, -90, 25],
			"translation": [1.13, 3.2, 1.13],
			"scale": [0.68, 0.68, 0.68]
		},
		"ground": {
			"translation": [0, 2, 0],
			"scale": [0.5, 0.5, 0.5]
		},
		"head": {
			"rotation": [0, 180, 0],
			"translation": [0, 13, 7]
		},
		"fixed": {
			"rotation": [0, 180, 0]
		}
	},
	"groups": [
		{
			"name": "cat_spawn_egg",
			"origin": [8, 8, 8],
			"color": 0,
			"children": [0, 1, 2, 3, 4, 5, 6, 7, 8, 9, 10, 11]
		}
	]
}