{
	"credit": "Made with Blockbench - GrandPappyJay",
	"textures": {
		"particle": "item/cave_spider_spawn_egg",
		"egg": "item/cave_spider_spawn_egg"
	},
	"elements": [
		{
			"name": "cave_spider_spawn_egg_0",
			"from": [6, 4, 7.5],
			"to": [13, 10, 8.5],
			"faces": {
				"north": {"uv": [13, 6, 6, 12], "texture": "#egg"},
				"east": {"uv": [12, 6, 13, 12], "texture": "#egg"},
				"south": {"uv": [6, 6, 13, 12], "texture": "#egg"},
				"west": {"uv": [6, 6, 7, 12], "texture": "#egg"},
				"up": {"uv": [6, 6, 13, 7], "texture": "#egg"},
				"down": {"uv": [6, 11, 13, 12], "texture": "#egg"}
			}
		},
		{
			"name": "cave_spider_spawn_egg_1",
			"from": [2, 5, 7.5],
			"to": [6, 9, 8.5],
			"faces": {
				"north": {"uv": [6, 7, 2, 11], "texture": "#egg"},
				"east": {"uv": [5, 7, 6, 11], "texture": "#egg"},
				"south": {"uv": [2, 7, 6, 11], "texture": "#egg"},
				"west": {"uv": [2, 7, 3, 11], "texture": "#egg"},
				"up": {"uv": [2, 7, 6, 8], "texture": "#egg"},
				"down": {"uv": [2, 10, 6, 11], "texture": "#egg"}
			}
		},
		{
			"name": "cave_spider_spawn_egg_2",
			"from": [13, 3, 7.5],
			"to": [14, 9, 8.5],
			"faces": {
				"north": {"uv": [14, 7, 13, 13], "texture": "#egg"},
				"east": {"uv": [13, 7, 14, 13], "texture": "#egg"},
				"south": {"uv": [13, 7, 14, 13], "texture": "#egg"},
				"west": {"uv": [13, 7, 14, 13], "texture": "#egg"},
				"up": {"uv": [13, 7, 14, 8], "texture": "#egg"},
				"down": {"uv": [13, 12, 14, 13], "texture": "#egg"}
			}
		},
		{
			"name": "cave_spider_spawn_egg_3",
			"from": [3, 4, 7.5],
			"to": [6, 5, 8.5],
			"faces": {
				"north": {"uv": [6, 11, 3, 12], "texture": "#egg"},
				"east": {"uv": [5, 11, 6, 12], "texture": "#egg"},
				"south": {"uv": [3, 11, 6, 12], "texture": "#egg"},
				"west": {"uv": [3, 11, 4, 12], "texture": "#egg"},
				"up": {"uv": [3, 11, 6, 12], "texture": "#egg"},
				"down": {"uv": [3, 11, 6, 12], "texture": "#egg"}
			}
		},
		{
			"name": "cave_spider_spawn_egg_4",
			"from": [2, 3, 7.5],
			"to": [4, 4, 8.5],
			"faces": {
				"north": {"uv": [4, 12, 2, 13], "texture": "#egg"},
				"east": {"uv": [3, 12, 4, 13], "texture": "#egg"},
				"south": {"uv": [2, 12, 4, 13], "texture": "#egg"},
				"west": {"uv": [2, 12, 3, 13], "texture": "#egg"},
				"up": {"uv": [2, 12, 4, 13], "texture": "#egg"},
				"down": {"uv": [2, 12, 4, 13], "texture": "#egg"}
			}
		},
		{
			"name": "cave_spider_spawn_egg_5",
			"from": [6, 2, 7.5],
			"to": [7, 4, 8.5],
			"faces": {
				"north": {"uv": [7, 12, 6, 14], "texture": "#egg"},
				"east": {"uv": [6, 12, 7, 14], "texture": "#egg"},
				"south": {"uv": [6, 12, 7, 14], "texture": "#egg"},
				"west": {"uv": [6, 12, 7, 14], "texture": "#egg"},
				"up": {"uv": [6, 12, 7, 13], "texture": "#egg"},
				"down": {"uv": [6, 13, 7, 14], "texture": "#egg"}
			}
		},
		{
			"name": "cave_spider_spawn_egg_6",
			"from": [8, 2, 7.5],
			"to": [9, 4, 8.5],
			"faces": {
				"north": {"uv": [9, 12, 8, 14], "texture": "#egg"},
				"east": {"uv": [8, 12, 9, 14], "texture": "#egg"},
				"south": {"uv": [8, 12, 9, 14], "texture": "#egg"},
				"west": {"uv": [8, 12, 9, 14], "texture": "#egg"},
				"up": {"uv": [8, 12, 9, 13], "texture": "#egg"},
				"down": {"uv": [8, 13, 9, 14], "texture": "#egg"}
			}
		},
		{
			"name": "cave_spider_spawn_egg_7",
			"from": [10, 2, 7.5],
			"to": [11, 4, 8.5],
			"faces": {
				"north": {"uv": [11, 12, 10, 14], "texture": "#egg"},
				"east": {"uv": [10, 12, 11, 14], "texture": "#egg"},
				"south": {"uv": [10, 12, 11, 14], "texture": "#egg"},
				"west": {"uv": [10, 12, 11, 14], "texture": "#egg"},
				"up": {"uv": [10, 12, 11, 13], "texture": "#egg"},
				"down": {"uv": [10, 13, 11, 14], "texture": "#egg"}
			}
		},
		{
			"name": "cave_spider_spawn_egg_8",
			"from": [14, 2, 7.5],
			"to": [15, 4, 8.5],
			"faces": {
				"north": {"uv": [15, 12, 14, 14], "texture": "#egg"},
				"east": {"uv": [14, 12, 15, 14], "texture": "#egg"},
				"south": {"uv": [14, 12, 15, 14], "texture": "#egg"},
				"west": {"uv": [14, 12, 15, 14], "texture": "#egg"},
				"up": {"uv": [14, 12, 15, 13], "texture": "#egg"},
				"down": {"uv": [14, 13, 15, 14], "texture": "#egg"}
			}
		},
		{
			"name": "cave_spider_spawn_egg_9",
			"from": [2, 2, 7.5],
			"to": [3, 3, 8.5],
			"faces": {
				"north": {"uv": [3, 13, 2, 14], "texture": "#egg"},
				"east": {"uv": [2, 13, 3, 14], "texture": "#egg"},
				"south": {"uv": [2, 13, 3, 14], "texture": "#egg"},
				"west": {"uv": [2, 13, 3, 14], "texture": "#egg"},
				"up": {"uv": [2, 13, 3, 14], "texture": "#egg"},
				"down": {"uv": [2, 13, 3, 14], "texture": "#egg"}
			}
		}
	],
	"gui_light": "front",
	"display": {
		"thirdperson_righthand": {
			"translation": [0, 3, 1],
			"scale": [0.55, 0.55, 0.55]
		},
		"firstperson_righthand": {
			"rotation": [0, -90, 25],
			"translation": [1.13, 3.2, 1.13],
			"scale": [0.68, 0.68, 0.68]
		},
		"ground": {
			"translation": [0, 2, 0],
			"scale": [0.5, 0.5, 0.5]
		},
		"head": {
			"rotation": [0, 180, 0],
			"translation": [0, 13, 7]
		},
		"fixed": {
			"rotation": [0, 180, 0]
		}
	},
	"groups": [
		{
			"name": "cave_spider_spawn_egg",
			"origin": [8, 8, 8],
			"color": 0,
			"children": [0, 1, 2, 3, 4, 5, 6, 7, 8, 9]
		}
	]
}