{
  "parent": "minecraft:item/generated",
  "textures": { "layer0": "minecraft:item/chicken" },
  "overrides": [
    {
      "predicate": {
        "eatinganimation:eating": 1.0,
        "eatinganimation:eat": 0.35
      },
      "model": "minecraft:item/excalibur/eating_animation/chicken_eating_0"
    },
    {
      "predicate": {
        "eatinganimation:eating": 1.0,
        "eatinganimation:eat": 0.7
      },
      "model": "minecraft:item/excalibur/eating_animation/chicken_eating_1"
    },
    {
      "predicate": {
        "eatinganimation:eating": 1.0,
        "eatinganimation:eat": 0.9
      },
      "model": "minecraft:item/excalibur/eating_animation/chicken_eating_2"
    },


    {
      "predicate": { "eating": 1, "eat": 0.35 },
      "model": "minecraft:item/excalibur/eating_animation/chicken_eating_0"
    },
    {
      "predicate": { "eating": 1, "eat": 0.7 },
      "model": "minecraft:item/excalibur/eating_animation/chicken_eating_1"
    },
    {
      "predicate": { "eating": 1, "eat": 0.9 },
      "model": "minecraft:item/excalibur/eating_animation/chicken_eating_2"
    }
  ]
}
