{
	"credit": "Made with Blockbench - GrandPappyJay",
	"textures": {
		"particle": "item/chicken_spawn_egg",
		"egg": "item/chicken_spawn_egg"
	},
	"elements": [
		{
			"name": "chicken_spawn_egg_0",
			"from": [5, 4, 7.5],
			"to": [7, 12, 8.5],
			"faces": {
				"north": {"uv": [7, 4, 5, 12], "texture": "#egg"},
				"east": {"uv": [6, 4, 7, 12], "texture": "#egg"},
				"south": {"uv": [5, 4, 7, 12], "texture": "#egg"},
				"west": {"uv": [5, 4, 6, 12], "texture": "#egg"},
				"up": {"uv": [5, 4, 7, 5], "texture": "#egg"},
				"down": {"uv": [5, 11, 7, 12], "texture": "#egg"}
			}
		},
		{
			"name": "chicken_spawn_egg_1",
			"from": [4, 5, 7.5],
			"to": [5, 11, 8.5],
			"faces": {
				"north": {"uv": [5, 5, 4, 11], "texture": "#egg"},
				"east": {"uv": [4, 5, 5, 11], "texture": "#egg"},
				"south": {"uv": [4, 5, 5, 11], "texture": "#egg"},
				"west": {"uv": [4, 5, 5, 11], "texture": "#egg"},
				"up": {"uv": [4, 5, 5, 6], "texture": "#egg"},
				"down": {"uv": [4, 10, 5, 11], "texture": "#egg"}
			}
		},
		{
			"name": "chicken_spawn_egg_2",
			"from": [7, 4, 7.5],
			"to": [8, 11, 8.5],
			"faces": {
				"north": {"uv": [8, 5, 7, 12], "texture": "#egg"},
				"east": {"uv": [7, 5, 8, 12], "texture": "#egg"},
				"south": {"uv": [7, 5, 8, 12], "texture": "#egg"},
				"west": {"uv": [7, 5, 8, 12], "texture": "#egg"},
				"up": {"uv": [7, 5, 8, 6], "texture": "#egg"},
				"down": {"uv": [7, 11, 8, 12], "texture": "#egg"}
			}
		},
		{
			"name": "chicken_spawn_egg_3",
			"from": [11, 10, 7.5],
			"to": [13, 11, 8.5],
			"faces": {
				"north": {"uv": [13, 5, 11, 6], "texture": "#egg"},
				"east": {"uv": [12, 5, 13, 6], "texture": "#egg"},
				"south": {"uv": [11, 5, 13, 6], "texture": "#egg"},
				"west": {"uv": [11, 5, 12, 6], "texture": "#egg"},
				"up": {"uv": [11, 5, 13, 6], "texture": "#egg"},
				"down": {"uv": [11, 5, 13, 6], "texture": "#egg"}
			}
		},
		{
			"name": "chicken_spawn_egg_4",
			"from": [3, 8, 7.5],
			"to": [4, 10, 8.5],
			"faces": {
				"north": {"uv": [4, 6, 3, 8], "texture": "#egg"},
				"east": {"uv": [3, 6, 4, 8], "texture": "#egg"},
				"south": {"uv": [3, 6, 4, 8], "texture": "#egg"},
				"west": {"uv": [3, 6, 4, 8], "texture": "#egg"},
				"up": {"uv": [3, 6, 4, 7], "texture": "#egg"},
				"down": {"uv": [3, 7, 4, 8], "texture": "#egg"}
			}
		},
		{
			"name": "chicken_spawn_egg_5",
			"from": [10, 5, 7.5],
			"to": [12, 10, 8.5],
			"faces": {
				"north": {"uv": [12, 6, 10, 11], "texture": "#egg"},
				"east": {"uv": [11, 6, 12, 11], "texture": "#egg"},
				"south": {"uv": [10, 6, 12, 11], "texture": "#egg"},
				"west": {"uv": [10, 6, 11, 11], "texture": "#egg"},
				"up": {"uv": [10, 6, 12, 7], "texture": "#egg"},
				"down": {"uv": [10, 10, 12, 11], "texture": "#egg"}
			}
		},
		{
			"name": "chicken_spawn_egg_6",
			"from": [12, 8, 7.5],
			"to": [14, 9, 8.5],
			"faces": {
				"north": {"uv": [14, 7, 12, 8], "texture": "#egg"},
				"east": {"uv": [13, 7, 14, 8], "texture": "#egg"},
				"south": {"uv": [12, 7, 14, 8], "texture": "#egg"},
				"west": {"uv": [12, 7, 13, 8], "texture": "#egg"},
				"up": {"uv": [12, 7, 14, 8], "texture": "#egg"},
				"down": {"uv": [12, 7, 14, 8], "texture": "#egg"}
			}
		},
		{
			"name": "chicken_spawn_egg_7",
			"from": [8, 4, 7.5],
			"to": [10, 8, 8.5],
			"faces": {
				"north": {"uv": [10, 8, 8, 12], "texture": "#egg"},
				"east": {"uv": [9, 8, 10, 12], "texture": "#egg"},
				"south": {"uv": [8, 8, 10, 12], "texture": "#egg"},
				"west": {"uv": [8, 8, 9, 12], "texture": "#egg"},
				"up": {"uv": [8, 8, 10, 9], "texture": "#egg"},
				"down": {"uv": [8, 11, 10, 12], "texture": "#egg"}
			}
		},
		{
			"name": "chicken_spawn_egg_8",
			"from": [12, 7, 7.5],
			"to": [13, 8, 8.5],
			"faces": {
				"north": {"uv": [13, 8, 12, 9], "texture": "#egg"},
				"east": {"uv": [12, 8, 13, 9], "texture": "#egg"},
				"south": {"uv": [12, 8, 13, 9], "texture": "#egg"},
				"west": {"uv": [12, 8, 13, 9], "texture": "#egg"},
				"up": {"uv": [12, 8, 13, 9], "texture": "#egg"},
				"down": {"uv": [12, 8, 13, 9], "texture": "#egg"}
			}
		},
		{
			"name": "chicken_spawn_egg_9",
			"from": [10, 4, 7.5],
			"to": [11, 5, 8.5],
			"faces": {
				"north": {"uv": [11, 11, 10, 12], "texture": "#egg"},
				"east": {"uv": [10, 11, 11, 12], "texture": "#egg"},
				"south": {"uv": [10, 11, 11, 12], "texture": "#egg"},
				"west": {"uv": [10, 11, 11, 12], "texture": "#egg"},
				"up": {"uv": [10, 11, 11, 12], "texture": "#egg"},
				"down": {"uv": [10, 11, 11, 12], "texture": "#egg"}
			}
		},
		{
			"name": "chicken_spawn_egg_10",
			"from": [6, 1, 7.5],
			"to": [7, 4, 8.5],
			"faces": {
				"north": {"uv": [7, 12, 6, 15], "texture": "#egg"},
				"east": {"uv": [6, 12, 7, 15], "texture": "#egg"},
				"south": {"uv": [6, 12, 7, 15], "texture": "#egg"},
				"west": {"uv": [6, 12, 7, 15], "texture": "#egg"},
				"up": {"uv": [6, 12, 7, 13], "texture": "#egg"},
				"down": {"uv": [6, 14, 7, 15], "texture": "#egg"}
			}
		},
		{
			"name": "chicken_spawn_egg_11",
			"from": [9, 1, 7.5],
			"to": [10, 4, 8.5],
			"faces": {
				"north": {"uv": [10, 12, 9, 15], "texture": "#egg"},
				"east": {"uv": [9, 12, 10, 15], "texture": "#egg"},
				"south": {"uv": [9, 12, 10, 15], "texture": "#egg"},
				"west": {"uv": [9, 12, 10, 15], "texture": "#egg"},
				"up": {"uv": [9, 12, 10, 13], "texture": "#egg"},
				"down": {"uv": [9, 14, 10, 15], "texture": "#egg"}
			}
		},
		{
			"name": "chicken_spawn_egg_12",
			"from": [5, 1, 7.5],
			"to": [6, 2, 8.5],
			"faces": {
				"north": {"uv": [6, 14, 5, 15], "texture": "#egg"},
				"east": {"uv": [5, 14, 6, 15], "texture": "#egg"},
				"south": {"uv": [5, 14, 6, 15], "texture": "#egg"},
				"west": {"uv": [5, 14, 6, 15], "texture": "#egg"},
				"up": {"uv": [5, 14, 6, 15], "texture": "#egg"},
				"down": {"uv": [5, 14, 6, 15], "texture": "#egg"}
			}
		},
		{
			"name": "chicken_spawn_egg_13",
			"from": [8, 1, 7.5],
			"to": [9, 2, 8.5],
			"faces": {
				"north": {"uv": [9, 14, 8, 15], "texture": "#egg"},
				"east": {"uv": [8, 14, 9, 15], "texture": "#egg"},
				"south": {"uv": [8, 14, 9, 15], "texture": "#egg"},
				"west": {"uv": [8, 14, 9, 15], "texture": "#egg"},
				"up": {"uv": [8, 14, 9, 15], "texture": "#egg"},
				"down": {"uv": [8, 14, 9, 15], "texture": "#egg"}
			}
		},
		{
			"name": "chicken_spawn_egg_14",
			"from": [10, 1, 7.5],
			"to": [11, 2, 8.5],
			"faces": {
				"north": {"uv": [11, 14, 10, 15], "texture": "#egg"},
				"east": {"uv": [10, 14, 11, 15], "texture": "#egg"},
				"south": {"uv": [10, 14, 11, 15], "texture": "#egg"},
				"west": {"uv": [10, 14, 11, 15], "texture": "#egg"},
				"up": {"uv": [10, 14, 11, 15], "texture": "#egg"},
				"down": {"uv": [10, 14, 11, 15], "texture": "#egg"}
			}
		}
	],
	"gui_light": "front",
	"display": {
		"thirdperson_righthand": {
			"translation": [0, 3, 1],
			"scale": [0.55, 0.55, 0.55]
		},
		"firstperson_righthand": {
			"rotation": [0, -90, 25],
			"translation": [1.13, 3.2, 1.13],
			"scale": [0.68, 0.68, 0.68]
		},
		"ground": {
			"translation": [0, 2, 0],
			"scale": [0.5, 0.5, 0.5]
		},
		"head": {
			"rotation": [0, 180, 0],
			"translation": [0, 13, 7]
		},
		"fixed": {
			"rotation": [0, 180, 0]
		}
	},
	"groups": [
		{
			"name": "chicken_spawn_egg",
			"origin": [8, 8, 8],
			"color": 0,
			"children": [0, 1, 2, 3, 4, 5, 6, 7, 8, 9, 10, 11, 12, 13, 14]
		}
	]
}