{
	"credit": "Made with Blockbench - GrandPappyJay",
	"textures": {
		"particle": "item/cod_spawn_egg",
		"egg": "item/cod_spawn_egg"
	},
	"elements": [
		{
			"name": "cod_spawn_egg_0",
			"from": [4, 5, 7.5],
			"to": [6, 10, 8.5],
			"faces": {
				"north": {"uv": [6, 6, 4, 11], "texture": "#egg"},
				"east": {"uv": [5, 6, 6, 11], "texture": "#egg"},
				"south": {"uv": [4, 6, 6, 11], "texture": "#egg"},
				"west": {"uv": [4, 6, 5, 11], "texture": "#egg"},
				"up": {"uv": [4, 6, 6, 7], "texture": "#egg"},
				"down": {"uv": [4, 10, 6, 11], "texture": "#egg"}
			}
		},
		{
			"name": "cod_spawn_egg_1",
			"from": [7, 5, 7.5],
			"to": [10, 10, 8.5],
			"faces": {
				"north": {"uv": [10, 6, 7, 11], "texture": "#egg"},
				"east": {"uv": [9, 6, 10, 11], "texture": "#egg"},
				"south": {"uv": [7, 6, 10, 11], "texture": "#egg"},
				"west": {"uv": [7, 6, 8, 11], "texture": "#egg"},
				"up": {"uv": [7, 6, 10, 7], "texture": "#egg"},
				"down": {"uv": [7, 10, 10, 11], "texture": "#egg"}
			}
		},
		{
			"name": "cod_spawn_egg_2",
			"from": [2, 6, 7.5],
			"to": [4, 9, 8.5],
			"faces": {
				"north": {"uv": [4, 7, 2, 10], "texture": "#egg"},
				"east": {"uv": [3, 7, 4, 10], "texture": "#egg"},
				"south": {"uv": [2, 7, 4, 10], "texture": "#egg"},
				"west": {"uv": [2, 7, 3, 10], "texture": "#egg"},
				"up": {"uv": [2, 7, 4, 8], "texture": "#egg"},
				"down": {"uv": [2, 9, 4, 10], "texture": "#egg"}
			}
		},
		{
			"name": "cod_spawn_egg_3",
			"from": [6, 4, 7.5],
			"to": [7, 9, 8.5],
			"faces": {
				"north": {"uv": [7, 7, 6, 12], "texture": "#egg"},
				"east": {"uv": [6, 7, 7, 12], "texture": "#egg"},
				"south": {"uv": [6, 7, 7, 12], "texture": "#egg"},
				"west": {"uv": [6, 7, 7, 12], "texture": "#egg"},
				"up": {"uv": [6, 7, 7, 8], "texture": "#egg"},
				"down": {"uv": [6, 11, 7, 12], "texture": "#egg"}
			}
		},
		{
			"name": "cod_spawn_egg_4",
			"from": [10, 5, 7.5],
			"to": [11, 9, 8.5],
			"faces": {
				"north": {"uv": [11, 7, 10, 11], "texture": "#egg"},
				"east": {"uv": [10, 7, 11, 11], "texture": "#egg"},
				"south": {"uv": [10, 7, 11, 11], "texture": "#egg"},
				"west": {"uv": [10, 7, 11, 11], "texture": "#egg"},
				"up": {"uv": [10, 7, 11, 8], "texture": "#egg"},
				"down": {"uv": [10, 10, 11, 11], "texture": "#egg"}
			}
		},
		{
			"name": "cod_spawn_egg_5",
			"from": [12, 8, 7.5],
			"to": [14, 9, 8.5],
			"faces": {
				"north": {"uv": [14, 7, 12, 8], "texture": "#egg"},
				"east": {"uv": [13, 7, 14, 8], "texture": "#egg"},
				"south": {"uv": [12, 7, 14, 8], "texture": "#egg"},
				"west": {"uv": [12, 7, 13, 8], "texture": "#egg"},
				"up": {"uv": [12, 7, 14, 8], "texture": "#egg"},
				"down": {"uv": [12, 7, 14, 8], "texture": "#egg"}
			}
		},
		{
			"name": "cod_spawn_egg_6",
			"from": [11, 6, 7.5],
			"to": [13, 8, 8.5],
			"faces": {
				"north": {"uv": [13, 8, 11, 10], "texture": "#egg"},
				"east": {"uv": [12, 8, 13, 10], "texture": "#egg"},
				"south": {"uv": [11, 8, 13, 10], "texture": "#egg"},
				"west": {"uv": [11, 8, 12, 10], "texture": "#egg"},
				"up": {"uv": [11, 8, 13, 9], "texture": "#egg"},
				"down": {"uv": [11, 9, 13, 10], "texture": "#egg"}
			}
		},
		{
			"name": "cod_spawn_egg_7",
			"from": [3, 5, 7.5],
			"to": [4, 6, 8.5],
			"faces": {
				"north": {"uv": [4, 10, 3, 11], "texture": "#egg"},
				"east": {"uv": [3, 10, 4, 11], "texture": "#egg"},
				"south": {"uv": [3, 10, 4, 11], "texture": "#egg"},
				"west": {"uv": [3, 10, 4, 11], "texture": "#egg"},
				"up": {"uv": [3, 10, 4, 11], "texture": "#egg"},
				"down": {"uv": [3, 10, 4, 11], "texture": "#egg"}
			}
		},
		{
			"name": "cod_spawn_egg_8",
			"from": [12, 5, 7.5],
			"to": [14, 6, 8.5],
			"faces": {
				"north": {"uv": [14, 10, 12, 11], "texture": "#egg"},
				"east": {"uv": [13, 10, 14, 11], "texture": "#egg"},
				"south": {"uv": [12, 10, 14, 11], "texture": "#egg"},
				"west": {"uv": [12, 10, 13, 11], "texture": "#egg"},
				"up": {"uv": [12, 10, 14, 11], "texture": "#egg"},
				"down": {"uv": [12, 10, 14, 11], "texture": "#egg"}
			}
		}
	],
	"gui_light": "front",
	"display": {
		"thirdperson_righthand": {
			"translation": [0, 3, 1],
			"scale": [0.55, 0.55, 0.55]
		},
		"firstperson_righthand": {
			"rotation": [0, -90, 25],
			"translation": [1.13, 3.2, 1.13],
			"scale": [0.68, 0.68, 0.68]
		},
		"ground": {
			"translation": [0, 2, 0],
			"scale": [0.5, 0.5, 0.5]
		},
		"head": {
			"rotation": [0, 180, 0],
			"translation": [0, 13, 7]
		},
		"fixed": {
			"rotation": [0, 180, 0]
		}
	},
	"groups": [
		{
			"name": "cod_spawn_egg",
			"origin": [8, 8, 8],
			"color": 0,
			"children": [0, 1, 2, 3, 4, 5, 6, 7, 8]
		}
	]
}