{
	"credit": "Made with Blockbench - GrandPappyJay",
	"textures": {
		"particle": "item/creaking_spawn_egg",
		"egg": "item/creaking_spawn_egg"
	},
	"elements": [
		{
			"name": "creaking_spawn_egg_0",
			"from": [2, 15, 7.5],
			"to": [3, 16, 8.5],
			"faces": {
				"north": {"uv": [3, 0, 2, 1], "texture": "#egg"},
				"east": {"uv": [2, 0, 3, 1], "texture": "#egg"},
				"south": {"uv": [2, 0, 3, 1], "texture": "#egg"},
				"west": {"uv": [2, 0, 3, 1], "texture": "#egg"},
				"up": {"uv": [2, 0, 3, 1], "texture": "#egg"},
				"down": {"uv": [2, 0, 3, 1], "texture": "#egg"}
			}
		},
		{
			"name": "creaking_spawn_egg_1",
			"from": [5, 4, 7.5],
			"to": [6, 16, 8.5],
			"faces": {
				"north": {"uv": [6, 0, 5, 12], "texture": "#egg"},
				"east": {"uv": [5, 0, 6, 12], "texture": "#egg"},
				"south": {"uv": [5, 0, 6, 12], "texture": "#egg"},
				"west": {"uv": [5, 0, 6, 12], "texture": "#egg"},
				"up": {"uv": [5, 0, 6, 1], "texture": "#egg"},
				"down": {"uv": [5, 11, 6, 12], "texture": "#egg"}
			}
		},
		{
			"name": "creaking_spawn_egg_2",
			"from": [7, 1, 7.5],
			"to": [8, 16, 8.5],
			"faces": {
				"north": {"uv": [8, 0, 7, 15], "texture": "#egg"},
				"east": {"uv": [7, 0, 8, 15], "texture": "#egg"},
				"south": {"uv": [7, 0, 8, 15], "texture": "#egg"},
				"west": {"uv": [7, 0, 8, 15], "texture": "#egg"},
				"up": {"uv": [7, 0, 8, 1], "texture": "#egg"},
				"down": {"uv": [7, 14, 8, 15], "texture": "#egg"}
			}
		},
		{
			"name": "creaking_spawn_egg_3",
			"from": [9, 1, 7.5],
			"to": [10, 16, 8.5],
			"faces": {
				"north": {"uv": [10, 0, 9, 15], "texture": "#egg"},
				"east": {"uv": [9, 0, 10, 15], "texture": "#egg"},
				"south": {"uv": [9, 0, 10, 15], "texture": "#egg"},
				"west": {"uv": [9, 0, 10, 15], "texture": "#egg"},
				"up": {"uv": [9, 0, 10, 1], "texture": "#egg"},
				"down": {"uv": [9, 14, 10, 15], "texture": "#egg"}
			}
		},
		{
			"name": "creaking_spawn_egg_4",
			"from": [12, 15, 7.5],
			"to": [13, 16, 8.5],
			"faces": {
				"north": {"uv": [13, 0, 12, 1], "texture": "#egg"},
				"east": {"uv": [12, 0, 13, 1], "texture": "#egg"},
				"south": {"uv": [12, 0, 13, 1], "texture": "#egg"},
				"west": {"uv": [12, 0, 13, 1], "texture": "#egg"},
				"up": {"uv": [12, 0, 13, 1], "texture": "#egg"},
				"down": {"uv": [12, 0, 13, 1], "texture": "#egg"}
			}
		},
		{
			"name": "creaking_spawn_egg_5",
			"from": [3, 14, 7.5],
			"to": [5, 15, 8.5],
			"faces": {
				"north": {"uv": [5, 1, 3, 2], "texture": "#egg"},
				"east": {"uv": [4, 1, 5, 2], "texture": "#egg"},
				"south": {"uv": [3, 1, 5, 2], "texture": "#egg"},
				"west": {"uv": [3, 1, 4, 2], "texture": "#egg"},
				"up": {"uv": [3, 1, 5, 2], "texture": "#egg"},
				"down": {"uv": [3, 1, 5, 2], "texture": "#egg"}
			}
		},
		{
			"name": "creaking_spawn_egg_6",
			"from": [6, 8, 7.5],
			"to": [7, 15, 8.5],
			"faces": {
				"north": {"uv": [7, 1, 6, 8], "texture": "#egg"},
				"east": {"uv": [6, 1, 7, 8], "texture": "#egg"},
				"south": {"uv": [6, 1, 7, 8], "texture": "#egg"},
				"west": {"uv": [6, 1, 7, 8], "texture": "#egg"},
				"up": {"uv": [6, 1, 7, 2], "texture": "#egg"},
				"down": {"uv": [6, 7, 7, 8], "texture": "#egg"}
			}
		},
		{
			"name": "creaking_spawn_egg_7",
			"from": [8, 1, 7.5],
			"to": [9, 15, 8.5],
			"faces": {
				"north": {"uv": [9, 1, 8, 15], "texture": "#egg"},
				"east": {"uv": [8, 1, 9, 15], "texture": "#egg"},
				"south": {"uv": [8, 1, 9, 15], "texture": "#egg"},
				"west": {"uv": [8, 1, 9, 15], "texture": "#egg"},
				"up": {"uv": [8, 1, 9, 2], "texture": "#egg"},
				"down": {"uv": [8, 14, 9, 15], "texture": "#egg"}
			}
		},
		{
			"name": "creaking_spawn_egg_8",
			"from": [10, 14, 7.5],
			"to": [12, 15, 8.5],
			"faces": {
				"north": {"uv": [12, 1, 10, 2], "texture": "#egg"},
				"east": {"uv": [11, 1, 12, 2], "texture": "#egg"},
				"south": {"uv": [10, 1, 12, 2], "texture": "#egg"},
				"west": {"uv": [10, 1, 11, 2], "texture": "#egg"},
				"up": {"uv": [10, 1, 12, 2], "texture": "#egg"},
				"down": {"uv": [10, 1, 12, 2], "texture": "#egg"}
			}
		},
		{
			"name": "creaking_spawn_egg_9",
			"from": [4, 13, 7.5],
			"to": [5, 14, 8.5],
			"faces": {
				"north": {"uv": [5, 2, 4, 3], "texture": "#egg"},
				"east": {"uv": [4, 2, 5, 3], "texture": "#egg"},
				"south": {"uv": [4, 2, 5, 3], "texture": "#egg"},
				"west": {"uv": [4, 2, 5, 3], "texture": "#egg"},
				"up": {"uv": [4, 2, 5, 3], "texture": "#egg"},
				"down": {"uv": [4, 2, 5, 3], "texture": "#egg"}
			}
		},
		{
			"name": "creaking_spawn_egg_10",
			"from": [10, 13, 7.5],
			"to": [11, 14, 8.5],
			"faces": {
				"north": {"uv": [11, 2, 10, 3], "texture": "#egg"},
				"east": {"uv": [10, 2, 11, 3], "texture": "#egg"},
				"south": {"uv": [10, 2, 11, 3], "texture": "#egg"},
				"west": {"uv": [10, 2, 11, 3], "texture": "#egg"},
				"up": {"uv": [10, 2, 11, 3], "texture": "#egg"},
				"down": {"uv": [10, 2, 11, 3], "texture": "#egg"}
			}
		},
		{
			"name": "creaking_spawn_egg_11",
			"from": [10, 5, 7.5],
			"to": [12, 12, 8.5],
			"faces": {
				"north": {"uv": [12, 4, 10, 11], "texture": "#egg"},
				"east": {"uv": [11, 4, 12, 11], "texture": "#egg"},
				"south": {"uv": [10, 4, 12, 11], "texture": "#egg"},
				"west": {"uv": [10, 4, 11, 11], "texture": "#egg"},
				"up": {"uv": [10, 4, 12, 5], "texture": "#egg"},
				"down": {"uv": [10, 10, 12, 11], "texture": "#egg"}
			}
		},
		{
			"name": "creaking_spawn_egg_12",
			"from": [4, 3, 7.5],
			"to": [5, 11, 8.5],
			"faces": {
				"north": {"uv": [5, 5, 4, 13], "texture": "#egg"},
				"east": {"uv": [4, 5, 5, 13], "texture": "#egg"},
				"south": {"uv": [4, 5, 5, 13], "texture": "#egg"},
				"west": {"uv": [4, 5, 5, 13], "texture": "#egg"},
				"up": {"uv": [4, 5, 5, 6], "texture": "#egg"},
				"down": {"uv": [4, 12, 5, 13], "texture": "#egg"}
			}
		},
		{
			"name": "creaking_spawn_egg_13",
			"from": [6, 1, 7.5],
			"to": [7, 7, 8.5],
			"faces": {
				"north": {"uv": [7, 9, 6, 15], "texture": "#egg"},
				"east": {"uv": [6, 9, 7, 15], "texture": "#egg"},
				"south": {"uv": [6, 9, 7, 15], "texture": "#egg"},
				"west": {"uv": [6, 9, 7, 15], "texture": "#egg"},
				"up": {"uv": [6, 9, 7, 10], "texture": "#egg"},
				"down": {"uv": [6, 14, 7, 15], "texture": "#egg"}
			}
		},
		{
			"name": "creaking_spawn_egg_14",
			"from": [11, 4, 7.5],
			"to": [12, 5, 8.5],
			"faces": {
				"north": {"uv": [12, 11, 11, 12], "texture": "#egg"},
				"east": {"uv": [11, 11, 12, 12], "texture": "#egg"},
				"south": {"uv": [11, 11, 12, 12], "texture": "#egg"},
				"west": {"uv": [11, 11, 12, 12], "texture": "#egg"},
				"up": {"uv": [11, 11, 12, 12], "texture": "#egg"},
				"down": {"uv": [11, 11, 12, 12], "texture": "#egg"}
			}
		}
	],
	"gui_light": "front",
	"display": {
		"thirdperson_righthand": {
			"translation": [0, 3, 1],
			"scale": [0.55, 0.55, 0.55]
		},
		"firstperson_righthand": {
			"rotation": [0, -90, 25],
			"translation": [1.13, 3.2, 1.13],
			"scale": [0.68, 0.68, 0.68]
		},
		"ground": {
			"translation": [0, 2, 0],
			"scale": [0.5, 0.5, 0.5]
		},
		"head": {
			"rotation": [0, 180, 0],
			"translation": [0, 13, 7]
		},
		"fixed": {
			"rotation": [0, 180, 0]
		}
	},
	"groups": [
		{
			"name": "creaking_spawn_egg",
			"origin": [8, 8, 8],
			"color": 0,
			"children": [0, 1, 2, 3, 4, 5, 6, 7, 8, 9, 10, 11, 12, 13, 14]
		}
	]
}