{
	"credit": "Made with Blockbench - GrandPappyJay",
	"textures": {
		"particle": "item/creeper_spawn_egg",
		"egg": "item/creeper_spawn_egg"
	},
	"elements": [
		{
			"name": "creeper_spawn_egg_0",
			"from": [4, 10, 7.5],
			"to": [11, 15, 8.5],
			"faces": {
				"north": {"uv": [11, 1, 4, 6], "texture": "#egg"},
				"east": {"uv": [10, 1, 11, 6], "texture": "#egg"},
				"south": {"uv": [4, 1, 11, 6], "texture": "#egg"},
				"west": {"uv": [4, 1, 5, 6], "texture": "#egg"},
				"up": {"uv": [4, 1, 11, 2], "texture": "#egg"},
				"down": {"uv": [4, 5, 11, 6], "texture": "#egg"}
			}
		},
		{
			"name": "creeper_spawn_egg_1",
			"from": [5, 3, 7.5],
			"to": [10, 10, 8.5],
			"faces": {
				"north": {"uv": [10, 6, 5, 13], "texture": "#egg"},
				"east": {"uv": [9, 6, 10, 13], "texture": "#egg"},
				"south": {"uv": [5, 6, 10, 13], "texture": "#egg"},
				"west": {"uv": [5, 6, 6, 13], "texture": "#egg"},
				"up": {"uv": [5, 6, 10, 7], "texture": "#egg"},
				"down": {"uv": [5, 12, 10, 13], "texture": "#egg"}
			}
		},
		{
			"name": "creeper_spawn_egg_2",
			"from": [4, 1, 7.5],
			"to": [5, 4, 8.5],
			"faces": {
				"north": {"uv": [5, 12, 4, 15], "texture": "#egg"},
				"east": {"uv": [4, 12, 5, 15], "texture": "#egg"},
				"south": {"uv": [4, 12, 5, 15], "texture": "#egg"},
				"west": {"uv": [4, 12, 5, 15], "texture": "#egg"},
				"up": {"uv": [4, 12, 5, 13], "texture": "#egg"},
				"down": {"uv": [4, 14, 5, 15], "texture": "#egg"}
			}
		},
		{
			"name": "creeper_spawn_egg_3",
			"from": [10, 1, 7.5],
			"to": [11, 4, 8.5],
			"faces": {
				"north": {"uv": [11, 12, 10, 15], "texture": "#egg"},
				"east": {"uv": [10, 12, 11, 15], "texture": "#egg"},
				"south": {"uv": [10, 12, 11, 15], "texture": "#egg"},
				"west": {"uv": [10, 12, 11, 15], "texture": "#egg"},
				"up": {"uv": [10, 12, 11, 13], "texture": "#egg"},
				"down": {"uv": [10, 14, 11, 15], "texture": "#egg"}
			}
		},
		{
			"name": "creeper_spawn_egg_4",
			"from": [5, 1, 7.5],
			"to": [7, 3, 8.5],
			"faces": {
				"north": {"uv": [7, 13, 5, 15], "texture": "#egg"},
				"east": {"uv": [6, 13, 7, 15], "texture": "#egg"},
				"south": {"uv": [5, 13, 7, 15], "texture": "#egg"},
				"west": {"uv": [5, 13, 6, 15], "texture": "#egg"},
				"up": {"uv": [5, 13, 7, 14], "texture": "#egg"},
				"down": {"uv": [5, 14, 7, 15], "texture": "#egg"}
			}
		},
		{
			"name": "creeper_spawn_egg_5",
			"from": [8, 1, 7.5],
			"to": [10, 3, 8.5],
			"faces": {
				"north": {"uv": [10, 13, 8, 15], "texture": "#egg"},
				"east": {"uv": [9, 13, 10, 15], "texture": "#egg"},
				"south": {"uv": [8, 13, 10, 15], "texture": "#egg"},
				"west": {"uv": [8, 13, 9, 15], "texture": "#egg"},
				"up": {"uv": [8, 13, 10, 14], "texture": "#egg"},
				"down": {"uv": [8, 14, 10, 15], "texture": "#egg"}
			}
		}
	],
	"gui_light": "front",
	"display": {
		"thirdperson_righthand": {
			"translation": [0, 3, 1],
			"scale": [0.55, 0.55, 0.55]
		},
		"firstperson_righthand": {
			"rotation": [0, -90, 25],
			"translation": [1.13, 3.2, 1.13],
			"scale": [0.68, 0.68, 0.68]
		},
		"ground": {
			"translation": [0, 2, 0],
			"scale": [0.5, 0.5, 0.5]
		},
		"head": {
			"rotation": [0, 180, 0],
			"translation": [0, 13, 7]
		},
		"fixed": {
			"rotation": [0, 180, 0]
		}
	},
	"groups": [
		{
			"name": "creeper_spawn_egg",
			"origin": [8, 8, 8],
			"color": 0,
			"children": [0, 1, 2, 3, 4, 5]
		}
	]
}