{
	"credit": "Made with Blockbench - GrandPappyJay",
	"textures": {
		"particle": "item/dolphin_spawn_egg",
		"egg": "item/dolphin_spawn_egg"
	},
	"elements": [
		{
			"name": "dolphin_spawn_egg_0",
			"from": [7, 7, 7.5],
			"to": [10, 13, 8.5],
			"faces": {
				"north": {"uv": [10, 3, 7, 9], "texture": "#egg"},
				"east": {"uv": [9, 3, 10, 9], "texture": "#egg"},
				"south": {"uv": [7, 3, 10, 9], "texture": "#egg"},
				"west": {"uv": [7, 3, 8, 9], "texture": "#egg"},
				"up": {"uv": [7, 3, 10, 4], "texture": "#egg"},
				"down": {"uv": [7, 8, 10, 9], "texture": "#egg"}
			}
		},
		{
			"name": "dolphin_spawn_egg_1",
			"from": [6, 7, 7.5],
			"to": [7, 12, 8.5],
			"faces": {
				"north": {"uv": [7, 4, 6, 9], "texture": "#egg"},
				"east": {"uv": [6, 4, 7, 9], "texture": "#egg"},
				"south": {"uv": [6, 4, 7, 9], "texture": "#egg"},
				"west": {"uv": [6, 4, 7, 9], "texture": "#egg"},
				"up": {"uv": [6, 4, 7, 5], "texture": "#egg"},
				"down": {"uv": [6, 8, 7, 9], "texture": "#egg"}
			}
		},
		{
			"name": "dolphin_spawn_egg_2",
			"from": [2, 7, 7.5],
			"to": [6, 11, 8.5],
			"faces": {
				"north": {"uv": [6, 5, 2, 9], "texture": "#egg"},
				"east": {"uv": [5, 5, 6, 9], "texture": "#egg"},
				"south": {"uv": [2, 5, 6, 9], "texture": "#egg"},
				"west": {"uv": [2, 5, 3, 9], "texture": "#egg"},
				"up": {"uv": [2, 5, 6, 6], "texture": "#egg"},
				"down": {"uv": [2, 8, 6, 9], "texture": "#egg"}
			}
		},
		{
			"name": "dolphin_spawn_egg_3",
			"from": [10, 6, 7.5],
			"to": [11, 11, 8.5],
			"faces": {
				"north": {"uv": [11, 5, 10, 10], "texture": "#egg"},
				"east": {"uv": [10, 5, 11, 10], "texture": "#egg"},
				"south": {"uv": [10, 5, 11, 10], "texture": "#egg"},
				"west": {"uv": [10, 5, 11, 10], "texture": "#egg"},
				"up": {"uv": [10, 5, 11, 6], "texture": "#egg"},
				"down": {"uv": [10, 9, 11, 10], "texture": "#egg"}
			}
		},
		{
			"name": "dolphin_spawn_egg_4",
			"from": [11, 3, 7.5],
			"to": [12, 10, 8.5],
			"faces": {
				"north": {"uv": [12, 6, 11, 13], "texture": "#egg"},
				"east": {"uv": [11, 6, 12, 13], "texture": "#egg"},
				"south": {"uv": [11, 6, 12, 13], "texture": "#egg"},
				"west": {"uv": [11, 6, 12, 13], "texture": "#egg"},
				"up": {"uv": [11, 6, 12, 7], "texture": "#egg"},
				"down": {"uv": [11, 12, 12, 13], "texture": "#egg"}
			}
		},
		{
			"name": "dolphin_spawn_egg_5",
			"from": [12, 3, 7.5],
			"to": [13, 9, 8.5],
			"faces": {
				"north": {"uv": [13, 7, 12, 13], "texture": "#egg"},
				"east": {"uv": [12, 7, 13, 13], "texture": "#egg"},
				"south": {"uv": [12, 7, 13, 13], "texture": "#egg"},
				"west": {"uv": [12, 7, 13, 13], "texture": "#egg"},
				"up": {"uv": [12, 7, 13, 8], "texture": "#egg"},
				"down": {"uv": [12, 12, 13, 13], "texture": "#egg"}
			}
		},
		{
			"name": "dolphin_spawn_egg_6",
			"from": [1, 7, 7.5],
			"to": [2, 8, 8.5],
			"faces": {
				"north": {"uv": [2, 8, 1, 9], "texture": "#egg"},
				"east": {"uv": [1, 8, 2, 9], "texture": "#egg"},
				"south": {"uv": [1, 8, 2, 9], "texture": "#egg"},
				"west": {"uv": [1, 8, 2, 9], "texture": "#egg"},
				"up": {"uv": [1, 8, 2, 9], "texture": "#egg"},
				"down": {"uv": [1, 8, 2, 9], "texture": "#egg"}
			}
		},
		{
			"name": "dolphin_spawn_egg_7",
			"from": [7, 6, 7.5],
			"to": [9, 7, 8.5],
			"faces": {
				"north": {"uv": [9, 9, 7, 10], "texture": "#egg"},
				"east": {"uv": [8, 9, 9, 10], "texture": "#egg"},
				"south": {"uv": [7, 9, 9, 10], "texture": "#egg"},
				"west": {"uv": [7, 9, 8, 10], "texture": "#egg"},
				"up": {"uv": [7, 9, 9, 10], "texture": "#egg"},
				"down": {"uv": [7, 9, 9, 10], "texture": "#egg"}
			}
		},
		{
			"name": "dolphin_spawn_egg_8",
			"from": [10, 3, 7.5],
			"to": [11, 5, 8.5],
			"faces": {
				"north": {"uv": [11, 11, 10, 13], "texture": "#egg"},
				"east": {"uv": [10, 11, 11, 13], "texture": "#egg"},
				"south": {"uv": [10, 11, 11, 13], "texture": "#egg"},
				"west": {"uv": [10, 11, 11, 13], "texture": "#egg"},
				"up": {"uv": [10, 11, 11, 12], "texture": "#egg"},
				"down": {"uv": [10, 12, 11, 13], "texture": "#egg"}
			}
		},
		{
			"name": "dolphin_spawn_egg_9",
			"from": [13, 3, 7.5],
			"to": [14, 5, 8.5],
			"faces": {
				"north": {"uv": [14, 11, 13, 13], "texture": "#egg"},
				"east": {"uv": [13, 11, 14, 13], "texture": "#egg"},
				"south": {"uv": [13, 11, 14, 13], "texture": "#egg"},
				"west": {"uv": [13, 11, 14, 13], "texture": "#egg"},
				"up": {"uv": [13, 11, 14, 12], "texture": "#egg"},
				"down": {"uv": [13, 12, 14, 13], "texture": "#egg"}
			}
		}
	],
	"gui_light": "front",
	"display": {
		"thirdperson_righthand": {
			"translation": [0, 3, 1],
			"scale": [0.55, 0.55, 0.55]
		},
		"firstperson_righthand": {
			"rotation": [0, -90, 25],
			"translation": [1.13, 3.2, 1.13],
			"scale": [0.68, 0.68, 0.68]
		},
		"ground": {
			"translation": [0, 2, 0],
			"scale": [0.5, 0.5, 0.5]
		},
		"head": {
			"rotation": [0, 180, 0],
			"translation": [0, 13, 7]
		},
		"fixed": {
			"rotation": [0, 180, 0]
		}
	},
	"groups": [
		{
			"name": "dolphin_spawn_egg",
			"origin": [8, 8, 8],
			"color": 0,
			"children": [0, 1, 2, 3, 4, 5, 6, 7, 8, 9]
		}
	]
}