{
	"credit": "Made with Blockbench - GrandPappyJay",
	"textures": {
		"particle": "item/donkey_spawn_egg",
		"egg": "item/donkey_spawn_egg"
	},
	"elements": [
		{
			"name": "donkey_spawn_egg_0",
			"from": [2, 8, 7.5],
			"to": [4, 14, 8.5],
			"faces": {
				"north": {"uv": [4, 2, 2, 8], "texture": "#egg"},
				"east": {"uv": [3, 2, 4, 8], "texture": "#egg"},
				"south": {"uv": [2, 2, 4, 8], "texture": "#egg"},
				"west": {"uv": [2, 2, 3, 8], "texture": "#egg"},
				"up": {"uv": [2, 2, 4, 3], "texture": "#egg"},
				"down": {"uv": [2, 7, 4, 8], "texture": "#egg"}
			}
		},
		{
			"name": "donkey_spawn_egg_1",
			"from": [5, 4, 7.5],
			"to": [7, 14, 8.5],
			"faces": {
				"north": {"uv": [7, 2, 5, 12], "texture": "#egg"},
				"east": {"uv": [6, 2, 7, 12], "texture": "#egg"},
				"south": {"uv": [5, 2, 7, 12], "texture": "#egg"},
				"west": {"uv": [5, 2, 6, 12], "texture": "#egg"},
				"up": {"uv": [5, 2, 7, 3], "texture": "#egg"},
				"down": {"uv": [5, 11, 7, 12], "texture": "#egg"}
			}
		},
		{
			"name": "donkey_spawn_egg_2",
			"from": [4, 1, 7.5],
			"to": [5, 13, 8.5],
			"faces": {
				"north": {"uv": [5, 3, 4, 15], "texture": "#egg"},
				"east": {"uv": [4, 3, 5, 15], "texture": "#egg"},
				"south": {"uv": [4, 3, 5, 15], "texture": "#egg"},
				"west": {"uv": [4, 3, 5, 15], "texture": "#egg"},
				"up": {"uv": [4, 3, 5, 4], "texture": "#egg"},
				"down": {"uv": [4, 14, 5, 15], "texture": "#egg"}
			}
		},
		{
			"name": "donkey_spawn_egg_3",
			"from": [1, 8, 7.5],
			"to": [2, 11, 8.5],
			"faces": {
				"north": {"uv": [2, 5, 1, 8], "texture": "#egg"},
				"east": {"uv": [1, 5, 2, 8], "texture": "#egg"},
				"south": {"uv": [1, 5, 2, 8], "texture": "#egg"},
				"west": {"uv": [1, 5, 2, 8], "texture": "#egg"},
				"up": {"uv": [1, 5, 2, 6], "texture": "#egg"},
				"down": {"uv": [1, 7, 2, 8], "texture": "#egg"}
			}
		},
		{
			"name": "donkey_spawn_egg_4",
			"from": [7, 1, 7.5],
			"to": [8, 10, 8.5],
			"faces": {
				"north": {"uv": [8, 6, 7, 15], "texture": "#egg"},
				"east": {"uv": [7, 6, 8, 15], "texture": "#egg"},
				"south": {"uv": [7, 6, 8, 15], "texture": "#egg"},
				"west": {"uv": [7, 6, 8, 15], "texture": "#egg"},
				"up": {"uv": [7, 6, 8, 7], "texture": "#egg"},
				"down": {"uv": [7, 14, 8, 15], "texture": "#egg"}
			}
		},
		{
			"name": "donkey_spawn_egg_5",
			"from": [3, 1, 7.5],
			"to": [4, 8, 8.5],
			"faces": {
				"north": {"uv": [4, 8, 3, 15], "texture": "#egg"},
				"east": {"uv": [3, 8, 4, 15], "texture": "#egg"},
				"south": {"uv": [3, 8, 4, 15], "texture": "#egg"},
				"west": {"uv": [3, 8, 4, 15], "texture": "#egg"},
				"up": {"uv": [3, 8, 4, 9], "texture": "#egg"},
				"down": {"uv": [3, 14, 4, 15], "texture": "#egg"}
			}
		},
		{
			"name": "donkey_spawn_egg_6",
			"from": [8, 4, 7.5],
			"to": [12, 8, 8.5],
			"faces": {
				"north": {"uv": [12, 8, 8, 12], "texture": "#egg"},
				"east": {"uv": [11, 8, 12, 12], "texture": "#egg"},
				"south": {"uv": [8, 8, 12, 12], "texture": "#egg"},
				"west": {"uv": [8, 8, 9, 12], "texture": "#egg"},
				"up": {"uv": [8, 8, 12, 9], "texture": "#egg"},
				"down": {"uv": [8, 11, 12, 12], "texture": "#egg"}
			}
		},
		{
			"name": "donkey_spawn_egg_7",
			"from": [12, 1, 7.5],
			"to": [13, 7, 8.5],
			"faces": {
				"north": {"uv": [13, 9, 12, 15], "texture": "#egg"},
				"east": {"uv": [12, 9, 13, 15], "texture": "#egg"},
				"south": {"uv": [12, 9, 13, 15], "texture": "#egg"},
				"west": {"uv": [12, 9, 13, 15], "texture": "#egg"},
				"up": {"uv": [12, 9, 13, 10], "texture": "#egg"},
				"down": {"uv": [12, 14, 13, 15], "texture": "#egg"}
			}
		},
		{
			"name": "donkey_spawn_egg_8",
			"from": [13, 4, 7.5],
			"to": [14, 6, 8.5],
			"faces": {
				"north": {"uv": [14, 10, 13, 12], "texture": "#egg"},
				"east": {"uv": [13, 10, 14, 12], "texture": "#egg"},
				"south": {"uv": [13, 10, 14, 12], "texture": "#egg"},
				"west": {"uv": [13, 10, 14, 12], "texture": "#egg"},
				"up": {"uv": [13, 10, 14, 11], "texture": "#egg"},
				"down": {"uv": [13, 11, 14, 12], "texture": "#egg"}
			}
		},
		{
			"name": "donkey_spawn_egg_9",
			"from": [6, 1, 7.5],
			"to": [7, 4, 8.5],
			"faces": {
				"north": {"uv": [7, 12, 6, 15], "texture": "#egg"},
				"east": {"uv": [6, 12, 7, 15], "texture": "#egg"},
				"south": {"uv": [6, 12, 7, 15], "texture": "#egg"},
				"west": {"uv": [6, 12, 7, 15], "texture": "#egg"},
				"up": {"uv": [6, 12, 7, 13], "texture": "#egg"},
				"down": {"uv": [6, 14, 7, 15], "texture": "#egg"}
			}
		},
		{
			"name": "donkey_spawn_egg_10",
			"from": [9, 1, 7.5],
			"to": [12, 4, 8.5],
			"faces": {
				"north": {"uv": [12, 12, 9, 15], "texture": "#egg"},
				"east": {"uv": [11, 12, 12, 15], "texture": "#egg"},
				"south": {"uv": [9, 12, 12, 15], "texture": "#egg"},
				"west": {"uv": [9, 12, 10, 15], "texture": "#egg"},
				"up": {"uv": [9, 12, 12, 13], "texture": "#egg"},
				"down": {"uv": [9, 14, 12, 15], "texture": "#egg"}
			}
		}
	],
	"gui_light": "front",
	"display": {
		"thirdperson_righthand": {
			"translation": [0, 3, 1],
			"scale": [0.55, 0.55, 0.55]
		},
		"firstperson_righthand": {
			"rotation": [0, -90, 25],
			"translation": [1.13, 3.2, 1.13],
			"scale": [0.68, 0.68, 0.68]
		},
		"ground": {
			"translation": [0, 2, 0],
			"scale": [0.5, 0.5, 0.5]
		},
		"head": {
			"rotation": [0, 180, 0],
			"translation": [0, 13, 7]
		},
		"fixed": {
			"rotation": [0, 180, 0]
		}
	},
	"groups": [
		{
			"name": "donkey_spawn_egg",
			"origin": [8, 8, 8],
			"color": 0,
			"children": [0, 1, 2, 3, 4, 5, 6, 7, 8, 9, 10]
		}
	]
}