{
	"credit": "Made with Blockbench - GrandPappyJay",
	"textures": {
		"particle": "item/enderman_spawn_egg",
		"egg": "item/enderman_spawn_egg"
	},
	"elements": [
		{
			"name": "enderman_spawn_egg_0",
			"from": [4, 6, 7.5],
			"to": [11, 16, 8.5],
			"faces": {
				"north": {"uv": [11, 0, 4, 10], "texture": "#egg"},
				"east": {"uv": [10, 0, 11, 10], "texture": "#egg"},
				"south": {"uv": [4, 0, 11, 10], "texture": "#egg"},
				"west": {"uv": [4, 0, 5, 10], "texture": "#egg"},
				"up": {"uv": [4, 0, 11, 1], "texture": "#egg"},
				"down": {"uv": [4, 9, 11, 10], "texture": "#egg"}
			}
		},
		{
			"name": "enderman_spawn_egg_1",
			"from": [3, 2, 7.5],
			"to": [4, 11, 8.5],
			"faces": {
				"north": {"uv": [4, 5, 3, 14], "texture": "#egg"},
				"east": {"uv": [3, 5, 4, 14], "texture": "#egg"},
				"south": {"uv": [3, 5, 4, 14], "texture": "#egg"},
				"west": {"uv": [3, 5, 4, 14], "texture": "#egg"},
				"up": {"uv": [3, 5, 4, 6], "texture": "#egg"},
				"down": {"uv": [3, 13, 4, 14], "texture": "#egg"}
			}
		},
		{
			"name": "enderman_spawn_egg_2",
			"from": [11, 2, 7.5],
			"to": [12, 11, 8.5],
			"faces": {
				"north": {"uv": [12, 5, 11, 14], "texture": "#egg"},
				"east": {"uv": [11, 5, 12, 14], "texture": "#egg"},
				"south": {"uv": [11, 5, 12, 14], "texture": "#egg"},
				"west": {"uv": [11, 5, 12, 14], "texture": "#egg"},
				"up": {"uv": [11, 5, 12, 6], "texture": "#egg"},
				"down": {"uv": [11, 13, 12, 14], "texture": "#egg"}
			}
		},
		{
			"name": "enderman_spawn_egg_3",
			"from": [4, 2, 7.5],
			"to": [7, 6, 8.5],
			"faces": {
				"north": {"uv": [7, 10, 4, 14], "texture": "#egg"},
				"east": {"uv": [6, 10, 7, 14], "texture": "#egg"},
				"south": {"uv": [4, 10, 7, 14], "texture": "#egg"},
				"west": {"uv": [4, 10, 5, 14], "texture": "#egg"},
				"up": {"uv": [4, 10, 7, 11], "texture": "#egg"},
				"down": {"uv": [4, 13, 7, 14], "texture": "#egg"}
			}
		},
		{
			"name": "enderman_spawn_egg_4",
			"from": [8, 2, 7.5],
			"to": [11, 6, 8.5],
			"faces": {
				"north": {"uv": [11, 10, 8, 14], "texture": "#egg"},
				"east": {"uv": [10, 10, 11, 14], "texture": "#egg"},
				"south": {"uv": [8, 10, 11, 14], "texture": "#egg"},
				"west": {"uv": [8, 10, 9, 14], "texture": "#egg"},
				"up": {"uv": [8, 10, 11, 11], "texture": "#egg"},
				"down": {"uv": [8, 13, 11, 14], "texture": "#egg"}
			}
		},
		{
			"name": "enderman_spawn_egg_5",
			"from": [5, 0, 7.5],
			"to": [7, 2, 8.5],
			"faces": {
				"north": {"uv": [7, 14, 5, 16], "texture": "#egg"},
				"east": {"uv": [6, 14, 7, 16], "texture": "#egg"},
				"south": {"uv": [5, 14, 7, 16], "texture": "#egg"},
				"west": {"uv": [5, 14, 6, 16], "texture": "#egg"},
				"up": {"uv": [5, 14, 7, 15], "texture": "#egg"},
				"down": {"uv": [5, 15, 7, 16], "texture": "#egg"}
			}
		},
		{
			"name": "enderman_spawn_egg_6",
			"from": [8, 0, 7.5],
			"to": [10, 2, 8.5],
			"faces": {
				"north": {"uv": [10, 14, 8, 16], "texture": "#egg"},
				"east": {"uv": [9, 14, 10, 16], "texture": "#egg"},
				"south": {"uv": [8, 14, 10, 16], "texture": "#egg"},
				"west": {"uv": [8, 14, 9, 16], "texture": "#egg"},
				"up": {"uv": [8, 14, 10, 15], "texture": "#egg"},
				"down": {"uv": [8, 15, 10, 16], "texture": "#egg"}
			}
		}
	],
	"gui_light": "front",
	"display": {
		"thirdperson_righthand": {
			"translation": [0, 3, 1],
			"scale": [0.55, 0.55, 0.55]
		},
		"firstperson_righthand": {
			"rotation": [0, -90, 25],
			"translation": [1.13, 3.2, 1.13],
			"scale": [0.68, 0.68, 0.68]
		},
		"ground": {
			"translation": [0, 2, 0],
			"scale": [0.5, 0.5, 0.5]
		},
		"head": {
			"rotation": [0, 180, 0],
			"translation": [0, 13, 7]
		},
		"fixed": {
			"rotation": [0, 180, 0]
		}
	},
	"groups": [
		{
			"name": "enderman_spawn_egg",
			"origin": [8, 8, 8],
			"color": 0,
			"children": [0, 1, 2, 3, 4, 5, 6]
		}
	]
}