{
	"credit": "Made with Blockbench - GrandPappyJay",
	"textures": {
		"particle": "item/endermite_spawn_egg",
		"egg": "item/endermite_spawn_egg"
	},
	"elements": [
		{
			"name": "endermite_spawn_egg_0",
			"from": [3, 2, 7.5],
			"to": [10, 7, 8.5],
			"faces": {
				"north": {"uv": [10, 9, 3, 14], "texture": "#egg"},
				"east": {"uv": [9, 9, 10, 14], "texture": "#egg"},
				"south": {"uv": [3, 9, 10, 14], "texture": "#egg"},
				"west": {"uv": [3, 9, 4, 14], "texture": "#egg"},
				"up": {"uv": [3, 9, 10, 10], "texture": "#egg"},
				"down": {"uv": [3, 13, 10, 14], "texture": "#egg"}
			}
		},
		{
			"name": "endermite_spawn_egg_1",
			"from": [2, 2, 7.5],
			"to": [3, 6, 8.5],
			"faces": {
				"north": {"uv": [3, 10, 2, 14], "texture": "#egg"},
				"east": {"uv": [2, 10, 3, 14], "texture": "#egg"},
				"south": {"uv": [2, 10, 3, 14], "texture": "#egg"},
				"west": {"uv": [2, 10, 3, 14], "texture": "#egg"},
				"up": {"uv": [2, 10, 3, 11], "texture": "#egg"},
				"down": {"uv": [2, 13, 3, 14], "texture": "#egg"}
			}
		},
		{
			"name": "endermite_spawn_egg_2",
			"from": [10, 2, 7.5],
			"to": [12, 6, 8.5],
			"faces": {
				"north": {"uv": [12, 10, 10, 14], "texture": "#egg"},
				"east": {"uv": [11, 10, 12, 14], "texture": "#egg"},
				"south": {"uv": [10, 10, 12, 14], "texture": "#egg"},
				"west": {"uv": [10, 10, 11, 14], "texture": "#egg"},
				"up": {"uv": [10, 10, 12, 11], "texture": "#egg"},
				"down": {"uv": [10, 13, 12, 14], "texture": "#egg"}
			}
		},
		{
			"name": "endermite_spawn_egg_3",
			"from": [12, 2, 7.5],
			"to": [14, 5, 8.5],
			"faces": {
				"north": {"uv": [14, 11, 12, 14], "texture": "#egg"},
				"east": {"uv": [13, 11, 14, 14], "texture": "#egg"},
				"south": {"uv": [12, 11, 14, 14], "texture": "#egg"},
				"west": {"uv": [12, 11, 13, 14], "texture": "#egg"},
				"up": {"uv": [12, 11, 14, 12], "texture": "#egg"},
				"down": {"uv": [12, 13, 14, 14], "texture": "#egg"}
			}
		}
	],
	"gui_light": "front",
	"display": {
		"thirdperson_righthand": {
			"translation": [0, 3, 1],
			"scale": [0.55, 0.55, 0.55]
		},
		"firstperson_righthand": {
			"rotation": [0, -90, 25],
			"translation": [1.13, 3.2, 1.13],
			"scale": [0.68, 0.68, 0.68]
		},
		"ground": {
			"translation": [0, 2, 0],
			"scale": [0.5, 0.5, 0.5]
		},
		"head": {
			"rotation": [0, 180, 0],
			"translation": [0, 13, 7]
		},
		"fixed": {
			"rotation": [0, 180, 0]
		}
	},
	"groups": [
		{
			"name": "endermite_spawn_egg",
			"origin": [8, 8, 8],
			"color": 0,
			"children": [0, 1, 2, 3]
		}
	]
}