{
	"credit": "Made with Blockbench - GrandPappyJay",
	"textures": {
		"particle": "item/fox_spawn_egg",
		"egg": "item/fox_spawn_egg"
	},
	"elements": [
		{
			"name": "fox_spawn_egg_0",
			"from": [1, 4, 7.5],
			"to": [3, 10, 8.5],
			"faces": {
				"north": {"uv": [3, 6, 1, 12], "texture": "#egg"},
				"east": {"uv": [2, 6, 3, 12], "texture": "#egg"},
				"south": {"uv": [1, 6, 3, 12], "texture": "#egg"},
				"west": {"uv": [1, 6, 2, 12], "texture": "#egg"},
				"up": {"uv": [1, 6, 3, 7], "texture": "#egg"},
				"down": {"uv": [1, 11, 3, 12], "texture": "#egg"}
			}
		},
		{
			"name": "fox_spawn_egg_1",
			"from": [4, 3, 7.5],
			"to": [6, 10, 8.5],
			"faces": {
				"north": {"uv": [6, 6, 4, 13], "texture": "#egg"},
				"east": {"uv": [5, 6, 6, 13], "texture": "#egg"},
				"south": {"uv": [4, 6, 6, 13], "texture": "#egg"},
				"west": {"uv": [4, 6, 5, 13], "texture": "#egg"},
				"up": {"uv": [4, 6, 6, 7], "texture": "#egg"},
				"down": {"uv": [4, 12, 6, 13], "texture": "#egg"}
			}
		},
		{
			"name": "fox_spawn_egg_2",
			"from": [3, 1, 7.5],
			"to": [4, 8, 8.5],
			"faces": {
				"north": {"uv": [4, 8, 3, 15], "texture": "#egg"},
				"east": {"uv": [3, 8, 4, 15], "texture": "#egg"},
				"south": {"uv": [3, 8, 4, 15], "texture": "#egg"},
				"west": {"uv": [3, 8, 4, 15], "texture": "#egg"},
				"up": {"uv": [3, 8, 4, 9], "texture": "#egg"},
				"down": {"uv": [3, 14, 4, 15], "texture": "#egg"}
			}
		},
		{
			"name": "fox_spawn_egg_3",
			"from": [9, 5, 7.5],
			"to": [16, 8, 8.5],
			"faces": {
				"north": {"uv": [16, 8, 9, 11], "texture": "#egg"},
				"east": {"uv": [15, 8, 16, 11], "texture": "#egg"},
				"south": {"uv": [9, 8, 16, 11], "texture": "#egg"},
				"west": {"uv": [9, 8, 10, 11], "texture": "#egg"},
				"up": {"uv": [9, 8, 16, 9], "texture": "#egg"},
				"down": {"uv": [9, 10, 16, 11], "texture": "#egg"}
			}
		},
		{
			"name": "fox_spawn_egg_4",
			"from": [6, 3, 7.5],
			"to": [9, 7, 8.5],
			"faces": {
				"north": {"uv": [9, 9, 6, 13], "texture": "#egg"},
				"east": {"uv": [8, 9, 9, 13], "texture": "#egg"},
				"south": {"uv": [6, 9, 9, 13], "texture": "#egg"},
				"west": {"uv": [6, 9, 7, 13], "texture": "#egg"},
				"up": {"uv": [6, 9, 9, 10], "texture": "#egg"},
				"down": {"uv": [6, 12, 9, 13], "texture": "#egg"}
			}
		},
		{
			"name": "fox_spawn_egg_5",
			"from": [0, 4, 7.5],
			"to": [1, 6, 8.5],
			"faces": {
				"north": {"uv": [1, 10, 0, 12], "texture": "#egg"},
				"east": {"uv": [0, 10, 1, 12], "texture": "#egg"},
				"south": {"uv": [0, 10, 1, 12], "texture": "#egg"},
				"west": {"uv": [0, 10, 1, 12], "texture": "#egg"},
				"up": {"uv": [0, 10, 1, 11], "texture": "#egg"},
				"down": {"uv": [0, 11, 1, 12], "texture": "#egg"}
			}
		},
		{
			"name": "fox_spawn_egg_6",
			"from": [9, 3, 7.5],
			"to": [11, 5, 8.5],
			"faces": {
				"north": {"uv": [11, 11, 9, 13], "texture": "#egg"},
				"east": {"uv": [10, 11, 11, 13], "texture": "#egg"},
				"south": {"uv": [9, 11, 11, 13], "texture": "#egg"},
				"west": {"uv": [9, 11, 10, 13], "texture": "#egg"},
				"up": {"uv": [9, 11, 11, 12], "texture": "#egg"},
				"down": {"uv": [9, 12, 11, 13], "texture": "#egg"}
			}
		},
		{
			"name": "fox_spawn_egg_7",
			"from": [5, 1, 7.5],
			"to": [6, 3, 8.5],
			"faces": {
				"north": {"uv": [6, 13, 5, 15], "texture": "#egg"},
				"east": {"uv": [5, 13, 6, 15], "texture": "#egg"},
				"south": {"uv": [5, 13, 6, 15], "texture": "#egg"},
				"west": {"uv": [5, 13, 6, 15], "texture": "#egg"},
				"up": {"uv": [5, 13, 6, 14], "texture": "#egg"},
				"down": {"uv": [5, 14, 6, 15], "texture": "#egg"}
			}
		},
		{
			"name": "fox_spawn_egg_8",
			"from": [8, 1, 7.5],
			"to": [9, 3, 8.5],
			"faces": {
				"north": {"uv": [9, 13, 8, 15], "texture": "#egg"},
				"east": {"uv": [8, 13, 9, 15], "texture": "#egg"},
				"south": {"uv": [8, 13, 9, 15], "texture": "#egg"},
				"west": {"uv": [8, 13, 9, 15], "texture": "#egg"},
				"up": {"uv": [8, 13, 9, 14], "texture": "#egg"},
				"down": {"uv": [8, 14, 9, 15], "texture": "#egg"}
			}
		},
		{
			"name": "fox_spawn_egg_9",
			"from": [10, 1, 7.5],
			"to": [11, 3, 8.5],
			"faces": {
				"north": {"uv": [11, 13, 10, 15], "texture": "#egg"},
				"east": {"uv": [10, 13, 11, 15], "texture": "#egg"},
				"south": {"uv": [10, 13, 11, 15], "texture": "#egg"},
				"west": {"uv": [10, 13, 11, 15], "texture": "#egg"},
				"up": {"uv": [10, 13, 11, 14], "texture": "#egg"},
				"down": {"uv": [10, 14, 11, 15], "texture": "#egg"}
			}
		}
	],
	"gui_light": "front",
	"display": {
		"thirdperson_righthand": {
			"translation": [0, 3, 1],
			"scale": [0.55, 0.55, 0.55]
		},
		"firstperson_righthand": {
			"rotation": [0, -90, 25],
			"translation": [1.13, 3.2, 1.13],
			"scale": [0.68, 0.68, 0.68]
		},
		"ground": {
			"translation": [0, 2, 0],
			"scale": [0.5, 0.5, 0.5]
		},
		"head": {
			"rotation": [0, 180, 0],
			"translation": [0, 13, 7]
		},
		"fixed": {
			"rotation": [0, 180, 0]
		}
	},
	"groups": [
		{
			"name": "fox_spawn_egg",
			"origin": [8, 8, 8],
			"color": 0,
			"children": [0, 1, 2, 3, 4, 5, 6, 7, 8, 9]
		}
	]
}