{
	"credit": "Made with Blockbench - GrandPappyJay",
	"textures": {
		"particle": "item/ghast_spawn_egg",
		"egg": "item/ghast_spawn_egg"
	},
	"elements": [
		{
			"name": "ghast_spawn_egg_0",
			"from": [2, 5, 7.5],
			"to": [14, 14, 8.5],
			"faces": {
				"north": {"uv": [14, 2, 2, 11], "texture": "#egg"},
				"east": {"uv": [13, 2, 14, 11], "texture": "#egg"},
				"south": {"uv": [2, 2, 14, 11], "texture": "#egg"},
				"west": {"uv": [2, 2, 3, 11], "texture": "#egg"},
				"up": {"uv": [2, 2, 14, 3], "texture": "#egg"},
				"down": {"uv": [2, 10, 14, 11], "texture": "#egg"}
			}
		},
		{
			"name": "ghast_spawn_egg_1",
			"from": [3, 2, 7.5],
			"to": [13, 5, 8.5],
			"faces": {
				"north": {"uv": [13, 11, 3, 14], "texture": "#egg"},
				"east": {"uv": [12, 11, 13, 14], "texture": "#egg"},
				"south": {"uv": [3, 11, 13, 14], "texture": "#egg"},
				"west": {"uv": [3, 11, 4, 14], "texture": "#egg"},
				"up": {"uv": [3, 11, 13, 12], "texture": "#egg"},
				"down": {"uv": [3, 13, 13, 14], "texture": "#egg"}
			}
		},
		{
			"name": "ghast_spawn_egg_2",
			"from": [13, 1, 7.5],
			"to": [14, 3, 8.5],
			"faces": {
				"north": {"uv": [14, 13, 13, 15], "texture": "#egg"},
				"east": {"uv": [13, 13, 14, 15], "texture": "#egg"},
				"south": {"uv": [13, 13, 14, 15], "texture": "#egg"},
				"west": {"uv": [13, 13, 14, 15], "texture": "#egg"},
				"up": {"uv": [13, 13, 14, 14], "texture": "#egg"},
				"down": {"uv": [13, 14, 14, 15], "texture": "#egg"}
			}
		},
		{
			"name": "ghast_spawn_egg_3",
			"from": [4, 1, 7.5],
			"to": [7, 2, 8.5],
			"faces": {
				"north": {"uv": [7, 14, 4, 15], "texture": "#egg"},
				"east": {"uv": [6, 14, 7, 15], "texture": "#egg"},
				"south": {"uv": [4, 14, 7, 15], "texture": "#egg"},
				"west": {"uv": [4, 14, 5, 15], "texture": "#egg"},
				"up": {"uv": [4, 14, 7, 15], "texture": "#egg"},
				"down": {"uv": [4, 14, 7, 15], "texture": "#egg"}
			}
		},
		{
			"name": "ghast_spawn_egg_4",
			"from": [9, 1, 7.5],
			"to": [11, 2, 8.5],
			"faces": {
				"north": {"uv": [11, 14, 9, 15], "texture": "#egg"},
				"east": {"uv": [10, 14, 11, 15], "texture": "#egg"},
				"south": {"uv": [9, 14, 11, 15], "texture": "#egg"},
				"west": {"uv": [9, 14, 10, 15], "texture": "#egg"},
				"up": {"uv": [9, 14, 11, 15], "texture": "#egg"},
				"down": {"uv": [9, 14, 11, 15], "texture": "#egg"}
			}
		},
		{
			"name": "ghast_spawn_egg_5",
			"from": [12, 1, 7.5],
			"to": [13, 2, 8.5],
			"faces": {
				"north": {"uv": [13, 14, 12, 15], "texture": "#egg"},
				"east": {"uv": [12, 14, 13, 15], "texture": "#egg"},
				"south": {"uv": [12, 14, 13, 15], "texture": "#egg"},
				"west": {"uv": [12, 14, 13, 15], "texture": "#egg"},
				"up": {"uv": [12, 14, 13, 15], "texture": "#egg"},
				"down": {"uv": [12, 14, 13, 15], "texture": "#egg"}
			}
		}
	],
	"gui_light": "front",
	"display": {
		"thirdperson_righthand": {
			"translation": [0, 3, 1],
			"scale": [0.55, 0.55, 0.55]
		},
		"firstperson_righthand": {
			"rotation": [0, -90, 25],
			"translation": [1.13, 3.2, 1.13],
			"scale": [0.68, 0.68, 0.68]
		},
		"ground": {
			"translation": [0, 2, 0],
			"scale": [0.5, 0.5, 0.5]
		},
		"head": {
			"rotation": [0, 180, 0],
			"translation": [0, 13, 7]
		},
		"fixed": {
			"rotation": [0, 180, 0]
		}
	},
	"groups": [
		{
			"name": "ghast_spawn_egg",
			"origin": [8, 8, 8],
			"color": 0,
			"children": [0, 1, 2, 3, 4, 5]
		}
	]
}