{
	"credit": "Made with Blockbench - GrandPappyJay",
	"textures": {
		"particle": "item/goat_spawn_egg",
		"egg": "item/goat_spawn_egg"
	},
	"elements": [
		{
			"name": "goat_spawn_egg_0",
			"from": [3, 1, 7.5],
			"to": [5, 16, 8.5],
			"faces": {
				"north": {"uv": [5, 0, 3, 15], "texture": "#egg"},
				"east": {"uv": [4, 0, 5, 15], "texture": "#egg"},
				"south": {"uv": [3, 0, 5, 15], "texture": "#egg"},
				"west": {"uv": [3, 0, 4, 15], "texture": "#egg"},
				"up": {"uv": [3, 0, 5, 1], "texture": "#egg"},
				"down": {"uv": [3, 14, 5, 15], "texture": "#egg"}
			}
		},
		{
			"name": "goat_spawn_egg_1",
			"from": [6, 1, 7.5],
			"to": [8, 16, 8.5],
			"faces": {
				"north": {"uv": [8, 0, 6, 15], "texture": "#egg"},
				"east": {"uv": [7, 0, 8, 15], "texture": "#egg"},
				"south": {"uv": [6, 0, 8, 15], "texture": "#egg"},
				"west": {"uv": [6, 0, 7, 15], "texture": "#egg"},
				"up": {"uv": [6, 0, 8, 1], "texture": "#egg"},
				"down": {"uv": [6, 14, 8, 15], "texture": "#egg"}
			}
		},
		{
			"name": "goat_spawn_egg_2",
			"from": [1, 12, 7.5],
			"to": [3, 13, 8.5],
			"faces": {
				"north": {"uv": [3, 3, 1, 4], "texture": "#egg"},
				"east": {"uv": [2, 3, 3, 4], "texture": "#egg"},
				"south": {"uv": [1, 3, 3, 4], "texture": "#egg"},
				"west": {"uv": [1, 3, 2, 4], "texture": "#egg"},
				"up": {"uv": [1, 3, 3, 4], "texture": "#egg"},
				"down": {"uv": [1, 3, 3, 4], "texture": "#egg"}
			}
		},
		{
			"name": "goat_spawn_egg_3",
			"from": [5, 4, 7.5],
			"to": [6, 13, 8.5],
			"faces": {
				"north": {"uv": [6, 3, 5, 12], "texture": "#egg"},
				"east": {"uv": [5, 3, 6, 12], "texture": "#egg"},
				"south": {"uv": [5, 3, 6, 12], "texture": "#egg"},
				"west": {"uv": [5, 3, 6, 12], "texture": "#egg"},
				"up": {"uv": [5, 3, 6, 4], "texture": "#egg"},
				"down": {"uv": [5, 11, 6, 12], "texture": "#egg"}
			}
		},
		{
			"name": "goat_spawn_egg_4",
			"from": [8, 12, 7.5],
			"to": [10, 13, 8.5],
			"faces": {
				"north": {"uv": [10, 3, 8, 4], "texture": "#egg"},
				"east": {"uv": [9, 3, 10, 4], "texture": "#egg"},
				"south": {"uv": [8, 3, 10, 4], "texture": "#egg"},
				"west": {"uv": [8, 3, 9, 4], "texture": "#egg"},
				"up": {"uv": [8, 3, 10, 4], "texture": "#egg"},
				"down": {"uv": [8, 3, 10, 4], "texture": "#egg"}
			}
		},
		{
			"name": "goat_spawn_egg_5",
			"from": [2, 7, 7.5],
			"to": [3, 12, 8.5],
			"faces": {
				"north": {"uv": [3, 4, 2, 9], "texture": "#egg"},
				"east": {"uv": [2, 4, 3, 9], "texture": "#egg"},
				"south": {"uv": [2, 4, 3, 9], "texture": "#egg"},
				"west": {"uv": [2, 4, 3, 9], "texture": "#egg"},
				"up": {"uv": [2, 4, 3, 5], "texture": "#egg"},
				"down": {"uv": [2, 8, 3, 9], "texture": "#egg"}
			}
		},
		{
			"name": "goat_spawn_egg_6",
			"from": [8, 3, 7.5],
			"to": [9, 12, 8.5],
			"faces": {
				"north": {"uv": [9, 4, 8, 13], "texture": "#egg"},
				"east": {"uv": [8, 4, 9, 13], "texture": "#egg"},
				"south": {"uv": [8, 4, 9, 13], "texture": "#egg"},
				"west": {"uv": [8, 4, 9, 13], "texture": "#egg"},
				"up": {"uv": [8, 4, 9, 5], "texture": "#egg"},
				"down": {"uv": [8, 12, 9, 13], "texture": "#egg"}
			}
		},
		{
			"name": "goat_spawn_egg_7",
			"from": [9, 1, 7.5],
			"to": [12, 10, 8.5],
			"faces": {
				"north": {"uv": [12, 6, 9, 15], "texture": "#egg"},
				"east": {"uv": [11, 6, 12, 15], "texture": "#egg"},
				"south": {"uv": [9, 6, 12, 15], "texture": "#egg"},
				"west": {"uv": [9, 6, 10, 15], "texture": "#egg"},
				"up": {"uv": [9, 6, 12, 7], "texture": "#egg"},
				"down": {"uv": [9, 14, 12, 15], "texture": "#egg"}
			}
		},
		{
			"name": "goat_spawn_egg_8",
			"from": [12, 1, 7.5],
			"to": [13, 9, 8.5],
			"faces": {
				"north": {"uv": [13, 7, 12, 15], "texture": "#egg"},
				"east": {"uv": [12, 7, 13, 15], "texture": "#egg"},
				"south": {"uv": [12, 7, 13, 15], "texture": "#egg"},
				"west": {"uv": [12, 7, 13, 15], "texture": "#egg"},
				"up": {"uv": [12, 7, 13, 8], "texture": "#egg"},
				"down": {"uv": [12, 14, 13, 15], "texture": "#egg"}
			}
		},
		{
			"name": "goat_spawn_egg_9",
			"from": [13, 3, 7.5],
			"to": [14, 8, 8.5],
			"faces": {
				"north": {"uv": [14, 8, 13, 13], "texture": "#egg"},
				"east": {"uv": [13, 8, 14, 13], "texture": "#egg"},
				"south": {"uv": [13, 8, 14, 13], "texture": "#egg"},
				"west": {"uv": [13, 8, 14, 13], "texture": "#egg"},
				"up": {"uv": [13, 8, 14, 9], "texture": "#egg"},
				"down": {"uv": [13, 12, 14, 13], "texture": "#egg"}
			}
		}
	],
	"gui_light": "front",
	"display": {
		"thirdperson_righthand": {
			"translation": [0, 3, 1],
			"scale": [0.55, 0.55, 0.55]
		},
		"firstperson_righthand": {
			"rotation": [0, -90, 25],
			"translation": [1.13, 3.2, 1.13],
			"scale": [0.68, 0.68, 0.68]
		},
		"ground": {
			"translation": [0, 2, 0],
			"scale": [0.5, 0.5, 0.5]
		},
		"head": {
			"rotation": [0, 180, 0],
			"translation": [0, 13, 7]
		},
		"fixed": {
			"rotation": [0, 180, 0]
		}
	},
	"groups": [
		{
			"name": "goat_spawn_egg",
			"origin": [8, 8, 8],
			"color": 0,
			"children": [0, 1, 2, 3, 4, 5, 6, 7, 8, 9]
		}
	]
}