{
	"credit": "Made with Blockbench - GrandPappyJay",
	"textures": {
		"particle": "item/guardian_spawn_egg",
		"egg": "item/guardian_spawn_egg"
	},
	"elements": [
		{
			"name": "guardian_spawn_egg_0",
			"from": [2, 14, 7.5],
			"to": [4, 16, 8.5],
			"faces": {
				"north": {"uv": [4, 0, 2, 2], "texture": "#egg"},
				"east": {"uv": [3, 0, 4, 2], "texture": "#egg"},
				"south": {"uv": [2, 0, 4, 2], "texture": "#egg"},
				"west": {"uv": [2, 0, 3, 2], "texture": "#egg"},
				"up": {"uv": [2, 0, 4, 1], "texture": "#egg"},
				"down": {"uv": [2, 1, 4, 2], "texture": "#egg"}
			}
		},
		{
			"name": "guardian_spawn_egg_1",
			"from": [12, 14, 7.5],
			"to": [14, 16, 8.5],
			"faces": {
				"north": {"uv": [14, 0, 12, 2], "texture": "#egg"},
				"east": {"uv": [13, 0, 14, 2], "texture": "#egg"},
				"south": {"uv": [12, 0, 14, 2], "texture": "#egg"},
				"west": {"uv": [12, 0, 13, 2], "texture": "#egg"},
				"up": {"uv": [12, 0, 14, 1], "texture": "#egg"},
				"down": {"uv": [12, 1, 14, 2], "texture": "#egg"}
			}
		},
		{
			"name": "guardian_spawn_egg_2",
			"from": [4, 0, 7.5],
			"to": [5, 15, 8.5],
			"faces": {
				"north": {"uv": [5, 1, 4, 16], "texture": "#egg"},
				"east": {"uv": [4, 1, 5, 16], "texture": "#egg"},
				"south": {"uv": [4, 1, 5, 16], "texture": "#egg"},
				"west": {"uv": [4, 1, 5, 16], "texture": "#egg"},
				"up": {"uv": [4, 1, 5, 2], "texture": "#egg"},
				"down": {"uv": [4, 15, 5, 16], "texture": "#egg"}
			}
		},
		{
			"name": "guardian_spawn_egg_3",
			"from": [11, 1, 7.5],
			"to": [12, 15, 8.5],
			"faces": {
				"north": {"uv": [12, 1, 11, 15], "texture": "#egg"},
				"east": {"uv": [11, 1, 12, 15], "texture": "#egg"},
				"south": {"uv": [11, 1, 12, 15], "texture": "#egg"},
				"west": {"uv": [11, 1, 12, 15], "texture": "#egg"},
				"up": {"uv": [11, 1, 12, 2], "texture": "#egg"},
				"down": {"uv": [11, 14, 12, 15], "texture": "#egg"}
			}
		},
		{
			"name": "guardian_spawn_egg_4",
			"from": [3, 3, 7.5],
			"to": [4, 14, 8.5],
			"faces": {
				"north": {"uv": [4, 2, 3, 13], "texture": "#egg"},
				"east": {"uv": [3, 2, 4, 13], "texture": "#egg"},
				"south": {"uv": [3, 2, 4, 13], "texture": "#egg"},
				"west": {"uv": [3, 2, 4, 13], "texture": "#egg"},
				"up": {"uv": [3, 2, 4, 3], "texture": "#egg"},
				"down": {"uv": [3, 12, 4, 13], "texture": "#egg"}
			}
		},
		{
			"name": "guardian_spawn_egg_5",
			"from": [5, 1, 7.5],
			"to": [6, 14, 8.5],
			"faces": {
				"north": {"uv": [6, 2, 5, 15], "texture": "#egg"},
				"east": {"uv": [5, 2, 6, 15], "texture": "#egg"},
				"south": {"uv": [5, 2, 6, 15], "texture": "#egg"},
				"west": {"uv": [5, 2, 6, 15], "texture": "#egg"},
				"up": {"uv": [5, 2, 6, 3], "texture": "#egg"},
				"down": {"uv": [5, 14, 6, 15], "texture": "#egg"}
			}
		},
		{
			"name": "guardian_spawn_egg_6",
			"from": [10, 2, 7.5],
			"to": [11, 14, 8.5],
			"faces": {
				"north": {"uv": [11, 2, 10, 14], "texture": "#egg"},
				"east": {"uv": [10, 2, 11, 14], "texture": "#egg"},
				"south": {"uv": [10, 2, 11, 14], "texture": "#egg"},
				"west": {"uv": [10, 2, 11, 14], "texture": "#egg"},
				"up": {"uv": [10, 2, 11, 3], "texture": "#egg"},
				"down": {"uv": [10, 13, 11, 14], "texture": "#egg"}
			}
		},
		{
			"name": "guardian_spawn_egg_7",
			"from": [12, 0, 7.5],
			"to": [13, 14, 8.5],
			"faces": {
				"north": {"uv": [13, 2, 12, 16], "texture": "#egg"},
				"east": {"uv": [12, 2, 13, 16], "texture": "#egg"},
				"south": {"uv": [12, 2, 13, 16], "texture": "#egg"},
				"west": {"uv": [12, 2, 13, 16], "texture": "#egg"},
				"up": {"uv": [12, 2, 13, 3], "texture": "#egg"},
				"down": {"uv": [12, 15, 13, 16], "texture": "#egg"}
			}
		},
		{
			"name": "guardian_spawn_egg_8",
			"from": [1, 3, 7.5],
			"to": [3, 13, 8.5],
			"faces": {
				"north": {"uv": [3, 3, 1, 13], "texture": "#egg"},
				"east": {"uv": [2, 3, 3, 13], "texture": "#egg"},
				"south": {"uv": [1, 3, 3, 13], "texture": "#egg"},
				"west": {"uv": [1, 3, 2, 13], "texture": "#egg"},
				"up": {"uv": [1, 3, 3, 4], "texture": "#egg"},
				"down": {"uv": [1, 12, 3, 13], "texture": "#egg"}
			}
		},
		{
			"name": "guardian_spawn_egg_9",
			"from": [6, 3, 7.5],
			"to": [10, 13, 8.5],
			"faces": {
				"north": {"uv": [10, 3, 6, 13], "texture": "#egg"},
				"east": {"uv": [9, 3, 10, 13], "texture": "#egg"},
				"south": {"uv": [6, 3, 10, 13], "texture": "#egg"},
				"west": {"uv": [6, 3, 7, 13], "texture": "#egg"},
				"up": {"uv": [6, 3, 10, 4], "texture": "#egg"},
				"down": {"uv": [6, 12, 10, 13], "texture": "#egg"}
			}
		},
		{
			"name": "guardian_spawn_egg_10",
			"from": [13, 3, 7.5],
			"to": [15, 13, 8.5],
			"faces": {
				"north": {"uv": [15, 3, 13, 13], "texture": "#egg"},
				"east": {"uv": [14, 3, 15, 13], "texture": "#egg"},
				"south": {"uv": [13, 3, 15, 13], "texture": "#egg"},
				"west": {"uv": [13, 3, 14, 13], "texture": "#egg"},
				"up": {"uv": [13, 3, 15, 4], "texture": "#egg"},
				"down": {"uv": [13, 12, 15, 13], "texture": "#egg"}
			}
		},
		{
			"name": "guardian_spawn_egg_11",
			"from": [0, 7, 7.5],
			"to": [1, 9, 8.5],
			"faces": {
				"north": {"uv": [1, 7, 0, 9], "texture": "#egg"},
				"east": {"uv": [0, 7, 1, 9], "texture": "#egg"},
				"south": {"uv": [0, 7, 1, 9], "texture": "#egg"},
				"west": {"uv": [0, 7, 1, 9], "texture": "#egg"},
				"up": {"uv": [0, 7, 1, 8], "texture": "#egg"},
				"down": {"uv": [0, 8, 1, 9], "texture": "#egg"}
			}
		},
		{
			"name": "guardian_spawn_egg_12",
			"from": [15, 7, 7.5],
			"to": [16, 9, 8.5],
			"faces": {
				"north": {"uv": [16, 7, 15, 9], "texture": "#egg"},
				"east": {"uv": [15, 7, 16, 9], "texture": "#egg"},
				"south": {"uv": [15, 7, 16, 9], "texture": "#egg"},
				"west": {"uv": [15, 7, 16, 9], "texture": "#egg"},
				"up": {"uv": [15, 7, 16, 8], "texture": "#egg"},
				"down": {"uv": [15, 8, 16, 9], "texture": "#egg"}
			}
		},
		{
			"name": "guardian_spawn_egg_13",
			"from": [6, 2, 7.5],
			"to": [7, 3, 8.5],
			"faces": {
				"north": {"uv": [7, 13, 6, 14], "texture": "#egg"},
				"east": {"uv": [6, 13, 7, 14], "texture": "#egg"},
				"south": {"uv": [6, 13, 7, 14], "texture": "#egg"},
				"west": {"uv": [6, 13, 7, 14], "texture": "#egg"},
				"up": {"uv": [6, 13, 7, 14], "texture": "#egg"},
				"down": {"uv": [6, 13, 7, 14], "texture": "#egg"}
			}
		},
		{
			"name": "guardian_spawn_egg_14",
			"from": [3, 0, 7.5],
			"to": [4, 2, 8.5],
			"faces": {
				"north": {"uv": [4, 14, 3, 16], "texture": "#egg"},
				"east": {"uv": [3, 14, 4, 16], "texture": "#egg"},
				"south": {"uv": [3, 14, 4, 16], "texture": "#egg"},
				"west": {"uv": [3, 14, 4, 16], "texture": "#egg"},
				"up": {"uv": [3, 14, 4, 15], "texture": "#egg"},
				"down": {"uv": [3, 15, 4, 16], "texture": "#egg"}
			}
		},
		{
			"name": "guardian_spawn_egg_15",
			"from": [13, 0, 7.5],
			"to": [14, 2, 8.5],
			"faces": {
				"north": {"uv": [14, 14, 13, 16], "texture": "#egg"},
				"east": {"uv": [13, 14, 14, 16], "texture": "#egg"},
				"south": {"uv": [13, 14, 14, 16], "texture": "#egg"},
				"west": {"uv": [13, 14, 14, 16], "texture": "#egg"},
				"up": {"uv": [13, 14, 14, 15], "texture": "#egg"},
				"down": {"uv": [13, 15, 14, 16], "texture": "#egg"}
			}
		}
	],
	"gui_light": "front",
	"display": {
		"thirdperson_righthand": {
			"translation": [0, 3, 1],
			"scale": [0.55, 0.55, 0.55]
		},
		"firstperson_righthand": {
			"rotation": [0, -90, 25],
			"translation": [1.13, 3.2, 1.13],
			"scale": [0.68, 0.68, 0.68]
		},
		"ground": {
			"translation": [0, 2, 0],
			"scale": [0.5, 0.5, 0.5]
		},
		"head": {
			"rotation": [0, 180, 0],
			"translation": [0, 13, 7]
		},
		"fixed": {
			"rotation": [0, 180, 0]
		}
	},
	"groups": [
		{
			"name": "guardian_spawn_egg",
			"origin": [8, 8, 8],
			"color": 0,
			"children": [0, 1, 2, 3, 4, 5, 6, 7, 8, 9, 10, 11, 12, 13, 14, 15]
		}
	]
}