{
	"credit": "Made with Blockbench - GrandPappyJay",
	"textures": {
		"particle": "item/llama_spawn_egg",
		"egg": "item/llama_spawn_egg"
	},
	"elements": [
		{
			"name": "llama_spawn_egg_0",
			"from": [5, 1, 7.5],
			"to": [6, 15, 8.5],
			"faces": {
				"north": {"uv": [6, 1, 5, 15], "texture": "#egg"},
				"east": {"uv": [5, 1, 6, 15], "texture": "#egg"},
				"south": {"uv": [5, 1, 6, 15], "texture": "#egg"},
				"west": {"uv": [5, 1, 6, 15], "texture": "#egg"},
				"up": {"uv": [5, 1, 6, 2], "texture": "#egg"},
				"down": {"uv": [5, 14, 6, 15], "texture": "#egg"}
			}
		},
		{
			"name": "llama_spawn_egg_1",
			"from": [7, 1, 7.5],
			"to": [8, 15, 8.5],
			"faces": {
				"north": {"uv": [8, 1, 7, 15], "texture": "#egg"},
				"east": {"uv": [7, 1, 8, 15], "texture": "#egg"},
				"south": {"uv": [7, 1, 8, 15], "texture": "#egg"},
				"west": {"uv": [7, 1, 8, 15], "texture": "#egg"},
				"up": {"uv": [7, 1, 8, 2], "texture": "#egg"},
				"down": {"uv": [7, 14, 8, 15], "texture": "#egg"}
			}
		},
		{
			"name": "llama_spawn_egg_2",
			"from": [4, 1, 7.5],
			"to": [5, 14, 8.5],
			"faces": {
				"north": {"uv": [5, 2, 4, 15], "texture": "#egg"},
				"east": {"uv": [4, 2, 5, 15], "texture": "#egg"},
				"south": {"uv": [4, 2, 5, 15], "texture": "#egg"},
				"west": {"uv": [4, 2, 5, 15], "texture": "#egg"},
				"up": {"uv": [4, 2, 5, 3], "texture": "#egg"},
				"down": {"uv": [4, 14, 5, 15], "texture": "#egg"}
			}
		},
		{
			"name": "llama_spawn_egg_3",
			"from": [6, 1, 7.5],
			"to": [7, 14, 8.5],
			"faces": {
				"north": {"uv": [7, 2, 6, 15], "texture": "#egg"},
				"east": {"uv": [6, 2, 7, 15], "texture": "#egg"},
				"south": {"uv": [6, 2, 7, 15], "texture": "#egg"},
				"west": {"uv": [6, 2, 7, 15], "texture": "#egg"},
				"up": {"uv": [6, 2, 7, 3], "texture": "#egg"},
				"down": {"uv": [6, 14, 7, 15], "texture": "#egg"}
			}
		},
		{
			"name": "llama_spawn_egg_4",
			"from": [3, 11, 7.5],
			"to": [4, 13, 8.5],
			"faces": {
				"north": {"uv": [4, 3, 3, 5], "texture": "#egg"},
				"east": {"uv": [3, 3, 4, 5], "texture": "#egg"},
				"south": {"uv": [3, 3, 4, 5], "texture": "#egg"},
				"west": {"uv": [3, 3, 4, 5], "texture": "#egg"},
				"up": {"uv": [3, 3, 4, 4], "texture": "#egg"},
				"down": {"uv": [3, 4, 4, 5], "texture": "#egg"}
			}
		},
		{
			"name": "llama_spawn_egg_5",
			"from": [8, 4, 7.5],
			"to": [12, 9, 8.5],
			"faces": {
				"north": {"uv": [12, 7, 8, 12], "texture": "#egg"},
				"east": {"uv": [11, 7, 12, 12], "texture": "#egg"},
				"south": {"uv": [8, 7, 12, 12], "texture": "#egg"},
				"west": {"uv": [8, 7, 9, 12], "texture": "#egg"},
				"up": {"uv": [8, 7, 12, 8], "texture": "#egg"},
				"down": {"uv": [8, 11, 12, 12], "texture": "#egg"}
			}
		},
		{
			"name": "llama_spawn_egg_6",
			"from": [12, 1, 7.5],
			"to": [13, 8, 8.5],
			"faces": {
				"north": {"uv": [13, 8, 12, 15], "texture": "#egg"},
				"east": {"uv": [12, 8, 13, 15], "texture": "#egg"},
				"south": {"uv": [12, 8, 13, 15], "texture": "#egg"},
				"west": {"uv": [12, 8, 13, 15], "texture": "#egg"},
				"up": {"uv": [12, 8, 13, 9], "texture": "#egg"},
				"down": {"uv": [12, 14, 13, 15], "texture": "#egg"}
			}
		},
		{
			"name": "llama_spawn_egg_7",
			"from": [9, 1, 7.5],
			"to": [12, 4, 8.5],
			"faces": {
				"north": {"uv": [12, 12, 9, 15], "texture": "#egg"},
				"east": {"uv": [11, 12, 12, 15], "texture": "#egg"},
				"south": {"uv": [9, 12, 12, 15], "texture": "#egg"},
				"west": {"uv": [9, 12, 10, 15], "texture": "#egg"},
				"up": {"uv": [9, 12, 12, 13], "texture": "#egg"},
				"down": {"uv": [9, 14, 12, 15], "texture": "#egg"}
			}
		}
	],
	"gui_light": "front",
	"display": {
		"thirdperson_righthand": {
			"translation": [0, 3, 1],
			"scale": [0.55, 0.55, 0.55]
		},
		"firstperson_righthand": {
			"rotation": [0, -90, 25],
			"translation": [1.13, 3.2, 1.13],
			"scale": [0.68, 0.68, 0.68]
		},
		"ground": {
			"translation": [0, 2, 0],
			"scale": [0.5, 0.5, 0.5]
		},
		"head": {
			"rotation": [0, 180, 0],
			"translation": [0, 13, 7]
		},
		"fixed": {
			"rotation": [0, 180, 0]
		}
	},
	"groups": [
		{
			"name": "llama_spawn_egg",
			"origin": [8, 8, 8],
			"color": 0,
			"children": [0, 1, 2, 3, 4, 5, 6, 7]
		}
	]
}