{
	"credit": "Made with Blockbench - GrandPappyJay",
	"textures": {
		"particle": "item/magma_cube_spawn_egg",
		"egg": "item/magma_cube_spawn_egg"
	},
	"elements": [
		{
			"name": "magma_cube_spawn_egg_0",
			"from": [2, 1, 7.5],
			"to": [14, 11, 8.5],
			"faces": {
				"north": {"uv": [14, 5, 2, 15], "texture": "#egg"},
				"east": {"uv": [13, 5, 14, 15], "texture": "#egg"},
				"south": {"uv": [2, 5, 14, 15], "texture": "#egg"},
				"west": {"uv": [2, 5, 3, 15], "texture": "#egg"},
				"up": {"uv": [2, 5, 14, 6], "texture": "#egg"},
				"down": {"uv": [2, 14, 14, 15], "texture": "#egg"}
			}
		}
	],
	"gui_light": "front",
	"display": {
		"thirdperson_righthand": {
			"translation": [0, 3, 1],
			"scale": [0.55, 0.55, 0.55]
		},
		"firstperson_righthand": {
			"rotation": [0, -90, 25],
			"translation": [1.13, 3.2, 1.13],
			"scale": [0.68, 0.68, 0.68]
		},
		"ground": {
			"translation": [0, 2, 0],
			"scale": [0.5, 0.5, 0.5]
		},
		"head": {
			"rotation": [0, 180, 0],
			"translation": [0, 13, 7]
		},
		"fixed": {
			"rotation": [0, 180, 0]
		}
	},
	"groups": [
		{
			"name": "magma_cube_spawn_egg",
			"origin": [8, 8, 8],
			"color": 0,
			"children": [0]
		}
	]
}