{
	"credit": "Made with Blockbench - GrandPappyJay",
	"textures": {
		"particle": "item/mooshroom_spawn_egg",
		"egg": "item/mooshroom_spawn_egg"
	},
	"elements": [
		{
			"name": "mooshroom_spawn_egg_0",
			"from": [3, 1, 7.5],
			"to": [4, 13, 8.5],
			"faces": {
				"north": {"uv": [4, 3, 3, 15], "texture": "#egg"},
				"east": {"uv": [3, 3, 4, 15], "texture": "#egg"},
				"south": {"uv": [3, 3, 4, 15], "texture": "#egg"},
				"west": {"uv": [3, 3, 4, 15], "texture": "#egg"},
				"up": {"uv": [3, 3, 4, 4], "texture": "#egg"},
				"down": {"uv": [3, 14, 4, 15], "texture": "#egg"}
			}
		},
		{
			"name": "mooshroom_spawn_egg_1",
			"from": [7, 1, 7.5],
			"to": [8, 13, 8.5],
			"faces": {
				"north": {"uv": [8, 3, 7, 15], "texture": "#egg"},
				"east": {"uv": [7, 3, 8, 15], "texture": "#egg"},
				"south": {"uv": [7, 3, 8, 15], "texture": "#egg"},
				"west": {"uv": [7, 3, 8, 15], "texture": "#egg"},
				"up": {"uv": [7, 3, 8, 4], "texture": "#egg"},
				"down": {"uv": [7, 14, 8, 15], "texture": "#egg"}
			}
		},
		{
			"name": "mooshroom_spawn_egg_2",
			"from": [1, 6, 7.5],
			"to": [3, 12, 8.5],
			"faces": {
				"north": {"uv": [3, 4, 1, 10], "texture": "#egg"},
				"east": {"uv": [2, 4, 3, 10], "texture": "#egg"},
				"south": {"uv": [1, 4, 3, 10], "texture": "#egg"},
				"west": {"uv": [1, 4, 2, 10], "texture": "#egg"},
				"up": {"uv": [1, 4, 3, 5], "texture": "#egg"},
				"down": {"uv": [1, 9, 3, 10], "texture": "#egg"}
			}
		},
		{
			"name": "mooshroom_spawn_egg_3",
			"from": [4, 4, 7.5],
			"to": [7, 12, 8.5],
			"faces": {
				"north": {"uv": [7, 4, 4, 12], "texture": "#egg"},
				"east": {"uv": [6, 4, 7, 12], "texture": "#egg"},
				"south": {"uv": [4, 4, 7, 12], "texture": "#egg"},
				"west": {"uv": [4, 4, 5, 12], "texture": "#egg"},
				"up": {"uv": [4, 4, 7, 5], "texture": "#egg"},
				"down": {"uv": [4, 11, 7, 12], "texture": "#egg"}
			}
		},
		{
			"name": "mooshroom_spawn_egg_4",
			"from": [8, 1, 7.5],
			"to": [9, 12, 8.5],
			"faces": {
				"north": {"uv": [9, 4, 8, 15], "texture": "#egg"},
				"east": {"uv": [8, 4, 9, 15], "texture": "#egg"},
				"south": {"uv": [8, 4, 9, 15], "texture": "#egg"},
				"west": {"uv": [8, 4, 9, 15], "texture": "#egg"},
				"up": {"uv": [8, 4, 9, 5], "texture": "#egg"},
				"down": {"uv": [8, 14, 9, 15], "texture": "#egg"}
			}
		},
		{
			"name": "mooshroom_spawn_egg_5",
			"from": [9, 4, 7.5],
			"to": [13, 10, 8.5],
			"faces": {
				"north": {"uv": [13, 6, 9, 12], "texture": "#egg"},
				"east": {"uv": [12, 6, 13, 12], "texture": "#egg"},
				"south": {"uv": [9, 6, 13, 12], "texture": "#egg"},
				"west": {"uv": [9, 6, 10, 12], "texture": "#egg"},
				"up": {"uv": [9, 6, 13, 7], "texture": "#egg"},
				"down": {"uv": [9, 11, 13, 12], "texture": "#egg"}
			}
		},
		{
			"name": "mooshroom_spawn_egg_6",
			"from": [13, 1, 7.5],
			"to": [14, 9, 8.5],
			"faces": {
				"north": {"uv": [14, 7, 13, 15], "texture": "#egg"},
				"east": {"uv": [13, 7, 14, 15], "texture": "#egg"},
				"south": {"uv": [13, 7, 14, 15], "texture": "#egg"},
				"west": {"uv": [13, 7, 14, 15], "texture": "#egg"},
				"up": {"uv": [13, 7, 14, 8], "texture": "#egg"},
				"down": {"uv": [13, 14, 14, 15], "texture": "#egg"}
			}
		},
		{
			"name": "mooshroom_spawn_egg_7",
			"from": [4, 1, 7.5],
			"to": [5, 4, 8.5],
			"faces": {
				"north": {"uv": [5, 12, 4, 15], "texture": "#egg"},
				"east": {"uv": [4, 12, 5, 15], "texture": "#egg"},
				"south": {"uv": [4, 12, 5, 15], "texture": "#egg"},
				"west": {"uv": [4, 12, 5, 15], "texture": "#egg"},
				"up": {"uv": [4, 12, 5, 13], "texture": "#egg"},
				"down": {"uv": [4, 14, 5, 15], "texture": "#egg"}
			}
		},
		{
			"name": "mooshroom_spawn_egg_8",
			"from": [10, 1, 7.5],
			"to": [13, 4, 8.5],
			"faces": {
				"north": {"uv": [13, 12, 10, 15], "texture": "#egg"},
				"east": {"uv": [12, 12, 13, 15], "texture": "#egg"},
				"south": {"uv": [10, 12, 13, 15], "texture": "#egg"},
				"west": {"uv": [10, 12, 11, 15], "texture": "#egg"},
				"up": {"uv": [10, 12, 13, 13], "texture": "#egg"},
				"down": {"uv": [10, 14, 13, 15], "texture": "#egg"}
			}
		}
	],
	"gui_light": "front",
	"display": {
		"thirdperson_righthand": {
			"translation": [0, 3, 1],
			"scale": [0.55, 0.55, 0.55]
		},
		"firstperson_righthand": {
			"rotation": [0, -90, 25],
			"translation": [1.13, 3.2, 1.13],
			"scale": [0.68, 0.68, 0.68]
		},
		"ground": {
			"translation": [0, 2, 0],
			"scale": [0.5, 0.5, 0.5]
		},
		"head": {
			"rotation": [0, 180, 0],
			"translation": [0, 13, 7]
		},
		"fixed": {
			"rotation": [0, 180, 0]
		}
	},
	"groups": [
		{
			"name": "mooshroom_spawn_egg",
			"origin": [8, 8, 8],
			"color": 0,
			"children": [0, 1, 2, 3, 4, 5, 6, 7, 8]
		}
	]
}