{
  "parent": "minecraft:item/generated",
  "textures": { "layer0": "minecraft:item/ominous_bottle" },
  "overrides": [
    {
      "predicate": {
        "eatinganimation:eating": 1.0,
        "eatinganimation:eat": 0.35
      },
      "model": "minecraft:item/excalibur/eating_animation/ominous_bottle_drinking_0"
    },
    {
      "predicate": {
        "eatinganimation:eating": 1.0,
        "eatinganimation:eat": 0.7
      },
      "model": "minecraft:item/excalibur/eating_animation/ominous_bottle_drinking_1"
    },
    {
      "predicate": {
        "eatinganimation:eating": 1.0,
        "eatinganimation:eat": 0.9
      },
      "model": "minecraft:item/excalibur/eating_animation/ominous_bottle_drinking_2"
    },


    {
      "predicate": { "eating": 1, "eat": 0.35 },
      "model": "minecraft:item/excalibur/eating_animation/ominous_bottle_drinking_0"
    },
    {
      "predicate": { "eating": 1, "eat": 0.7 },
      "model": "minecraft:item/excalibur/eating_animation/ominous_bottle_drinking_1"
    },
    {
      "predicate": { "eating": 1, "eat": 0.9 },
      "model": "minecraft:item/excalibur/eating_animation/ominous_bottle_drinking_2"
    }
  ]
}
