{
	"credit": "Made with Blockbench - GrandPappyJay",
	"textures": {
		"particle": "item/parrot_spawn_egg",
		"egg": "item/parrot_spawn_egg"
	},
	"elements": [
		{
			"name": "parrot_spawn_egg_0",
			"from": [7, 14, 7.5],
			"to": [8, 15, 8.5],
			"faces": {
				"north": {"uv": [8, 1, 7, 2], "texture": "#egg"},
				"east": {"uv": [7, 1, 8, 2], "texture": "#egg"},
				"south": {"uv": [7, 1, 8, 2], "texture": "#egg"},
				"west": {"uv": [7, 1, 8, 2], "texture": "#egg"},
				"up": {"uv": [7, 1, 8, 2], "texture": "#egg"},
				"down": {"uv": [7, 1, 8, 2], "texture": "#egg"}
			}
		},
		{
			"name": "parrot_spawn_egg_1",
			"from": [6, 3, 7.5],
			"to": [7, 14, 8.5],
			"faces": {
				"north": {"uv": [7, 2, 6, 13], "texture": "#egg"},
				"east": {"uv": [6, 2, 7, 13], "texture": "#egg"},
				"south": {"uv": [6, 2, 7, 13], "texture": "#egg"},
				"west": {"uv": [6, 2, 7, 13], "texture": "#egg"},
				"up": {"uv": [6, 2, 7, 3], "texture": "#egg"},
				"down": {"uv": [6, 12, 7, 13], "texture": "#egg"}
			}
		},
		{
			"name": "parrot_spawn_egg_2",
			"from": [7, 1, 7.5],
			"to": [8, 13, 8.5],
			"faces": {
				"north": {"uv": [8, 3, 7, 15], "texture": "#egg"},
				"east": {"uv": [7, 3, 8, 15], "texture": "#egg"},
				"south": {"uv": [7, 3, 8, 15], "texture": "#egg"},
				"west": {"uv": [7, 3, 8, 15], "texture": "#egg"},
				"up": {"uv": [7, 3, 8, 4], "texture": "#egg"},
				"down": {"uv": [7, 14, 8, 15], "texture": "#egg"}
			}
		},
		{
			"name": "parrot_spawn_egg_3",
			"from": [4, 9, 7.5],
			"to": [6, 12, 8.5],
			"faces": {
				"north": {"uv": [6, 4, 4, 7], "texture": "#egg"},
				"east": {"uv": [5, 4, 6, 7], "texture": "#egg"},
				"south": {"uv": [4, 4, 6, 7], "texture": "#egg"},
				"west": {"uv": [4, 4, 5, 7], "texture": "#egg"},
				"up": {"uv": [4, 4, 6, 5], "texture": "#egg"},
				"down": {"uv": [4, 6, 6, 7], "texture": "#egg"}
			}
		},
		{
			"name": "parrot_spawn_egg_4",
			"from": [8, 3, 7.5],
			"to": [9, 12, 8.5],
			"faces": {
				"north": {"uv": [9, 4, 8, 13], "texture": "#egg"},
				"east": {"uv": [8, 4, 9, 13], "texture": "#egg"},
				"south": {"uv": [8, 4, 9, 13], "texture": "#egg"},
				"west": {"uv": [8, 4, 9, 13], "texture": "#egg"},
				"up": {"uv": [8, 4, 9, 5], "texture": "#egg"},
				"down": {"uv": [8, 12, 9, 13], "texture": "#egg"}
			}
		},
		{
			"name": "parrot_spawn_egg_5",
			"from": [5, 3, 7.5],
			"to": [6, 9, 8.5],
			"faces": {
				"north": {"uv": [6, 7, 5, 13], "texture": "#egg"},
				"east": {"uv": [5, 7, 6, 13], "texture": "#egg"},
				"south": {"uv": [5, 7, 6, 13], "texture": "#egg"},
				"west": {"uv": [5, 7, 6, 13], "texture": "#egg"},
				"up": {"uv": [5, 7, 6, 8], "texture": "#egg"},
				"down": {"uv": [5, 12, 6, 13], "texture": "#egg"}
			}
		},
		{
			"name": "parrot_spawn_egg_6",
			"from": [4, 4, 7.5],
			"to": [5, 8, 8.5],
			"faces": {
				"north": {"uv": [5, 8, 4, 12], "texture": "#egg"},
				"east": {"uv": [4, 8, 5, 12], "texture": "#egg"},
				"south": {"uv": [4, 8, 5, 12], "texture": "#egg"},
				"west": {"uv": [4, 8, 5, 12], "texture": "#egg"},
				"up": {"uv": [4, 8, 5, 9], "texture": "#egg"},
				"down": {"uv": [4, 11, 5, 12], "texture": "#egg"}
			}
		},
		{
			"name": "parrot_spawn_egg_7",
			"from": [9, 2, 7.5],
			"to": [11, 8, 8.5],
			"faces": {
				"north": {"uv": [11, 8, 9, 14], "texture": "#egg"},
				"east": {"uv": [10, 8, 11, 14], "texture": "#egg"},
				"south": {"uv": [9, 8, 11, 14], "texture": "#egg"},
				"west": {"uv": [9, 8, 10, 14], "texture": "#egg"},
				"up": {"uv": [9, 8, 11, 9], "texture": "#egg"},
				"down": {"uv": [9, 13, 11, 14], "texture": "#egg"}
			}
		},
		{
			"name": "parrot_spawn_egg_8",
			"from": [11, 2, 7.5],
			"to": [12, 7, 8.5],
			"faces": {
				"north": {"uv": [12, 9, 11, 14], "texture": "#egg"},
				"east": {"uv": [11, 9, 12, 14], "texture": "#egg"},
				"south": {"uv": [11, 9, 12, 14], "texture": "#egg"},
				"west": {"uv": [11, 9, 12, 14], "texture": "#egg"},
				"up": {"uv": [11, 9, 12, 10], "texture": "#egg"},
				"down": {"uv": [11, 13, 12, 14], "texture": "#egg"}
			}
		},
		{
			"name": "parrot_spawn_egg_9",
			"from": [12, 2, 7.5],
			"to": [13, 4, 8.5],
			"faces": {
				"north": {"uv": [13, 12, 12, 14], "texture": "#egg"},
				"east": {"uv": [12, 12, 13, 14], "texture": "#egg"},
				"south": {"uv": [12, 12, 13, 14], "texture": "#egg"},
				"west": {"uv": [12, 12, 13, 14], "texture": "#egg"},
				"up": {"uv": [12, 12, 13, 13], "texture": "#egg"},
				"down": {"uv": [12, 13, 13, 14], "texture": "#egg"}
			}
		},
		{
			"name": "parrot_spawn_egg_10",
			"from": [13, 2, 7.5],
			"to": [14, 3, 8.5],
			"faces": {
				"north": {"uv": [14, 13, 13, 14], "texture": "#egg"},
				"east": {"uv": [13, 13, 14, 14], "texture": "#egg"},
				"south": {"uv": [13, 13, 14, 14], "texture": "#egg"},
				"west": {"uv": [13, 13, 14, 14], "texture": "#egg"},
				"up": {"uv": [13, 13, 14, 14], "texture": "#egg"},
				"down": {"uv": [13, 13, 14, 14], "texture": "#egg"}
			}
		},
		{
			"name": "parrot_spawn_egg_11",
			"from": [9, 1, 7.5],
			"to": [10, 2, 8.5],
			"faces": {
				"north": {"uv": [10, 14, 9, 15], "texture": "#egg"},
				"east": {"uv": [9, 14, 10, 15], "texture": "#egg"},
				"south": {"uv": [9, 14, 10, 15], "texture": "#egg"},
				"west": {"uv": [9, 14, 10, 15], "texture": "#egg"},
				"up": {"uv": [9, 14, 10, 15], "texture": "#egg"},
				"down": {"uv": [9, 14, 10, 15], "texture": "#egg"}
			}
		}
	],
	"gui_light": "front",
	"display": {
		"thirdperson_righthand": {
			"translation": [0, 3, 1],
			"scale": [0.55, 0.55, 0.55]
		},
		"firstperson_righthand": {
			"rotation": [0, -90, 25],
			"translation": [1.13, 3.2, 1.13],
			"scale": [0.68, 0.68, 0.68]
		},
		"ground": {
			"translation": [0, 2, 0],
			"scale": [0.5, 0.5, 0.5]
		},
		"head": {
			"rotation": [0, 180, 0],
			"translation": [0, 13, 7]
		},
		"fixed": {
			"rotation": [0, 180, 0]
		}
	},
	"groups": [
		{
			"name": "parrot_spawn_egg",
			"origin": [8, 8, 8],
			"color": 0,
			"children": [0, 1, 2, 3, 4, 5, 6, 7, 8, 9, 10, 11]
		}
	]
}