{
	"credit": "Made with Blockbench - GrandPappyJay",
	"textures": {
		"particle": "item/phantom_spawn_egg",
		"egg": "item/phantom_spawn_egg"
	},
	"elements": [
		{
			"name": "phantom_spawn_egg_0",
			"from": [3, 5, 7.5],
			"to": [9, 16, 8.5],
			"faces": {
				"north": {"uv": [9, 0, 3, 11], "texture": "#egg"},
				"east": {"uv": [8, 0, 9, 11], "texture": "#egg"},
				"south": {"uv": [3, 0, 9, 11], "texture": "#egg"},
				"west": {"uv": [3, 0, 4, 11], "texture": "#egg"},
				"up": {"uv": [3, 0, 9, 1], "texture": "#egg"},
				"down": {"uv": [3, 10, 9, 11], "texture": "#egg"}
			}
		},
		{
			"name": "phantom_spawn_egg_1",
			"from": [2, 13, 7.5],
			"to": [3, 15, 8.5],
			"faces": {
				"north": {"uv": [3, 1, 2, 3], "texture": "#egg"},
				"east": {"uv": [2, 1, 3, 3], "texture": "#egg"},
				"south": {"uv": [2, 1, 3, 3], "texture": "#egg"},
				"west": {"uv": [2, 1, 3, 3], "texture": "#egg"},
				"up": {"uv": [2, 1, 3, 2], "texture": "#egg"},
				"down": {"uv": [2, 2, 3, 3], "texture": "#egg"}
			}
		},
		{
			"name": "phantom_spawn_egg_2",
			"from": [9, 2, 7.5],
			"to": [10, 13, 8.5],
			"faces": {
				"north": {"uv": [10, 3, 9, 14], "texture": "#egg"},
				"east": {"uv": [9, 3, 10, 14], "texture": "#egg"},
				"south": {"uv": [9, 3, 10, 14], "texture": "#egg"},
				"west": {"uv": [9, 3, 10, 14], "texture": "#egg"},
				"up": {"uv": [9, 3, 10, 4], "texture": "#egg"},
				"down": {"uv": [9, 13, 10, 14], "texture": "#egg"}
			}
		},
		{
			"name": "phantom_spawn_egg_3",
			"from": [2, 5, 7.5],
			"to": [3, 12, 8.5],
			"faces": {
				"north": {"uv": [3, 4, 2, 11], "texture": "#egg"},
				"east": {"uv": [2, 4, 3, 11], "texture": "#egg"},
				"south": {"uv": [2, 4, 3, 11], "texture": "#egg"},
				"west": {"uv": [2, 4, 3, 11], "texture": "#egg"},
				"up": {"uv": [2, 4, 3, 5], "texture": "#egg"},
				"down": {"uv": [2, 10, 3, 11], "texture": "#egg"}
			}
		},
		{
			"name": "phantom_spawn_egg_4",
			"from": [10, 3, 7.5],
			"to": [11, 12, 8.5],
			"faces": {
				"north": {"uv": [11, 4, 10, 13], "texture": "#egg"},
				"east": {"uv": [10, 4, 11, 13], "texture": "#egg"},
				"south": {"uv": [10, 4, 11, 13], "texture": "#egg"},
				"west": {"uv": [10, 4, 11, 13], "texture": "#egg"},
				"up": {"uv": [10, 4, 11, 5], "texture": "#egg"},
				"down": {"uv": [10, 12, 11, 13], "texture": "#egg"}
			}
		},
		{
			"name": "phantom_spawn_egg_5",
			"from": [1, 4, 7.5],
			"to": [2, 11, 8.5],
			"faces": {
				"north": {"uv": [2, 5, 1, 12], "texture": "#egg"},
				"east": {"uv": [1, 5, 2, 12], "texture": "#egg"},
				"south": {"uv": [1, 5, 2, 12], "texture": "#egg"},
				"west": {"uv": [1, 5, 2, 12], "texture": "#egg"},
				"up": {"uv": [1, 5, 2, 6], "texture": "#egg"},
				"down": {"uv": [1, 11, 2, 12], "texture": "#egg"}
			}
		},
		{
			"name": "phantom_spawn_egg_6",
			"from": [11, 3, 7.5],
			"to": [12, 10, 8.5],
			"faces": {
				"north": {"uv": [12, 6, 11, 13], "texture": "#egg"},
				"east": {"uv": [11, 6, 12, 13], "texture": "#egg"},
				"south": {"uv": [11, 6, 12, 13], "texture": "#egg"},
				"west": {"uv": [11, 6, 12, 13], "texture": "#egg"},
				"up": {"uv": [11, 6, 12, 7], "texture": "#egg"},
				"down": {"uv": [11, 12, 12, 13], "texture": "#egg"}
			}
		},
		{
			"name": "phantom_spawn_egg_7",
			"from": [12, 3, 7.5],
			"to": [13, 9, 8.5],
			"faces": {
				"north": {"uv": [13, 7, 12, 13], "texture": "#egg"},
				"east": {"uv": [12, 7, 13, 13], "texture": "#egg"},
				"south": {"uv": [12, 7, 13, 13], "texture": "#egg"},
				"west": {"uv": [12, 7, 13, 13], "texture": "#egg"},
				"up": {"uv": [12, 7, 13, 8], "texture": "#egg"},
				"down": {"uv": [12, 12, 13, 13], "texture": "#egg"}
			}
		},
		{
			"name": "phantom_spawn_egg_8",
			"from": [13, 3, 7.5],
			"to": [14, 7, 8.5],
			"faces": {
				"north": {"uv": [14, 9, 13, 13], "texture": "#egg"},
				"east": {"uv": [13, 9, 14, 13], "texture": "#egg"},
				"south": {"uv": [13, 9, 14, 13], "texture": "#egg"},
				"west": {"uv": [13, 9, 14, 13], "texture": "#egg"},
				"up": {"uv": [13, 9, 14, 10], "texture": "#egg"},
				"down": {"uv": [13, 12, 14, 13], "texture": "#egg"}
			}
		},
		{
			"name": "phantom_spawn_egg_9",
			"from": [14, 5, 7.5],
			"to": [15, 6, 8.5],
			"faces": {
				"north": {"uv": [15, 10, 14, 11], "texture": "#egg"},
				"east": {"uv": [14, 10, 15, 11], "texture": "#egg"},
				"south": {"uv": [14, 10, 15, 11], "texture": "#egg"},
				"west": {"uv": [14, 10, 15, 11], "texture": "#egg"},
				"up": {"uv": [14, 10, 15, 11], "texture": "#egg"},
				"down": {"uv": [14, 10, 15, 11], "texture": "#egg"}
			}
		},
		{
			"name": "phantom_spawn_egg_10",
			"from": [3, 4, 7.5],
			"to": [4, 5, 8.5],
			"faces": {
				"north": {"uv": [4, 11, 3, 12], "texture": "#egg"},
				"east": {"uv": [3, 11, 4, 12], "texture": "#egg"},
				"south": {"uv": [3, 11, 4, 12], "texture": "#egg"},
				"west": {"uv": [3, 11, 4, 12], "texture": "#egg"},
				"up": {"uv": [3, 11, 4, 12], "texture": "#egg"},
				"down": {"uv": [3, 11, 4, 12], "texture": "#egg"}
			}
		},
		{
			"name": "phantom_spawn_egg_11",
			"from": [5, 4, 7.5],
			"to": [9, 5, 8.5],
			"faces": {
				"north": {"uv": [9, 11, 5, 12], "texture": "#egg"},
				"east": {"uv": [8, 11, 9, 12], "texture": "#egg"},
				"south": {"uv": [5, 11, 9, 12], "texture": "#egg"},
				"west": {"uv": [5, 11, 6, 12], "texture": "#egg"},
				"up": {"uv": [5, 11, 9, 12], "texture": "#egg"},
				"down": {"uv": [5, 11, 9, 12], "texture": "#egg"}
			}
		},
		{
			"name": "phantom_spawn_egg_12",
			"from": [5, 2, 7.5],
			"to": [6, 4, 8.5],
			"faces": {
				"north": {"uv": [6, 12, 5, 14], "texture": "#egg"},
				"east": {"uv": [5, 12, 6, 14], "texture": "#egg"},
				"south": {"uv": [5, 12, 6, 14], "texture": "#egg"},
				"west": {"uv": [5, 12, 6, 14], "texture": "#egg"},
				"up": {"uv": [5, 12, 6, 13], "texture": "#egg"},
				"down": {"uv": [5, 13, 6, 14], "texture": "#egg"}
			}
		},
		{
			"name": "phantom_spawn_egg_13",
			"from": [8, 3, 7.5],
			"to": [9, 4, 8.5],
			"faces": {
				"north": {"uv": [9, 12, 8, 13], "texture": "#egg"},
				"east": {"uv": [8, 12, 9, 13], "texture": "#egg"},
				"south": {"uv": [8, 12, 9, 13], "texture": "#egg"},
				"west": {"uv": [8, 12, 9, 13], "texture": "#egg"},
				"up": {"uv": [8, 12, 9, 13], "texture": "#egg"},
				"down": {"uv": [8, 12, 9, 13], "texture": "#egg"}
			}
		},
		{
			"name": "phantom_spawn_egg_14",
			"from": [14, 3, 7.5],
			"to": [15, 4, 8.5],
			"faces": {
				"north": {"uv": [15, 12, 14, 13], "texture": "#egg"},
				"east": {"uv": [14, 12, 15, 13], "texture": "#egg"},
				"south": {"uv": [14, 12, 15, 13], "texture": "#egg"},
				"west": {"uv": [14, 12, 15, 13], "texture": "#egg"},
				"up": {"uv": [14, 12, 15, 13], "texture": "#egg"},
				"down": {"uv": [14, 12, 15, 13], "texture": "#egg"}
			}
		},
		{
			"name": "phantom_spawn_egg_15",
			"from": [4, 1, 7.5],
			"to": [5, 2, 8.5],
			"faces": {
				"north": {"uv": [5, 14, 4, 15], "texture": "#egg"},
				"east": {"uv": [4, 14, 5, 15], "texture": "#egg"},
				"south": {"uv": [4, 14, 5, 15], "texture": "#egg"},
				"west": {"uv": [4, 14, 5, 15], "texture": "#egg"},
				"up": {"uv": [4, 14, 5, 15], "texture": "#egg"},
				"down": {"uv": [4, 14, 5, 15], "texture": "#egg"}
			}
		},
		{
			"name": "phantom_spawn_egg_16",
			"from": [6, 1, 7.5],
			"to": [7, 2, 8.5],
			"faces": {
				"north": {"uv": [7, 14, 6, 15], "texture": "#egg"},
				"east": {"uv": [6, 14, 7, 15], "texture": "#egg"},
				"south": {"uv": [6, 14, 7, 15], "texture": "#egg"},
				"west": {"uv": [6, 14, 7, 15], "texture": "#egg"},
				"up": {"uv": [6, 14, 7, 15], "texture": "#egg"},
				"down": {"uv": [6, 14, 7, 15], "texture": "#egg"}
			}
		},
		{
			"name": "phantom_spawn_egg_17",
			"from": [8, 1, 7.5],
			"to": [9, 2, 8.5],
			"faces": {
				"north": {"uv": [9, 14, 8, 15], "texture": "#egg"},
				"east": {"uv": [8, 14, 9, 15], "texture": "#egg"},
				"south": {"uv": [8, 14, 9, 15], "texture": "#egg"},
				"west": {"uv": [8, 14, 9, 15], "texture": "#egg"},
				"up": {"uv": [8, 14, 9, 15], "texture": "#egg"},
				"down": {"uv": [8, 14, 9, 15], "texture": "#egg"}
			}
		},
		{
			"name": "phantom_spawn_egg_18",
			"from": [10, 1, 7.5],
			"to": [11, 2, 8.5],
			"faces": {
				"north": {"uv": [11, 14, 10, 15], "texture": "#egg"},
				"east": {"uv": [10, 14, 11, 15], "texture": "#egg"},
				"south": {"uv": [10, 14, 11, 15], "texture": "#egg"},
				"west": {"uv": [10, 14, 11, 15], "texture": "#egg"},
				"up": {"uv": [10, 14, 11, 15], "texture": "#egg"},
				"down": {"uv": [10, 14, 11, 15], "texture": "#egg"}
			}
		}
	],
	"gui_light": "front",
	"display": {
		"thirdperson_righthand": {
			"translation": [0, 3, 1],
			"scale": [0.55, 0.55, 0.55]
		},
		"firstperson_righthand": {
			"rotation": [0, -90, 25],
			"translation": [1.13, 3.2, 1.13],
			"scale": [0.68, 0.68, 0.68]
		},
		"ground": {
			"translation": [0, 2, 0],
			"scale": [0.5, 0.5, 0.5]
		},
		"head": {
			"rotation": [0, 180, 0],
			"translation": [0, 13, 7]
		},
		"fixed": {
			"rotation": [0, 180, 0]
		}
	},
	"groups": [
		{
			"name": "phantom_spawn_egg",
			"origin": [8, 8, 8],
			"color": 0,
			"children": [0, 1, 2, 3, 4, 5, 6, 7, 8, 9, 10, 11, 12, 13, 14, 15, 16, 17, 18]
		}
	]
}