{
	"credit": "Made with Blockbench - GrandPappyJay",
	"textures": {
		"particle": "item/pig_spawn_egg",
		"egg": "item/pig_spawn_egg"
	},
	"elements": [
		{
			"name": "pig_spawn_egg_0",
			"from": [2, 5, 7.5],
			"to": [9, 10, 8.5],
			"faces": {
				"north": {"uv": [9, 6, 2, 11], "texture": "#egg"},
				"east": {"uv": [8, 6, 9, 11], "texture": "#egg"},
				"south": {"uv": [2, 6, 9, 11], "texture": "#egg"},
				"west": {"uv": [2, 6, 3, 11], "texture": "#egg"},
				"up": {"uv": [2, 6, 9, 7], "texture": "#egg"},
				"down": {"uv": [2, 10, 9, 11], "texture": "#egg"}
			}
		},
		{
			"name": "pig_spawn_egg_1",
			"from": [9, 3, 7.5],
			"to": [12, 8, 8.5],
			"faces": {
				"north": {"uv": [12, 8, 9, 13], "texture": "#egg"},
				"east": {"uv": [11, 8, 12, 13], "texture": "#egg"},
				"south": {"uv": [9, 8, 12, 13], "texture": "#egg"},
				"west": {"uv": [9, 8, 10, 13], "texture": "#egg"},
				"up": {"uv": [9, 8, 12, 9], "texture": "#egg"},
				"down": {"uv": [9, 12, 12, 13], "texture": "#egg"}
			}
		},
		{
			"name": "pig_spawn_egg_2",
			"from": [12, 1, 7.5],
			"to": [13, 7, 8.5],
			"faces": {
				"north": {"uv": [13, 9, 12, 15], "texture": "#egg"},
				"east": {"uv": [12, 9, 13, 15], "texture": "#egg"},
				"south": {"uv": [12, 9, 13, 15], "texture": "#egg"},
				"west": {"uv": [12, 9, 13, 15], "texture": "#egg"},
				"up": {"uv": [12, 9, 13, 10], "texture": "#egg"},
				"down": {"uv": [12, 14, 13, 15], "texture": "#egg"}
			}
		},
		{
			"name": "pig_spawn_egg_3",
			"from": [4, 3, 7.5],
			"to": [9, 5, 8.5],
			"faces": {
				"north": {"uv": [9, 11, 4, 13], "texture": "#egg"},
				"east": {"uv": [8, 11, 9, 13], "texture": "#egg"},
				"south": {"uv": [4, 11, 9, 13], "texture": "#egg"},
				"west": {"uv": [4, 11, 5, 13], "texture": "#egg"},
				"up": {"uv": [4, 11, 9, 12], "texture": "#egg"},
				"down": {"uv": [4, 12, 9, 13], "texture": "#egg"}
			}
		},
		{
			"name": "pig_spawn_egg_4",
			"from": [4, 1, 7.5],
			"to": [6, 3, 8.5],
			"faces": {
				"north": {"uv": [6, 13, 4, 15], "texture": "#egg"},
				"east": {"uv": [5, 13, 6, 15], "texture": "#egg"},
				"south": {"uv": [4, 13, 6, 15], "texture": "#egg"},
				"west": {"uv": [4, 13, 5, 15], "texture": "#egg"},
				"up": {"uv": [4, 13, 6, 14], "texture": "#egg"},
				"down": {"uv": [4, 14, 6, 15], "texture": "#egg"}
			}
		},
		{
			"name": "pig_spawn_egg_5",
			"from": [7, 1, 7.5],
			"to": [9, 3, 8.5],
			"faces": {
				"north": {"uv": [9, 13, 7, 15], "texture": "#egg"},
				"east": {"uv": [8, 13, 9, 15], "texture": "#egg"},
				"south": {"uv": [7, 13, 9, 15], "texture": "#egg"},
				"west": {"uv": [7, 13, 8, 15], "texture": "#egg"},
				"up": {"uv": [7, 13, 9, 14], "texture": "#egg"},
				"down": {"uv": [7, 14, 9, 15], "texture": "#egg"}
			}
		},
		{
			"name": "pig_spawn_egg_6",
			"from": [11, 1, 7.5],
			"to": [12, 3, 8.5],
			"faces": {
				"north": {"uv": [12, 13, 11, 15], "texture": "#egg"},
				"east": {"uv": [11, 13, 12, 15], "texture": "#egg"},
				"south": {"uv": [11, 13, 12, 15], "texture": "#egg"},
				"west": {"uv": [11, 13, 12, 15], "texture": "#egg"},
				"up": {"uv": [11, 13, 12, 14], "texture": "#egg"},
				"down": {"uv": [11, 14, 12, 15], "texture": "#egg"}
			}
		}
	],
	"gui_light": "front",
	"display": {
		"thirdperson_righthand": {
			"translation": [0, 3, 1],
			"scale": [0.55, 0.55, 0.55]
		},
		"firstperson_righthand": {
			"rotation": [0, -90, 25],
			"translation": [1.13, 3.2, 1.13],
			"scale": [0.68, 0.68, 0.68]
		},
		"ground": {
			"translation": [0, 2, 0],
			"scale": [0.5, 0.5, 0.5]
		},
		"head": {
			"rotation": [0, 180, 0],
			"translation": [0, 13, 7]
		},
		"fixed": {
			"rotation": [0, 180, 0]
		}
	},
	"groups": [
		{
			"name": "pig_spawn_egg",
			"origin": [8, 8, 8],
			"color": 0,
			"children": [0, 1, 2, 3, 4, 5, 6]
		}
	]
}