{
	"credit": "Made with Blockbench - GrandPappyJay",
	"textures": {
		"0": "item/piglin_brute_spawn_egg",
		"particle": "item/piglin_brute_spawn_egg"
	},
	"elements": [
		{
			"name": "piglin_brute_spawn_egg_0",
			"from": [4, 5, 7.5],
			"to": [11, 15, 8.5],
			"faces": {
				"north": {"uv": [11, 1, 4, 11], "texture": "#0"},
				"east": {"uv": [10, 1, 11, 11], "texture": "#0"},
				"south": {"uv": [4, 1, 11, 11], "texture": "#0"},
				"west": {"uv": [4, 1, 5, 11], "texture": "#0"},
				"up": {"uv": [4, 1, 11, 2], "texture": "#0"},
				"down": {"uv": [4, 10, 11, 11], "texture": "#0"}
			}
		},
		{
			"name": "piglin_brute_spawn_egg_1",
			"from": [3, 5, 7.5],
			"to": [4, 12, 8.5],
			"faces": {
				"north": {"uv": [4, 4, 3, 11], "texture": "#0"},
				"east": {"uv": [3, 4, 4, 11], "texture": "#0"},
				"south": {"uv": [3, 4, 4, 11], "texture": "#0"},
				"west": {"uv": [3, 4, 4, 11], "texture": "#0"},
				"up": {"uv": [3, 4, 4, 5], "texture": "#0"},
				"down": {"uv": [3, 10, 4, 11], "texture": "#0"}
			}
		},
		{
			"name": "piglin_brute_spawn_egg_2",
			"from": [11, 5, 7.5],
			"to": [12, 10, 8.5],
			"faces": {
				"north": {"uv": [12, 6, 11, 11], "texture": "#0"},
				"east": {"uv": [11, 6, 12, 11], "texture": "#0"},
				"south": {"uv": [11, 6, 12, 11], "texture": "#0"},
				"west": {"uv": [11, 6, 12, 11], "texture": "#0"},
				"up": {"uv": [11, 6, 12, 7], "texture": "#0"},
				"down": {"uv": [11, 10, 12, 11], "texture": "#0"}
			}
		},
		{
			"name": "piglin_brute_spawn_egg_3",
			"from": [5, 1, 7.5],
			"to": [7, 5, 8.5],
			"faces": {
				"north": {"uv": [7, 11, 5, 15], "texture": "#0"},
				"east": {"uv": [6, 11, 7, 15], "texture": "#0"},
				"south": {"uv": [5, 11, 7, 15], "texture": "#0"},
				"west": {"uv": [5, 11, 6, 15], "texture": "#0"},
				"up": {"uv": [5, 11, 7, 12], "texture": "#0"},
				"down": {"uv": [5, 14, 7, 15], "texture": "#0"}
			}
		},
		{
			"name": "piglin_brute_spawn_egg_4",
			"from": [8, 1, 7.5],
			"to": [10, 5, 8.5],
			"faces": {
				"north": {"uv": [10, 11, 8, 15], "texture": "#0"},
				"east": {"uv": [9, 11, 10, 15], "texture": "#0"},
				"south": {"uv": [8, 11, 10, 15], "texture": "#0"},
				"west": {"uv": [8, 11, 9, 15], "texture": "#0"},
				"up": {"uv": [8, 11, 10, 12], "texture": "#0"},
				"down": {"uv": [8, 14, 10, 15], "texture": "#0"}
			}
		}
	],
	"gui_light": "front",
	"display": {
		"thirdperson_righthand": {
			"translation": [0, 3, 1],
			"scale": [0.55, 0.55, 0.55]
		},
		"firstperson_righthand": {
			"rotation": [0, -90, 25],
			"translation": [1.13, 3.2, 1.13],
			"scale": [0.68, 0.68, 0.68]
		},
		"ground": {
			"translation": [0, 2, 0],
			"scale": [0.5, 0.5, 0.5]
		},
		"head": {
			"rotation": [0, 180, 0],
			"translation": [0, 13, 7]
		},
		"fixed": {
			"rotation": [0, 180, 0]
		}
	},
	"groups": [
		{
			"name": "piglin_brute_spawn_egg",
			"origin": [8, 8, 8],
			"color": 0,
			"children": [0, 1, 2, 3, 4]
		}
	]
}