{
	"credit": "Made with Blockbench - GrandPappyJay",
	"textures": {
		"particle": "item/polar_bear_spawn_egg",
		"egg": "item/polar_bear_spawn_egg"
	},
	"elements": [
		{
			"name": "polar_bear_spawn_egg_0",
			"from": [3, 4, 7.5],
			"to": [13, 11, 8.5],
			"faces": {
				"north": {"uv": [13, 5, 3, 12], "texture": "#egg"},
				"east": {"uv": [12, 5, 13, 12], "texture": "#egg"},
				"south": {"uv": [3, 5, 13, 12], "texture": "#egg"},
				"west": {"uv": [3, 5, 4, 12], "texture": "#egg"},
				"up": {"uv": [3, 5, 13, 6], "texture": "#egg"},
				"down": {"uv": [3, 11, 13, 12], "texture": "#egg"}
			}
		},
		{
			"name": "polar_bear_spawn_egg_1",
			"from": [2, 5, 7.5],
			"to": [3, 10, 8.5],
			"faces": {
				"north": {"uv": [3, 6, 2, 11], "texture": "#egg"},
				"east": {"uv": [2, 6, 3, 11], "texture": "#egg"},
				"south": {"uv": [2, 6, 3, 11], "texture": "#egg"},
				"west": {"uv": [2, 6, 3, 11], "texture": "#egg"},
				"up": {"uv": [2, 6, 3, 7], "texture": "#egg"},
				"down": {"uv": [2, 10, 3, 11], "texture": "#egg"}
			}
		},
		{
			"name": "polar_bear_spawn_egg_2",
			"from": [13, 1, 7.5],
			"to": [14, 10, 8.5],
			"faces": {
				"north": {"uv": [14, 6, 13, 15], "texture": "#egg"},
				"east": {"uv": [13, 6, 14, 15], "texture": "#egg"},
				"south": {"uv": [13, 6, 14, 15], "texture": "#egg"},
				"west": {"uv": [13, 6, 14, 15], "texture": "#egg"},
				"up": {"uv": [13, 6, 14, 7], "texture": "#egg"},
				"down": {"uv": [13, 14, 14, 15], "texture": "#egg"}
			}
		},
		{
			"name": "polar_bear_spawn_egg_3",
			"from": [3, 1, 7.5],
			"to": [6, 4, 8.5],
			"faces": {
				"north": {"uv": [6, 12, 3, 15], "texture": "#egg"},
				"east": {"uv": [5, 12, 6, 15], "texture": "#egg"},
				"south": {"uv": [3, 12, 6, 15], "texture": "#egg"},
				"west": {"uv": [3, 12, 4, 15], "texture": "#egg"},
				"up": {"uv": [3, 12, 6, 13], "texture": "#egg"},
				"down": {"uv": [3, 14, 6, 15], "texture": "#egg"}
			}
		},
		{
			"name": "polar_bear_spawn_egg_4",
			"from": [7, 1, 7.5],
			"to": [10, 4, 8.5],
			"faces": {
				"north": {"uv": [10, 12, 7, 15], "texture": "#egg"},
				"east": {"uv": [9, 12, 10, 15], "texture": "#egg"},
				"south": {"uv": [7, 12, 10, 15], "texture": "#egg"},
				"west": {"uv": [7, 12, 8, 15], "texture": "#egg"},
				"up": {"uv": [7, 12, 10, 13], "texture": "#egg"},
				"down": {"uv": [7, 14, 10, 15], "texture": "#egg"}
			}
		},
		{
			"name": "polar_bear_spawn_egg_5",
			"from": [11, 1, 7.5],
			"to": [13, 4, 8.5],
			"faces": {
				"north": {"uv": [13, 12, 11, 15], "texture": "#egg"},
				"east": {"uv": [12, 12, 13, 15], "texture": "#egg"},
				"south": {"uv": [11, 12, 13, 15], "texture": "#egg"},
				"west": {"uv": [11, 12, 12, 15], "texture": "#egg"},
				"up": {"uv": [11, 12, 13, 13], "texture": "#egg"},
				"down": {"uv": [11, 14, 13, 15], "texture": "#egg"}
			}
		}
	],
	"gui_light": "front",
	"display": {
		"thirdperson_righthand": {
			"translation": [0, 3, 1],
			"scale": [0.55, 0.55, 0.55]
		},
		"firstperson_righthand": {
			"rotation": [0, -90, 25],
			"translation": [1.13, 3.2, 1.13],
			"scale": [0.68, 0.68, 0.68]
		},
		"ground": {
			"translation": [0, 2, 0],
			"scale": [0.5, 0.5, 0.5]
		},
		"head": {
			"rotation": [0, 180, 0],
			"translation": [0, 13, 7]
		},
		"fixed": {
			"rotation": [0, 180, 0]
		}
	},
	"groups": [
		{
			"name": "polar_bear_spawn_egg",
			"origin": [8, 8, 8],
			"color": 0,
			"children": [0, 1, 2, 3, 4, 5]
		}
	]
}