{
  "parent": "item/generated",
	"textures": {
		"layer0": "item/potion_overlay",
		"layer1": "item/potion"
	},
  "overrides": [
    {
      "predicate": {
        "eatinganimation:drinking": 1.0,
        "eatinganimation:drink": 0.35
      },
      "model": "minecraft:item/excalibur/eating_animation/potion_drinking_0"
    },
    {
      "predicate": {
        "eatinganimation:drinking": 1.0,
        "eatinganimation:drink": 0.7
      },
      "model": "minecraft:item/excalibur/eating_animation/potion_drinking_1"
    },
    {
      "predicate": {
        "eatinganimation:drinking": 1.0,
        "eatinganimation:drink": 0.9
      },
      "model": "minecraft:item/excalibur/eating_animation/potion_drinking_2"
    },


    {
      "predicate": { "drinking": 1, "drink": 0.35 },
      "model": "minecraft:item/excalibur/eating_animation/potion_drinking_0"
    },
    {
      "predicate": { "drinking": 1, "drink": 0.7 },
      "model": "minecraft:item/excalibur/eating_animation/potion_drinking_1"
    },
    {
      "predicate": { "drinking": 1, "drink": 0.9 },
      "model": "minecraft:item/excalibur/eating_animation/potion_drinking_2"
    }
  ]
}
