{
	"credit": "Made with Blockbench - GrandPappyJay",
	"textures": {
		"particle": "item/pufferfish_spawn_egg",
		"egg": "item/pufferfish_spawn_egg"
	},
	"elements": [
		{
			"name": "pufferfish_spawn_egg_0",
			"from": [4, 3, 7.5],
			"to": [5, 12, 8.5],
			"faces": {
				"north": {"uv": [5, 4, 4, 13], "texture": "#egg"},
				"east": {"uv": [4, 4, 5, 13], "texture": "#egg"},
				"south": {"uv": [4, 4, 5, 13], "texture": "#egg"},
				"west": {"uv": [4, 4, 5, 13], "texture": "#egg"},
				"up": {"uv": [4, 4, 5, 5], "texture": "#egg"},
				"down": {"uv": [4, 12, 5, 13], "texture": "#egg"}
			}
		},
		{
			"name": "pufferfish_spawn_egg_1",
			"from": [6, 3, 7.5],
			"to": [7, 12, 8.5],
			"faces": {
				"north": {"uv": [7, 4, 6, 13], "texture": "#egg"},
				"east": {"uv": [6, 4, 7, 13], "texture": "#egg"},
				"south": {"uv": [6, 4, 7, 13], "texture": "#egg"},
				"west": {"uv": [6, 4, 7, 13], "texture": "#egg"},
				"up": {"uv": [6, 4, 7, 5], "texture": "#egg"},
				"down": {"uv": [6, 12, 7, 13], "texture": "#egg"}
			}
		},
		{
			"name": "pufferfish_spawn_egg_2",
			"from": [9, 3, 7.5],
			"to": [10, 12, 8.5],
			"faces": {
				"north": {"uv": [10, 4, 9, 13], "texture": "#egg"},
				"east": {"uv": [9, 4, 10, 13], "texture": "#egg"},
				"south": {"uv": [9, 4, 10, 13], "texture": "#egg"},
				"west": {"uv": [9, 4, 10, 13], "texture": "#egg"},
				"up": {"uv": [9, 4, 10, 5], "texture": "#egg"},
				"down": {"uv": [9, 12, 10, 13], "texture": "#egg"}
			}
		},
		{
			"name": "pufferfish_spawn_egg_3",
			"from": [11, 3, 7.5],
			"to": [12, 12, 8.5],
			"faces": {
				"north": {"uv": [12, 4, 11, 13], "texture": "#egg"},
				"east": {"uv": [11, 4, 12, 13], "texture": "#egg"},
				"south": {"uv": [11, 4, 12, 13], "texture": "#egg"},
				"west": {"uv": [11, 4, 12, 13], "texture": "#egg"},
				"up": {"uv": [11, 4, 12, 5], "texture": "#egg"},
				"down": {"uv": [11, 12, 12, 13], "texture": "#egg"}
			}
		},
		{
			"name": "pufferfish_spawn_egg_4",
			"from": [2, 10, 7.5],
			"to": [4, 11, 8.5],
			"faces": {
				"north": {"uv": [4, 5, 2, 6], "texture": "#egg"},
				"east": {"uv": [3, 5, 4, 6], "texture": "#egg"},
				"south": {"uv": [2, 5, 4, 6], "texture": "#egg"},
				"west": {"uv": [2, 5, 3, 6], "texture": "#egg"},
				"up": {"uv": [2, 5, 4, 6], "texture": "#egg"},
				"down": {"uv": [2, 5, 4, 6], "texture": "#egg"}
			}
		},
		{
			"name": "pufferfish_spawn_egg_5",
			"from": [5, 4, 7.5],
			"to": [6, 11, 8.5],
			"faces": {
				"north": {"uv": [6, 5, 5, 12], "texture": "#egg"},
				"east": {"uv": [5, 5, 6, 12], "texture": "#egg"},
				"south": {"uv": [5, 5, 6, 12], "texture": "#egg"},
				"west": {"uv": [5, 5, 6, 12], "texture": "#egg"},
				"up": {"uv": [5, 5, 6, 6], "texture": "#egg"},
				"down": {"uv": [5, 11, 6, 12], "texture": "#egg"}
			}
		},
		{
			"name": "pufferfish_spawn_egg_6",
			"from": [7, 4, 7.5],
			"to": [9, 11, 8.5],
			"faces": {
				"north": {"uv": [9, 5, 7, 12], "texture": "#egg"},
				"east": {"uv": [8, 5, 9, 12], "texture": "#egg"},
				"south": {"uv": [7, 5, 9, 12], "texture": "#egg"},
				"west": {"uv": [7, 5, 8, 12], "texture": "#egg"},
				"up": {"uv": [7, 5, 9, 6], "texture": "#egg"},
				"down": {"uv": [7, 11, 9, 12], "texture": "#egg"}
			}
		},
		{
			"name": "pufferfish_spawn_egg_7",
			"from": [10, 4, 7.5],
			"to": [11, 11, 8.5],
			"faces": {
				"north": {"uv": [11, 5, 10, 12], "texture": "#egg"},
				"east": {"uv": [10, 5, 11, 12], "texture": "#egg"},
				"south": {"uv": [10, 5, 11, 12], "texture": "#egg"},
				"west": {"uv": [10, 5, 11, 12], "texture": "#egg"},
				"up": {"uv": [10, 5, 11, 6], "texture": "#egg"},
				"down": {"uv": [10, 11, 11, 12], "texture": "#egg"}
			}
		},
		{
			"name": "pufferfish_spawn_egg_8",
			"from": [12, 10, 7.5],
			"to": [14, 11, 8.5],
			"faces": {
				"north": {"uv": [14, 5, 12, 6], "texture": "#egg"},
				"east": {"uv": [13, 5, 14, 6], "texture": "#egg"},
				"south": {"uv": [12, 5, 14, 6], "texture": "#egg"},
				"west": {"uv": [12, 5, 13, 6], "texture": "#egg"},
				"up": {"uv": [12, 5, 14, 6], "texture": "#egg"},
				"down": {"uv": [12, 5, 14, 6], "texture": "#egg"}
			}
		},
		{
			"name": "pufferfish_spawn_egg_9",
			"from": [3, 4, 7.5],
			"to": [4, 10, 8.5],
			"faces": {
				"north": {"uv": [4, 6, 3, 12], "texture": "#egg"},
				"east": {"uv": [3, 6, 4, 12], "texture": "#egg"},
				"south": {"uv": [3, 6, 4, 12], "texture": "#egg"},
				"west": {"uv": [3, 6, 4, 12], "texture": "#egg"},
				"up": {"uv": [3, 6, 4, 7], "texture": "#egg"},
				"down": {"uv": [3, 11, 4, 12], "texture": "#egg"}
			}
		},
		{
			"name": "pufferfish_spawn_egg_10",
			"from": [12, 4, 7.5],
			"to": [13, 10, 8.5],
			"faces": {
				"north": {"uv": [13, 6, 12, 12], "texture": "#egg"},
				"east": {"uv": [12, 6, 13, 12], "texture": "#egg"},
				"south": {"uv": [12, 6, 13, 12], "texture": "#egg"},
				"west": {"uv": [12, 6, 13, 12], "texture": "#egg"},
				"up": {"uv": [12, 6, 13, 7], "texture": "#egg"},
				"down": {"uv": [12, 11, 13, 12], "texture": "#egg"}
			}
		},
		{
			"name": "pufferfish_spawn_egg_11",
			"from": [2, 8, 7.5],
			"to": [3, 9, 8.5],
			"faces": {
				"north": {"uv": [3, 7, 2, 8], "texture": "#egg"},
				"east": {"uv": [2, 7, 3, 8], "texture": "#egg"},
				"south": {"uv": [2, 7, 3, 8], "texture": "#egg"},
				"west": {"uv": [2, 7, 3, 8], "texture": "#egg"},
				"up": {"uv": [2, 7, 3, 8], "texture": "#egg"},
				"down": {"uv": [2, 7, 3, 8], "texture": "#egg"}
			}
		},
		{
			"name": "pufferfish_spawn_egg_12",
			"from": [13, 8, 7.5],
			"to": [14, 9, 8.5],
			"faces": {
				"north": {"uv": [14, 7, 13, 8], "texture": "#egg"},
				"east": {"uv": [13, 7, 14, 8], "texture": "#egg"},
				"south": {"uv": [13, 7, 14, 8], "texture": "#egg"},
				"west": {"uv": [13, 7, 14, 8], "texture": "#egg"},
				"up": {"uv": [13, 7, 14, 8], "texture": "#egg"},
				"down": {"uv": [13, 7, 14, 8], "texture": "#egg"}
			}
		},
		{
			"name": "pufferfish_spawn_egg_13",
			"from": [2, 6, 7.5],
			"to": [3, 7, 8.5],
			"faces": {
				"north": {"uv": [3, 9, 2, 10], "texture": "#egg"},
				"east": {"uv": [2, 9, 3, 10], "texture": "#egg"},
				"south": {"uv": [2, 9, 3, 10], "texture": "#egg"},
				"west": {"uv": [2, 9, 3, 10], "texture": "#egg"},
				"up": {"uv": [2, 9, 3, 10], "texture": "#egg"},
				"down": {"uv": [2, 9, 3, 10], "texture": "#egg"}
			}
		},
		{
			"name": "pufferfish_spawn_egg_14",
			"from": [13, 6, 7.5],
			"to": [14, 7, 8.5],
			"faces": {
				"north": {"uv": [14, 9, 13, 10], "texture": "#egg"},
				"east": {"uv": [13, 9, 14, 10], "texture": "#egg"},
				"south": {"uv": [13, 9, 14, 10], "texture": "#egg"},
				"west": {"uv": [13, 9, 14, 10], "texture": "#egg"},
				"up": {"uv": [13, 9, 14, 10], "texture": "#egg"},
				"down": {"uv": [13, 9, 14, 10], "texture": "#egg"}
			}
		},
		{
			"name": "pufferfish_spawn_egg_15",
			"from": [2, 4, 7.5],
			"to": [3, 5, 8.5],
			"faces": {
				"north": {"uv": [3, 11, 2, 12], "texture": "#egg"},
				"east": {"uv": [2, 11, 3, 12], "texture": "#egg"},
				"south": {"uv": [2, 11, 3, 12], "texture": "#egg"},
				"west": {"uv": [2, 11, 3, 12], "texture": "#egg"},
				"up": {"uv": [2, 11, 3, 12], "texture": "#egg"},
				"down": {"uv": [2, 11, 3, 12], "texture": "#egg"}
			}
		},
		{
			"name": "pufferfish_spawn_egg_16",
			"from": [13, 4, 7.5],
			"to": [14, 5, 8.5],
			"faces": {
				"north": {"uv": [14, 11, 13, 12], "texture": "#egg"},
				"east": {"uv": [13, 11, 14, 12], "texture": "#egg"},
				"south": {"uv": [13, 11, 14, 12], "texture": "#egg"},
				"west": {"uv": [13, 11, 14, 12], "texture": "#egg"},
				"up": {"uv": [13, 11, 14, 12], "texture": "#egg"},
				"down": {"uv": [13, 11, 14, 12], "texture": "#egg"}
			}
		}
	],
	"gui_light": "front",
	"display": {
		"thirdperson_righthand": {
			"translation": [0, 3, 1],
			"scale": [0.55, 0.55, 0.55]
		},
		"firstperson_righthand": {
			"rotation": [0, -90, 25],
			"translation": [1.13, 3.2, 1.13],
			"scale": [0.68, 0.68, 0.68]
		},
		"ground": {
			"translation": [0, 2, 0],
			"scale": [0.5, 0.5, 0.5]
		},
		"head": {
			"rotation": [0, 180, 0],
			"translation": [0, 13, 7]
		},
		"fixed": {
			"rotation": [0, 180, 0]
		}
	},
	"groups": [
		{
			"name": "pufferfish_spawn_egg",
			"origin": [8, 8, 8],
			"color": 0,
			"children": [0, 1, 2, 3, 4, 5, 6, 7, 8, 9, 10, 11, 12, 13, 14, 15, 16]
		}
	]
}