{
	"credit": "Made with Blockbench - GrandPappyJay",
	"textures": {
		"particle": "item/rabbit_spawn_egg",
		"egg": "item/rabbit_spawn_egg"
	},
	"elements": [
		{
			"name": "rabbit_spawn_egg_0",
			"from": [3, 6, 7.5],
			"to": [5, 13, 8.5],
			"faces": {
				"north": {"uv": [5, 3, 3, 10], "texture": "#egg"},
				"east": {"uv": [4, 3, 5, 10], "texture": "#egg"},
				"south": {"uv": [3, 3, 5, 10], "texture": "#egg"},
				"west": {"uv": [3, 3, 4, 10], "texture": "#egg"},
				"up": {"uv": [3, 3, 5, 4], "texture": "#egg"},
				"down": {"uv": [3, 9, 5, 10], "texture": "#egg"}
			}
		},
		{
			"name": "rabbit_spawn_egg_1",
			"from": [6, 4, 7.5],
			"to": [8, 13, 8.5],
			"faces": {
				"north": {"uv": [8, 3, 6, 12], "texture": "#egg"},
				"east": {"uv": [7, 3, 8, 12], "texture": "#egg"},
				"south": {"uv": [6, 3, 8, 12], "texture": "#egg"},
				"west": {"uv": [6, 3, 7, 12], "texture": "#egg"},
				"up": {"uv": [6, 3, 8, 4], "texture": "#egg"},
				"down": {"uv": [6, 11, 8, 12], "texture": "#egg"}
			}
		},
		{
			"name": "rabbit_spawn_egg_2",
			"from": [2, 6, 7.5],
			"to": [3, 10, 8.5],
			"faces": {
				"north": {"uv": [3, 6, 2, 10], "texture": "#egg"},
				"east": {"uv": [2, 6, 3, 10], "texture": "#egg"},
				"south": {"uv": [2, 6, 3, 10], "texture": "#egg"},
				"west": {"uv": [2, 6, 3, 10], "texture": "#egg"},
				"up": {"uv": [2, 6, 3, 7], "texture": "#egg"},
				"down": {"uv": [2, 9, 3, 10], "texture": "#egg"}
			}
		},
		{
			"name": "rabbit_spawn_egg_3",
			"from": [5, 1, 7.5],
			"to": [6, 10, 8.5],
			"faces": {
				"north": {"uv": [6, 6, 5, 15], "texture": "#egg"},
				"east": {"uv": [5, 6, 6, 15], "texture": "#egg"},
				"south": {"uv": [5, 6, 6, 15], "texture": "#egg"},
				"west": {"uv": [5, 6, 6, 15], "texture": "#egg"},
				"up": {"uv": [5, 6, 6, 7], "texture": "#egg"},
				"down": {"uv": [5, 14, 6, 15], "texture": "#egg"}
			}
		},
		{
			"name": "rabbit_spawn_egg_4",
			"from": [8, 3, 7.5],
			"to": [10, 8, 8.5],
			"faces": {
				"north": {"uv": [10, 8, 8, 13], "texture": "#egg"},
				"east": {"uv": [9, 8, 10, 13], "texture": "#egg"},
				"south": {"uv": [8, 8, 10, 13], "texture": "#egg"},
				"west": {"uv": [8, 8, 9, 13], "texture": "#egg"},
				"up": {"uv": [8, 8, 10, 9], "texture": "#egg"},
				"down": {"uv": [8, 12, 10, 13], "texture": "#egg"}
			}
		},
		{
			"name": "rabbit_spawn_egg_5",
			"from": [10, 1, 7.5],
			"to": [12, 7, 8.5],
			"faces": {
				"north": {"uv": [12, 9, 10, 15], "texture": "#egg"},
				"east": {"uv": [11, 9, 12, 15], "texture": "#egg"},
				"south": {"uv": [10, 9, 12, 15], "texture": "#egg"},
				"west": {"uv": [10, 9, 11, 15], "texture": "#egg"},
				"up": {"uv": [10, 9, 12, 10], "texture": "#egg"},
				"down": {"uv": [10, 14, 12, 15], "texture": "#egg"}
			}
		},
		{
			"name": "rabbit_spawn_egg_6",
			"from": [4, 1, 7.5],
			"to": [5, 6, 8.5],
			"faces": {
				"north": {"uv": [5, 10, 4, 15], "texture": "#egg"},
				"east": {"uv": [4, 10, 5, 15], "texture": "#egg"},
				"south": {"uv": [4, 10, 5, 15], "texture": "#egg"},
				"west": {"uv": [4, 10, 5, 15], "texture": "#egg"},
				"up": {"uv": [4, 10, 5, 11], "texture": "#egg"},
				"down": {"uv": [4, 14, 5, 15], "texture": "#egg"}
			}
		},
		{
			"name": "rabbit_spawn_egg_7",
			"from": [12, 1, 7.5],
			"to": [13, 6, 8.5],
			"faces": {
				"north": {"uv": [13, 10, 12, 15], "texture": "#egg"},
				"east": {"uv": [12, 10, 13, 15], "texture": "#egg"},
				"south": {"uv": [12, 10, 13, 15], "texture": "#egg"},
				"west": {"uv": [12, 10, 13, 15], "texture": "#egg"},
				"up": {"uv": [12, 10, 13, 11], "texture": "#egg"},
				"down": {"uv": [12, 14, 13, 15], "texture": "#egg"}
			}
		},
		{
			"name": "rabbit_spawn_egg_8",
			"from": [13, 2, 7.5],
			"to": [14, 5, 8.5],
			"faces": {
				"north": {"uv": [14, 11, 13, 14], "texture": "#egg"},
				"east": {"uv": [13, 11, 14, 14], "texture": "#egg"},
				"south": {"uv": [13, 11, 14, 14], "texture": "#egg"},
				"west": {"uv": [13, 11, 14, 14], "texture": "#egg"},
				"up": {"uv": [13, 11, 14, 12], "texture": "#egg"},
				"down": {"uv": [13, 13, 14, 14], "texture": "#egg"}
			}
		},
		{
			"name": "rabbit_spawn_egg_9",
			"from": [7, 1, 7.5],
			"to": [8, 4, 8.5],
			"faces": {
				"north": {"uv": [8, 12, 7, 15], "texture": "#egg"},
				"east": {"uv": [7, 12, 8, 15], "texture": "#egg"},
				"south": {"uv": [7, 12, 8, 15], "texture": "#egg"},
				"west": {"uv": [7, 12, 8, 15], "texture": "#egg"},
				"up": {"uv": [7, 12, 8, 13], "texture": "#egg"},
				"down": {"uv": [7, 14, 8, 15], "texture": "#egg"}
			}
		},
		{
			"name": "rabbit_spawn_egg_10",
			"from": [8, 1, 7.5],
			"to": [9, 3, 8.5],
			"faces": {
				"north": {"uv": [9, 13, 8, 15], "texture": "#egg"},
				"east": {"uv": [8, 13, 9, 15], "texture": "#egg"},
				"south": {"uv": [8, 13, 9, 15], "texture": "#egg"},
				"west": {"uv": [8, 13, 9, 15], "texture": "#egg"},
				"up": {"uv": [8, 13, 9, 14], "texture": "#egg"},
				"down": {"uv": [8, 14, 9, 15], "texture": "#egg"}
			}
		},
		{
			"name": "rabbit_spawn_egg_11",
			"from": [9, 1, 7.5],
			"to": [10, 2, 8.5],
			"faces": {
				"north": {"uv": [10, 14, 9, 15], "texture": "#egg"},
				"east": {"uv": [9, 14, 10, 15], "texture": "#egg"},
				"south": {"uv": [9, 14, 10, 15], "texture": "#egg"},
				"west": {"uv": [9, 14, 10, 15], "texture": "#egg"},
				"up": {"uv": [9, 14, 10, 15], "texture": "#egg"},
				"down": {"uv": [9, 14, 10, 15], "texture": "#egg"}
			}
		}
	],
	"gui_light": "front",
	"display": {
		"thirdperson_righthand": {
			"translation": [0, 3, 1],
			"scale": [0.55, 0.55, 0.55]
		},
		"firstperson_righthand": {
			"rotation": [0, -90, 25],
			"translation": [1.13, 3.2, 1.13],
			"scale": [0.68, 0.68, 0.68]
		},
		"ground": {
			"translation": [0, 2, 0],
			"scale": [0.5, 0.5, 0.5]
		},
		"head": {
			"rotation": [0, 180, 0],
			"translation": [0, 13, 7]
		},
		"fixed": {
			"rotation": [0, 180, 0]
		}
	},
	"groups": [
		{
			"name": "rabbit_spawn_egg",
			"origin": [8, 8, 8],
			"color": 0,
			"children": [0, 1, 2, 3, 4, 5, 6, 7, 8, 9, 10, 11]
		}
	]
}