{
	"credit": "Made with Blockbench - GrandPappyJay",
	"textures": {
		"particle": "item/ravager_spawn_egg",
		"egg": "item/ravager_spawn_egg"
	},
	"elements": [
		{
			"name": "ravager_spawn_egg_0",
			"from": [0, 9, 7.5],
			"to": [1, 11, 8.5],
			"faces": {
				"north": {"uv": [1, 5, 0, 7], "texture": "#egg"},
				"east": {"uv": [0, 5, 1, 7], "texture": "#egg"},
				"south": {"uv": [0, 5, 1, 7], "texture": "#egg"},
				"west": {"uv": [0, 5, 1, 7], "texture": "#egg"},
				"up": {"uv": [0, 5, 1, 6], "texture": "#egg"},
				"down": {"uv": [0, 6, 1, 7], "texture": "#egg"}
			}
		},
		{
			"name": "ravager_spawn_egg_1",
			"from": [2, 1, 7.5],
			"to": [4, 11, 8.5],
			"faces": {
				"north": {"uv": [4, 5, 2, 15], "texture": "#egg"},
				"east": {"uv": [3, 5, 4, 15], "texture": "#egg"},
				"south": {"uv": [2, 5, 4, 15], "texture": "#egg"},
				"west": {"uv": [2, 5, 3, 15], "texture": "#egg"},
				"up": {"uv": [2, 5, 4, 6], "texture": "#egg"},
				"down": {"uv": [2, 14, 4, 15], "texture": "#egg"}
			}
		},
		{
			"name": "ravager_spawn_egg_2",
			"from": [5, 4, 7.5],
			"to": [6, 11, 8.5],
			"faces": {
				"north": {"uv": [6, 5, 5, 12], "texture": "#egg"},
				"east": {"uv": [5, 5, 6, 12], "texture": "#egg"},
				"south": {"uv": [5, 5, 6, 12], "texture": "#egg"},
				"west": {"uv": [5, 5, 6, 12], "texture": "#egg"},
				"up": {"uv": [5, 5, 6, 6], "texture": "#egg"},
				"down": {"uv": [5, 11, 6, 12], "texture": "#egg"}
			}
		},
		{
			"name": "ravager_spawn_egg_3",
			"from": [7, 1, 7.5],
			"to": [10, 11, 8.5],
			"faces": {
				"north": {"uv": [10, 5, 7, 15], "texture": "#egg"},
				"east": {"uv": [9, 5, 10, 15], "texture": "#egg"},
				"south": {"uv": [7, 5, 10, 15], "texture": "#egg"},
				"west": {"uv": [7, 5, 8, 15], "texture": "#egg"},
				"up": {"uv": [7, 5, 10, 6], "texture": "#egg"},
				"down": {"uv": [7, 14, 10, 15], "texture": "#egg"}
			}
		},
		{
			"name": "ravager_spawn_egg_4",
			"from": [12, 1, 7.5],
			"to": [15, 11, 8.5],
			"faces": {
				"north": {"uv": [15, 5, 12, 15], "texture": "#egg"},
				"east": {"uv": [14, 5, 15, 15], "texture": "#egg"},
				"south": {"uv": [12, 5, 15, 15], "texture": "#egg"},
				"west": {"uv": [12, 5, 13, 15], "texture": "#egg"},
				"up": {"uv": [12, 5, 15, 6], "texture": "#egg"},
				"down": {"uv": [12, 14, 15, 15], "texture": "#egg"}
			}
		},
		{
			"name": "ravager_spawn_egg_5",
			"from": [1, 8, 7.5],
			"to": [2, 10, 8.5],
			"faces": {
				"north": {"uv": [2, 6, 1, 8], "texture": "#egg"},
				"east": {"uv": [1, 6, 2, 8], "texture": "#egg"},
				"south": {"uv": [1, 6, 2, 8], "texture": "#egg"},
				"west": {"uv": [1, 6, 2, 8], "texture": "#egg"},
				"up": {"uv": [1, 6, 2, 7], "texture": "#egg"},
				"down": {"uv": [1, 7, 2, 8], "texture": "#egg"}
			}
		},
		{
			"name": "ravager_spawn_egg_6",
			"from": [4, 1, 7.5],
			"to": [5, 10, 8.5],
			"faces": {
				"north": {"uv": [5, 6, 4, 15], "texture": "#egg"},
				"east": {"uv": [4, 6, 5, 15], "texture": "#egg"},
				"south": {"uv": [4, 6, 5, 15], "texture": "#egg"},
				"west": {"uv": [4, 6, 5, 15], "texture": "#egg"},
				"up": {"uv": [4, 6, 5, 7], "texture": "#egg"},
				"down": {"uv": [4, 14, 5, 15], "texture": "#egg"}
			}
		},
		{
			"name": "ravager_spawn_egg_7",
			"from": [6, 4, 7.5],
			"to": [7, 10, 8.5],
			"faces": {
				"north": {"uv": [7, 6, 6, 12], "texture": "#egg"},
				"east": {"uv": [6, 6, 7, 12], "texture": "#egg"},
				"south": {"uv": [6, 6, 7, 12], "texture": "#egg"},
				"west": {"uv": [6, 6, 7, 12], "texture": "#egg"},
				"up": {"uv": [6, 6, 7, 7], "texture": "#egg"},
				"down": {"uv": [6, 11, 7, 12], "texture": "#egg"}
			}
		},
		{
			"name": "ravager_spawn_egg_8",
			"from": [10, 4, 7.5],
			"to": [12, 10, 8.5],
			"faces": {
				"north": {"uv": [12, 6, 10, 12], "texture": "#egg"},
				"east": {"uv": [11, 6, 12, 12], "texture": "#egg"},
				"south": {"uv": [10, 6, 12, 12], "texture": "#egg"},
				"west": {"uv": [10, 6, 11, 12], "texture": "#egg"},
				"up": {"uv": [10, 6, 12, 7], "texture": "#egg"},
				"down": {"uv": [10, 11, 12, 12], "texture": "#egg"}
			}
		},
		{
			"name": "ravager_spawn_egg_9",
			"from": [1, 4, 7.5],
			"to": [2, 7, 8.5],
			"faces": {
				"north": {"uv": [2, 9, 1, 12], "texture": "#egg"},
				"east": {"uv": [1, 9, 2, 12], "texture": "#egg"},
				"south": {"uv": [1, 9, 2, 12], "texture": "#egg"},
				"west": {"uv": [1, 9, 2, 12], "texture": "#egg"},
				"up": {"uv": [1, 9, 2, 10], "texture": "#egg"},
				"down": {"uv": [1, 11, 2, 12], "texture": "#egg"}
			}
		}
	],
	"gui_light": "front",
	"display": {
		"thirdperson_righthand": {
			"translation": [0, 3, 1],
			"scale": [0.55, 0.55, 0.55]
		},
		"firstperson_righthand": {
			"rotation": [0, -90, 25],
			"translation": [1.13, 3.2, 1.13],
			"scale": [0.68, 0.68, 0.68]
		},
		"ground": {
			"translation": [0, 2, 0],
			"scale": [0.5, 0.5, 0.5]
		},
		"head": {
			"rotation": [0, 180, 0],
			"translation": [0, 13, 7]
		},
		"fixed": {
			"rotation": [0, 180, 0]
		}
	},
	"groups": [
		{
			"name": "ravager_spawn_egg",
			"origin": [8, 8, 8],
			"color": 0,
			"children": [0, 1, 2, 3, 4, 5, 6, 7, 8, 9]
		}
	]
}