{
	"credit": "Made with Blockbench - GrandPappyJay",
	"textures": {
		"particle": "item/salmon_spawn_egg",
		"egg": "item/salmon_spawn_egg"
	},
	"elements": [
		{
			"name": "salmon_spawn_egg_0",
			"from": [6, 5, 7.5],
			"to": [9, 11, 8.5],
			"faces": {
				"north": {"uv": [9, 5, 6, 11], "texture": "#egg"},
				"east": {"uv": [8, 5, 9, 11], "texture": "#egg"},
				"south": {"uv": [6, 5, 9, 11], "texture": "#egg"},
				"west": {"uv": [6, 5, 7, 11], "texture": "#egg"},
				"up": {"uv": [6, 5, 9, 6], "texture": "#egg"},
				"down": {"uv": [6, 10, 9, 11], "texture": "#egg"}
			}
		},
		{
			"name": "salmon_spawn_egg_1",
			"from": [2, 5, 7.5],
			"to": [6, 10, 8.5],
			"faces": {
				"north": {"uv": [6, 6, 2, 11], "texture": "#egg"},
				"east": {"uv": [5, 6, 6, 11], "texture": "#egg"},
				"south": {"uv": [2, 6, 6, 11], "texture": "#egg"},
				"west": {"uv": [2, 6, 3, 11], "texture": "#egg"},
				"up": {"uv": [2, 6, 6, 7], "texture": "#egg"},
				"down": {"uv": [2, 10, 6, 11], "texture": "#egg"}
			}
		},
		{
			"name": "salmon_spawn_egg_2",
			"from": [9, 5, 7.5],
			"to": [12, 10, 8.5],
			"faces": {
				"north": {"uv": [12, 6, 9, 11], "texture": "#egg"},
				"east": {"uv": [11, 6, 12, 11], "texture": "#egg"},
				"south": {"uv": [9, 6, 12, 11], "texture": "#egg"},
				"west": {"uv": [9, 6, 10, 11], "texture": "#egg"},
				"up": {"uv": [9, 6, 12, 7], "texture": "#egg"},
				"down": {"uv": [9, 10, 12, 11], "texture": "#egg"}
			}
		},
		{
			"name": "salmon_spawn_egg_3",
			"from": [14, 9, 7.5],
			"to": [16, 10, 8.5],
			"faces": {
				"north": {"uv": [16, 6, 14, 7], "texture": "#egg"},
				"east": {"uv": [15, 6, 16, 7], "texture": "#egg"},
				"south": {"uv": [14, 6, 16, 7], "texture": "#egg"},
				"west": {"uv": [14, 6, 15, 7], "texture": "#egg"},
				"up": {"uv": [14, 6, 16, 7], "texture": "#egg"},
				"down": {"uv": [14, 6, 16, 7], "texture": "#egg"}
			}
		},
		{
			"name": "salmon_spawn_egg_4",
			"from": [1, 6, 7.5],
			"to": [2, 9, 8.5],
			"faces": {
				"north": {"uv": [2, 7, 1, 10], "texture": "#egg"},
				"east": {"uv": [1, 7, 2, 10], "texture": "#egg"},
				"south": {"uv": [1, 7, 2, 10], "texture": "#egg"},
				"west": {"uv": [1, 7, 2, 10], "texture": "#egg"},
				"up": {"uv": [1, 7, 2, 8], "texture": "#egg"},
				"down": {"uv": [1, 9, 2, 10], "texture": "#egg"}
			}
		},
		{
			"name": "salmon_spawn_egg_5",
			"from": [12, 6, 7.5],
			"to": [14, 9, 8.5],
			"faces": {
				"north": {"uv": [14, 7, 12, 10], "texture": "#egg"},
				"east": {"uv": [13, 7, 14, 10], "texture": "#egg"},
				"south": {"uv": [12, 7, 14, 10], "texture": "#egg"},
				"west": {"uv": [12, 7, 13, 10], "texture": "#egg"},
				"up": {"uv": [12, 7, 14, 8], "texture": "#egg"},
				"down": {"uv": [12, 9, 14, 10], "texture": "#egg"}
			}
		},
		{
			"name": "salmon_spawn_egg_6",
			"from": [14, 8, 7.5],
			"to": [15, 9, 8.5],
			"faces": {
				"north": {"uv": [15, 7, 14, 8], "texture": "#egg"},
				"east": {"uv": [14, 7, 15, 8], "texture": "#egg"},
				"south": {"uv": [14, 7, 15, 8], "texture": "#egg"},
				"west": {"uv": [14, 7, 15, 8], "texture": "#egg"},
				"up": {"uv": [14, 7, 15, 8], "texture": "#egg"},
				"down": {"uv": [14, 7, 15, 8], "texture": "#egg"}
			}
		},
		{
			"name": "salmon_spawn_egg_7",
			"from": [14, 5, 7.5],
			"to": [15, 7, 8.5],
			"faces": {
				"north": {"uv": [15, 9, 14, 11], "texture": "#egg"},
				"east": {"uv": [14, 9, 15, 11], "texture": "#egg"},
				"south": {"uv": [14, 9, 15, 11], "texture": "#egg"},
				"west": {"uv": [14, 9, 15, 11], "texture": "#egg"},
				"up": {"uv": [14, 9, 15, 10], "texture": "#egg"},
				"down": {"uv": [14, 10, 15, 11], "texture": "#egg"}
			}
		},
		{
			"name": "salmon_spawn_egg_8",
			"from": [15, 5, 7.5],
			"to": [16, 6, 8.5],
			"faces": {
				"north": {"uv": [16, 10, 15, 11], "texture": "#egg"},
				"east": {"uv": [15, 10, 16, 11], "texture": "#egg"},
				"south": {"uv": [15, 10, 16, 11], "texture": "#egg"},
				"west": {"uv": [15, 10, 16, 11], "texture": "#egg"},
				"up": {"uv": [15, 10, 16, 11], "texture": "#egg"},
				"down": {"uv": [15, 10, 16, 11], "texture": "#egg"}
			}
		},
		{
			"name": "salmon_spawn_egg_9",
			"from": [5, 4, 7.5],
			"to": [6, 5, 8.5],
			"faces": {
				"north": {"uv": [6, 11, 5, 12], "texture": "#egg"},
				"east": {"uv": [5, 11, 6, 12], "texture": "#egg"},
				"south": {"uv": [5, 11, 6, 12], "texture": "#egg"},
				"west": {"uv": [5, 11, 6, 12], "texture": "#egg"},
				"up": {"uv": [5, 11, 6, 12], "texture": "#egg"},
				"down": {"uv": [5, 11, 6, 12], "texture": "#egg"}
			}
		}
	],
	"gui_light": "front",
	"display": {
		"thirdperson_righthand": {
			"translation": [0, 3, 1],
			"scale": [0.55, 0.55, 0.55]
		},
		"firstperson_righthand": {
			"rotation": [0, -90, 25],
			"translation": [1.13, 3.2, 1.13],
			"scale": [0.68, 0.68, 0.68]
		},
		"ground": {
			"translation": [0, 2, 0],
			"scale": [0.5, 0.5, 0.5]
		},
		"head": {
			"rotation": [0, 180, 0],
			"translation": [0, 13, 7]
		},
		"fixed": {
			"rotation": [0, 180, 0]
		}
	},
	"groups": [
		{
			"name": "salmon_spawn_egg",
			"origin": [8, 8, 8],
			"color": 0,
			"children": [0, 1, 2, 3, 4, 5, 6, 7, 8, 9]
		}
	]
}