{
	"credit": "Made with Blockbench - GrandPappyJay",
	"textures": {
		"particle": "item/sheep_spawn_egg",
		"egg": "item/sheep_spawn_egg"
	},
	"elements": [
		{
			"name": "sheep_spawn_egg_0",
			"from": [2, 4, 7.5],
			"to": [9, 13, 8.5],
			"faces": {
				"north": {"uv": [9, 3, 2, 12], "texture": "#egg"},
				"east": {"uv": [8, 3, 9, 12], "texture": "#egg"},
				"south": {"uv": [2, 3, 9, 12], "texture": "#egg"},
				"west": {"uv": [2, 3, 3, 12], "texture": "#egg"},
				"up": {"uv": [2, 3, 9, 4], "texture": "#egg"},
				"down": {"uv": [2, 11, 9, 12], "texture": "#egg"}
			}
		},
		{
			"name": "sheep_spawn_egg_1",
			"from": [1, 10, 7.5],
			"to": [2, 11, 8.5],
			"faces": {
				"north": {"uv": [2, 5, 1, 6], "texture": "#egg"},
				"east": {"uv": [1, 5, 2, 6], "texture": "#egg"},
				"south": {"uv": [1, 5, 2, 6], "texture": "#egg"},
				"west": {"uv": [1, 5, 2, 6], "texture": "#egg"},
				"up": {"uv": [1, 5, 2, 6], "texture": "#egg"},
				"down": {"uv": [1, 5, 2, 6], "texture": "#egg"}
			}
		},
		{
			"name": "sheep_spawn_egg_2",
			"from": [9, 4, 7.5],
			"to": [14, 10, 8.5],
			"faces": {
				"north": {"uv": [14, 6, 9, 12], "texture": "#egg"},
				"east": {"uv": [13, 6, 14, 12], "texture": "#egg"},
				"south": {"uv": [9, 6, 14, 12], "texture": "#egg"},
				"west": {"uv": [9, 6, 10, 12], "texture": "#egg"},
				"up": {"uv": [9, 6, 14, 7], "texture": "#egg"},
				"down": {"uv": [9, 11, 14, 12], "texture": "#egg"}
			}
		},
		{
			"name": "sheep_spawn_egg_3",
			"from": [3, 1, 7.5],
			"to": [5, 4, 8.5],
			"faces": {
				"north": {"uv": [5, 12, 3, 15], "texture": "#egg"},
				"east": {"uv": [4, 12, 5, 15], "texture": "#egg"},
				"south": {"uv": [3, 12, 5, 15], "texture": "#egg"},
				"west": {"uv": [3, 12, 4, 15], "texture": "#egg"},
				"up": {"uv": [3, 12, 5, 13], "texture": "#egg"},
				"down": {"uv": [3, 14, 5, 15], "texture": "#egg"}
			}
		},
		{
			"name": "sheep_spawn_egg_4",
			"from": [6, 1, 7.5],
			"to": [8, 4, 8.5],
			"faces": {
				"north": {"uv": [8, 12, 6, 15], "texture": "#egg"},
				"east": {"uv": [7, 12, 8, 15], "texture": "#egg"},
				"south": {"uv": [6, 12, 8, 15], "texture": "#egg"},
				"west": {"uv": [6, 12, 7, 15], "texture": "#egg"},
				"up": {"uv": [6, 12, 8, 13], "texture": "#egg"},
				"down": {"uv": [6, 14, 8, 15], "texture": "#egg"}
			}
		},
		{
			"name": "sheep_spawn_egg_5",
			"from": [9, 1, 7.5],
			"to": [13, 4, 8.5],
			"faces": {
				"north": {"uv": [13, 12, 9, 15], "texture": "#egg"},
				"east": {"uv": [12, 12, 13, 15], "texture": "#egg"},
				"south": {"uv": [9, 12, 13, 15], "texture": "#egg"},
				"west": {"uv": [9, 12, 10, 15], "texture": "#egg"},
				"up": {"uv": [9, 12, 13, 13], "texture": "#egg"},
				"down": {"uv": [9, 14, 13, 15], "texture": "#egg"}
			}
		}
	],
	"gui_light": "front",
	"display": {
		"thirdperson_righthand": {
			"translation": [0, 3, 1],
			"scale": [0.55, 0.55, 0.55]
		},
		"firstperson_righthand": {
			"rotation": [0, -90, 25],
			"translation": [1.13, 3.2, 1.13],
			"scale": [0.68, 0.68, 0.68]
		},
		"ground": {
			"translation": [0, 2, 0],
			"scale": [0.5, 0.5, 0.5]
		},
		"head": {
			"rotation": [0, 180, 0],
			"translation": [0, 13, 7]
		},
		"fixed": {
			"rotation": [0, 180, 0]
		}
	},
	"groups": [
		{
			"name": "sheep_spawn_egg",
			"origin": [8, 8, 8],
			"color": 0,
			"children": [0, 1, 2, 3, 4, 5]
		}
	]
}