{
	"credit": "Made with Blockbench - GrandPappyJay",
	"textures": {
		"particle": "item/shulker_spawn_egg",
		"egg": "item/shulker_spawn_egg"
	},
	"elements": [
		{
			"name": "shulker_spawn_egg_0",
			"from": [3, 7, 7.5],
			"to": [14, 12, 8.5],
			"faces": {
				"north": {"uv": [14, 4, 3, 9], "texture": "#egg"},
				"east": {"uv": [13, 4, 14, 9], "texture": "#egg"},
				"south": {"uv": [3, 4, 14, 9], "texture": "#egg"},
				"west": {"uv": [3, 4, 4, 9], "texture": "#egg"},
				"up": {"uv": [3, 4, 14, 5], "texture": "#egg"},
				"down": {"uv": [3, 8, 14, 9], "texture": "#egg"}
			}
		},
		{
			"name": "shulker_spawn_egg_1",
			"from": [5, 1, 7.5],
			"to": [12, 7, 8.5],
			"faces": {
				"north": {"uv": [12, 9, 5, 15], "texture": "#egg"},
				"east": {"uv": [11, 9, 12, 15], "texture": "#egg"},
				"south": {"uv": [5, 9, 12, 15], "texture": "#egg"},
				"west": {"uv": [5, 9, 6, 15], "texture": "#egg"},
				"up": {"uv": [5, 9, 12, 10], "texture": "#egg"},
				"down": {"uv": [5, 14, 12, 15], "texture": "#egg"}
			}
		},
		{
			"name": "shulker_spawn_egg_2",
			"from": [4, 1, 7.5],
			"to": [5, 6, 8.5],
			"faces": {
				"north": {"uv": [5, 10, 4, 15], "texture": "#egg"},
				"east": {"uv": [4, 10, 5, 15], "texture": "#egg"},
				"south": {"uv": [4, 10, 5, 15], "texture": "#egg"},
				"west": {"uv": [4, 10, 5, 15], "texture": "#egg"},
				"up": {"uv": [4, 10, 5, 11], "texture": "#egg"},
				"down": {"uv": [4, 14, 5, 15], "texture": "#egg"}
			}
		},
		{
			"name": "shulker_spawn_egg_3",
			"from": [12, 1, 7.5],
			"to": [13, 6, 8.5],
			"faces": {
				"north": {"uv": [13, 10, 12, 15], "texture": "#egg"},
				"east": {"uv": [12, 10, 13, 15], "texture": "#egg"},
				"south": {"uv": [12, 10, 13, 15], "texture": "#egg"},
				"west": {"uv": [12, 10, 13, 15], "texture": "#egg"},
				"up": {"uv": [12, 10, 13, 11], "texture": "#egg"},
				"down": {"uv": [12, 14, 13, 15], "texture": "#egg"}
			}
		},
		{
			"name": "shulker_spawn_egg_4",
			"from": [13, 1, 7.5],
			"to": [14, 5, 8.5],
			"faces": {
				"north": {"uv": [14, 11, 13, 15], "texture": "#egg"},
				"east": {"uv": [13, 11, 14, 15], "texture": "#egg"},
				"south": {"uv": [13, 11, 14, 15], "texture": "#egg"},
				"west": {"uv": [13, 11, 14, 15], "texture": "#egg"},
				"up": {"uv": [13, 11, 14, 12], "texture": "#egg"},
				"down": {"uv": [13, 14, 14, 15], "texture": "#egg"}
			}
		},
		{
			"name": "shulker_spawn_egg_5",
			"from": [3, 1, 7.5],
			"to": [4, 4, 8.5],
			"faces": {
				"north": {"uv": [4, 12, 3, 15], "texture": "#egg"},
				"east": {"uv": [3, 12, 4, 15], "texture": "#egg"},
				"south": {"uv": [3, 12, 4, 15], "texture": "#egg"},
				"west": {"uv": [3, 12, 4, 15], "texture": "#egg"},
				"up": {"uv": [3, 12, 4, 13], "texture": "#egg"},
				"down": {"uv": [3, 14, 4, 15], "texture": "#egg"}
			}
		}
	],
	"gui_light": "front",
	"display": {
		"thirdperson_righthand": {
			"translation": [0, 3, 1],
			"scale": [0.55, 0.55, 0.55]
		},
		"firstperson_righthand": {
			"rotation": [0, -90, 25],
			"translation": [1.13, 3.2, 1.13],
			"scale": [0.68, 0.68, 0.68]
		},
		"ground": {
			"translation": [0, 2, 0],
			"scale": [0.5, 0.5, 0.5]
		},
		"head": {
			"rotation": [0, 180, 0],
			"translation": [0, 13, 7]
		},
		"fixed": {
			"rotation": [0, 180, 0]
		}
	},
	"groups": [
		{
			"name": "shulker_spawn_egg",
			"origin": [8, 8, 8],
			"color": 0,
			"children": [0, 1, 2, 3, 4, 5]
		}
	]
}