{
	"credit": "Made with Blockbench - GrandPappyJay",
	"textures": {
		"particle": "item/silverfish_spawn_egg",
		"egg": "item/silverfish_spawn_egg"
	},
	"elements": [
		{
			"name": "silverfish_spawn_egg_0",
			"from": [1, 7, 7.5],
			"to": [2, 8, 8.5],
			"faces": {
				"north": {"uv": [2, 8, 1, 9], "texture": "#egg"},
				"east": {"uv": [1, 8, 2, 9], "texture": "#egg"},
				"south": {"uv": [1, 8, 2, 9], "texture": "#egg"},
				"west": {"uv": [1, 8, 2, 9], "texture": "#egg"},
				"up": {"uv": [1, 8, 2, 9], "texture": "#egg"},
				"down": {"uv": [1, 8, 2, 9], "texture": "#egg"}
			}
		},
		{
			"name": "silverfish_spawn_egg_1",
			"from": [5, 7, 7.5],
			"to": [6, 8, 8.5],
			"faces": {
				"north": {"uv": [6, 8, 5, 9], "texture": "#egg"},
				"east": {"uv": [5, 8, 6, 9], "texture": "#egg"},
				"south": {"uv": [5, 8, 6, 9], "texture": "#egg"},
				"west": {"uv": [5, 8, 6, 9], "texture": "#egg"},
				"up": {"uv": [5, 8, 6, 9], "texture": "#egg"},
				"down": {"uv": [5, 8, 6, 9], "texture": "#egg"}
			}
		},
		{
			"name": "silverfish_spawn_egg_2",
			"from": [8, 7, 7.5],
			"to": [9, 8, 8.5],
			"faces": {
				"north": {"uv": [9, 8, 8, 9], "texture": "#egg"},
				"east": {"uv": [8, 8, 9, 9], "texture": "#egg"},
				"south": {"uv": [8, 8, 9, 9], "texture": "#egg"},
				"west": {"uv": [8, 8, 9, 9], "texture": "#egg"},
				"up": {"uv": [8, 8, 9, 9], "texture": "#egg"},
				"down": {"uv": [8, 8, 9, 9], "texture": "#egg"}
			}
		},
		{
			"name": "silverfish_spawn_egg_3",
			"from": [2, 2, 7.5],
			"to": [3, 7, 8.5],
			"faces": {
				"north": {"uv": [3, 9, 2, 14], "texture": "#egg"},
				"east": {"uv": [2, 9, 3, 14], "texture": "#egg"},
				"south": {"uv": [2, 9, 3, 14], "texture": "#egg"},
				"west": {"uv": [2, 9, 3, 14], "texture": "#egg"},
				"up": {"uv": [2, 9, 3, 10], "texture": "#egg"},
				"down": {"uv": [2, 13, 3, 14], "texture": "#egg"}
			}
		},
		{
			"name": "silverfish_spawn_egg_4",
			"from": [4, 2, 7.5],
			"to": [5, 7, 8.5],
			"faces": {
				"north": {"uv": [5, 9, 4, 14], "texture": "#egg"},
				"east": {"uv": [4, 9, 5, 14], "texture": "#egg"},
				"south": {"uv": [4, 9, 5, 14], "texture": "#egg"},
				"west": {"uv": [4, 9, 5, 14], "texture": "#egg"},
				"up": {"uv": [4, 9, 5, 10], "texture": "#egg"},
				"down": {"uv": [4, 13, 5, 14], "texture": "#egg"}
			}
		},
		{
			"name": "silverfish_spawn_egg_5",
			"from": [7, 2, 7.5],
			"to": [8, 7, 8.5],
			"faces": {
				"north": {"uv": [8, 9, 7, 14], "texture": "#egg"},
				"east": {"uv": [7, 9, 8, 14], "texture": "#egg"},
				"south": {"uv": [7, 9, 8, 14], "texture": "#egg"},
				"west": {"uv": [7, 9, 8, 14], "texture": "#egg"},
				"up": {"uv": [7, 9, 8, 10], "texture": "#egg"},
				"down": {"uv": [7, 13, 8, 14], "texture": "#egg"}
			}
		},
		{
			"name": "silverfish_spawn_egg_6",
			"from": [3, 2, 7.5],
			"to": [4, 6, 8.5],
			"faces": {
				"north": {"uv": [4, 10, 3, 14], "texture": "#egg"},
				"east": {"uv": [3, 10, 4, 14], "texture": "#egg"},
				"south": {"uv": [3, 10, 4, 14], "texture": "#egg"},
				"west": {"uv": [3, 10, 4, 14], "texture": "#egg"},
				"up": {"uv": [3, 10, 4, 11], "texture": "#egg"},
				"down": {"uv": [3, 13, 4, 14], "texture": "#egg"}
			}
		},
		{
			"name": "silverfish_spawn_egg_7",
			"from": [5, 2, 7.5],
			"to": [7, 6, 8.5],
			"faces": {
				"north": {"uv": [7, 10, 5, 14], "texture": "#egg"},
				"east": {"uv": [6, 10, 7, 14], "texture": "#egg"},
				"south": {"uv": [5, 10, 7, 14], "texture": "#egg"},
				"west": {"uv": [5, 10, 6, 14], "texture": "#egg"},
				"up": {"uv": [5, 10, 7, 11], "texture": "#egg"},
				"down": {"uv": [5, 13, 7, 14], "texture": "#egg"}
			}
		},
		{
			"name": "silverfish_spawn_egg_8",
			"from": [8, 2, 7.5],
			"to": [9, 6, 8.5],
			"faces": {
				"north": {"uv": [9, 10, 8, 14], "texture": "#egg"},
				"east": {"uv": [8, 10, 9, 14], "texture": "#egg"},
				"south": {"uv": [8, 10, 9, 14], "texture": "#egg"},
				"west": {"uv": [8, 10, 9, 14], "texture": "#egg"},
				"up": {"uv": [8, 10, 9, 11], "texture": "#egg"},
				"down": {"uv": [8, 13, 9, 14], "texture": "#egg"}
			}
		},
		{
			"name": "silverfish_spawn_egg_9",
			"from": [11, 5, 7.5],
			"to": [12, 6, 8.5],
			"faces": {
				"north": {"uv": [12, 10, 11, 11], "texture": "#egg"},
				"east": {"uv": [11, 10, 12, 11], "texture": "#egg"},
				"south": {"uv": [11, 10, 12, 11], "texture": "#egg"},
				"west": {"uv": [11, 10, 12, 11], "texture": "#egg"},
				"up": {"uv": [11, 10, 12, 11], "texture": "#egg"},
				"down": {"uv": [11, 10, 12, 11], "texture": "#egg"}
			}
		},
		{
			"name": "silverfish_spawn_egg_10",
			"from": [1, 2, 7.5],
			"to": [2, 5, 8.5],
			"faces": {
				"north": {"uv": [2, 11, 1, 14], "texture": "#egg"},
				"east": {"uv": [1, 11, 2, 14], "texture": "#egg"},
				"south": {"uv": [1, 11, 2, 14], "texture": "#egg"},
				"west": {"uv": [1, 11, 2, 14], "texture": "#egg"},
				"up": {"uv": [1, 11, 2, 12], "texture": "#egg"},
				"down": {"uv": [1, 13, 2, 14], "texture": "#egg"}
			}
		},
		{
			"name": "silverfish_spawn_egg_11",
			"from": [9, 2, 7.5],
			"to": [11, 5, 8.5],
			"faces": {
				"north": {"uv": [11, 11, 9, 14], "texture": "#egg"},
				"east": {"uv": [10, 11, 11, 14], "texture": "#egg"},
				"south": {"uv": [9, 11, 11, 14], "texture": "#egg"},
				"west": {"uv": [9, 11, 10, 14], "texture": "#egg"},
				"up": {"uv": [9, 11, 11, 12], "texture": "#egg"},
				"down": {"uv": [9, 13, 11, 14], "texture": "#egg"}
			}
		},
		{
			"name": "silverfish_spawn_egg_12",
			"from": [13, 4, 7.5],
			"to": [14, 5, 8.5],
			"faces": {
				"north": {"uv": [14, 11, 13, 12], "texture": "#egg"},
				"east": {"uv": [13, 11, 14, 12], "texture": "#egg"},
				"south": {"uv": [13, 11, 14, 12], "texture": "#egg"},
				"west": {"uv": [13, 11, 14, 12], "texture": "#egg"},
				"up": {"uv": [13, 11, 14, 12], "texture": "#egg"},
				"down": {"uv": [13, 11, 14, 12], "texture": "#egg"}
			}
		},
		{
			"name": "silverfish_spawn_egg_13",
			"from": [11, 2, 7.5],
			"to": [13, 4, 8.5],
			"faces": {
				"north": {"uv": [13, 12, 11, 14], "texture": "#egg"},
				"east": {"uv": [12, 12, 13, 14], "texture": "#egg"},
				"south": {"uv": [11, 12, 13, 14], "texture": "#egg"},
				"west": {"uv": [11, 12, 12, 14], "texture": "#egg"},
				"up": {"uv": [11, 12, 13, 13], "texture": "#egg"},
				"down": {"uv": [11, 13, 13, 14], "texture": "#egg"}
			}
		},
		{
			"name": "silverfish_spawn_egg_14",
			"from": [13, 2, 7.5],
			"to": [14, 3, 8.5],
			"faces": {
				"north": {"uv": [14, 13, 13, 14], "texture": "#egg"},
				"east": {"uv": [13, 13, 14, 14], "texture": "#egg"},
				"south": {"uv": [13, 13, 14, 14], "texture": "#egg"},
				"west": {"uv": [13, 13, 14, 14], "texture": "#egg"},
				"up": {"uv": [13, 13, 14, 14], "texture": "#egg"},
				"down": {"uv": [13, 13, 14, 14], "texture": "#egg"}
			}
		}
	],
	"gui_light": "front",
	"display": {
		"thirdperson_righthand": {
			"translation": [0, 3, 1],
			"scale": [0.55, 0.55, 0.55]
		},
		"firstperson_righthand": {
			"rotation": [0, -90, 25],
			"translation": [1.13, 3.2, 1.13],
			"scale": [0.68, 0.68, 0.68]
		},
		"ground": {
			"translation": [0, 2, 0],
			"scale": [0.5, 0.5, 0.5]
		},
		"head": {
			"rotation": [0, 180, 0],
			"translation": [0, 13, 7]
		},
		"fixed": {
			"rotation": [0, 180, 0]
		}
	},
	"groups": [
		{
			"name": "silverfish_spawn_egg",
			"origin": [8, 8, 8],
			"color": 0,
			"children": [0, 1, 2, 3, 4, 5, 6, 7, 8, 9, 10, 11, 12, 13, 14]
		}
	]
}