{
	"credit": "Made with Blockbench - GrandPappyJay",
	"textures": {
		"particle": "item/skeleton_horse_spawn_egg",
		"egg": "item/skeleton_horse_spawn_egg"
	},
	"elements": [
		{
			"name": "skeleton_horse_spawn_egg_0",
			"from": [3, 1, 7.5],
			"to": [4, 14, 8.5],
			"faces": {
				"north": {"uv": [4, 2, 3, 15], "texture": "#egg"},
				"east": {"uv": [3, 2, 4, 15], "texture": "#egg"},
				"south": {"uv": [3, 2, 4, 15], "texture": "#egg"},
				"west": {"uv": [3, 2, 4, 15], "texture": "#egg"},
				"up": {"uv": [3, 2, 4, 3], "texture": "#egg"},
				"down": {"uv": [3, 14, 4, 15], "texture": "#egg"}
			}
		},
		{
			"name": "skeleton_horse_spawn_egg_1",
			"from": [5, 5, 7.5],
			"to": [6, 14, 8.5],
			"faces": {
				"north": {"uv": [6, 2, 5, 11], "texture": "#egg"},
				"east": {"uv": [5, 2, 6, 11], "texture": "#egg"},
				"south": {"uv": [5, 2, 6, 11], "texture": "#egg"},
				"west": {"uv": [5, 2, 6, 11], "texture": "#egg"},
				"up": {"uv": [5, 2, 6, 3], "texture": "#egg"},
				"down": {"uv": [5, 10, 6, 11], "texture": "#egg"}
			}
		},
		{
			"name": "skeleton_horse_spawn_egg_2",
			"from": [2, 9, 7.5],
			"to": [3, 13, 8.5],
			"faces": {
				"north": {"uv": [3, 3, 2, 7], "texture": "#egg"},
				"east": {"uv": [2, 3, 3, 7], "texture": "#egg"},
				"south": {"uv": [2, 3, 3, 7], "texture": "#egg"},
				"west": {"uv": [2, 3, 3, 7], "texture": "#egg"},
				"up": {"uv": [2, 3, 3, 4], "texture": "#egg"},
				"down": {"uv": [2, 6, 3, 7], "texture": "#egg"}
			}
		},
		{
			"name": "skeleton_horse_spawn_egg_3",
			"from": [4, 1, 7.5],
			"to": [5, 13, 8.5],
			"faces": {
				"north": {"uv": [5, 3, 4, 15], "texture": "#egg"},
				"east": {"uv": [4, 3, 5, 15], "texture": "#egg"},
				"south": {"uv": [4, 3, 5, 15], "texture": "#egg"},
				"west": {"uv": [4, 3, 5, 15], "texture": "#egg"},
				"up": {"uv": [4, 3, 5, 4], "texture": "#egg"},
				"down": {"uv": [4, 14, 5, 15], "texture": "#egg"}
			}
		},
		{
			"name": "skeleton_horse_spawn_egg_4",
			"from": [1, 9, 7.5],
			"to": [2, 12, 8.5],
			"faces": {
				"north": {"uv": [2, 4, 1, 7], "texture": "#egg"},
				"east": {"uv": [1, 4, 2, 7], "texture": "#egg"},
				"south": {"uv": [1, 4, 2, 7], "texture": "#egg"},
				"west": {"uv": [1, 4, 2, 7], "texture": "#egg"},
				"up": {"uv": [1, 4, 2, 5], "texture": "#egg"},
				"down": {"uv": [1, 6, 2, 7], "texture": "#egg"}
			}
		},
		{
			"name": "skeleton_horse_spawn_egg_5",
			"from": [6, 1, 7.5],
			"to": [7, 10, 8.5],
			"faces": {
				"north": {"uv": [7, 6, 6, 15], "texture": "#egg"},
				"east": {"uv": [6, 6, 7, 15], "texture": "#egg"},
				"south": {"uv": [6, 6, 7, 15], "texture": "#egg"},
				"west": {"uv": [6, 6, 7, 15], "texture": "#egg"},
				"up": {"uv": [6, 6, 7, 7], "texture": "#egg"},
				"down": {"uv": [6, 14, 7, 15], "texture": "#egg"}
			}
		},
		{
			"name": "skeleton_horse_spawn_egg_6",
			"from": [7, 5, 7.5],
			"to": [13, 9, 8.5],
			"faces": {
				"north": {"uv": [13, 7, 7, 11], "texture": "#egg"},
				"east": {"uv": [12, 7, 13, 11], "texture": "#egg"},
				"south": {"uv": [7, 7, 13, 11], "texture": "#egg"},
				"west": {"uv": [7, 7, 8, 11], "texture": "#egg"},
				"up": {"uv": [7, 7, 13, 8], "texture": "#egg"},
				"down": {"uv": [7, 10, 13, 11], "texture": "#egg"}
			}
		},
		{
			"name": "skeleton_horse_spawn_egg_7",
			"from": [7, 1, 7.5],
			"to": [8, 5, 8.5],
			"faces": {
				"north": {"uv": [8, 11, 7, 15], "texture": "#egg"},
				"east": {"uv": [7, 11, 8, 15], "texture": "#egg"},
				"south": {"uv": [7, 11, 8, 15], "texture": "#egg"},
				"west": {"uv": [7, 11, 8, 15], "texture": "#egg"},
				"up": {"uv": [7, 11, 8, 12], "texture": "#egg"},
				"down": {"uv": [7, 14, 8, 15], "texture": "#egg"}
			}
		},
		{
			"name": "skeleton_horse_spawn_egg_8",
			"from": [9, 1, 7.5],
			"to": [10, 5, 8.5],
			"faces": {
				"north": {"uv": [10, 11, 9, 15], "texture": "#egg"},
				"east": {"uv": [9, 11, 10, 15], "texture": "#egg"},
				"south": {"uv": [9, 11, 10, 15], "texture": "#egg"},
				"west": {"uv": [9, 11, 10, 15], "texture": "#egg"},
				"up": {"uv": [9, 11, 10, 12], "texture": "#egg"},
				"down": {"uv": [9, 14, 10, 15], "texture": "#egg"}
			}
		},
		{
			"name": "skeleton_horse_spawn_egg_9",
			"from": [11, 1, 7.5],
			"to": [13, 5, 8.5],
			"faces": {
				"north": {"uv": [13, 11, 11, 15], "texture": "#egg"},
				"east": {"uv": [12, 11, 13, 15], "texture": "#egg"},
				"south": {"uv": [11, 11, 13, 15], "texture": "#egg"},
				"west": {"uv": [11, 11, 12, 15], "texture": "#egg"},
				"up": {"uv": [11, 11, 13, 12], "texture": "#egg"},
				"down": {"uv": [11, 14, 13, 15], "texture": "#egg"}
			}
		}
	],
	"gui_light": "front",
	"display": {
		"thirdperson_righthand": {
			"translation": [0, 3, 1],
			"scale": [0.55, 0.55, 0.55]
		},
		"firstperson_righthand": {
			"rotation": [0, -90, 25],
			"translation": [1.13, 3.2, 1.13],
			"scale": [0.68, 0.68, 0.68]
		},
		"ground": {
			"translation": [0, 2, 0],
			"scale": [0.5, 0.5, 0.5]
		},
		"head": {
			"rotation": [0, 180, 0],
			"translation": [0, 13, 7]
		},
		"fixed": {
			"rotation": [0, 180, 0]
		}
	},
	"groups": [
		{
			"name": "skeleton_horse_spawn_egg",
			"origin": [8, 8, 8],
			"color": 0,
			"children": [0, 1, 2, 3, 4, 5, 6, 7, 8, 9]
		}
	]
}