{
	"credit": "Made with Blockbench - GrandPappyJay",
	"textures": {
		"particle": "item/sniffer_spawn_egg",
		"egg": "item/sniffer_spawn_egg"
	},
	"elements": [
		{
			"name": "sniffer_spawn_egg_0",
			"from": [2, 3, 7.5],
			"to": [15, 13, 8.5],
			"faces": {
				"north": {"uv": [15, 3, 2, 13], "texture": "#egg"},
				"east": {"uv": [14, 3, 15, 13], "texture": "#egg"},
				"south": {"uv": [2, 3, 15, 13], "texture": "#egg"},
				"west": {"uv": [2, 3, 3, 13], "texture": "#egg"},
				"up": {"uv": [2, 3, 15, 4], "texture": "#egg"},
				"down": {"uv": [2, 12, 15, 13], "texture": "#egg"}
			}
		},
		{
			"name": "sniffer_spawn_egg_1",
			"from": [1, 3, 7.5],
			"to": [2, 10, 8.5],
			"faces": {
				"north": {"uv": [2, 6, 1, 13], "texture": "#egg"},
				"east": {"uv": [1, 6, 2, 13], "texture": "#egg"},
				"south": {"uv": [1, 6, 2, 13], "texture": "#egg"},
				"west": {"uv": [1, 6, 2, 13], "texture": "#egg"},
				"up": {"uv": [1, 6, 2, 7], "texture": "#egg"},
				"down": {"uv": [1, 12, 2, 13], "texture": "#egg"}
			}
		},
		{
			"name": "sniffer_spawn_egg_2",
			"from": [3, 1, 7.5],
			"to": [6, 3, 8.5],
			"faces": {
				"north": {"uv": [6, 13, 3, 15], "texture": "#egg"},
				"east": {"uv": [5, 13, 6, 15], "texture": "#egg"},
				"south": {"uv": [3, 13, 6, 15], "texture": "#egg"},
				"west": {"uv": [3, 13, 4, 15], "texture": "#egg"},
				"up": {"uv": [3, 13, 6, 14], "texture": "#egg"},
				"down": {"uv": [3, 14, 6, 15], "texture": "#egg"}
			}
		},
		{
			"name": "sniffer_spawn_egg_3",
			"from": [7, 1, 7.5],
			"to": [10, 3, 8.5],
			"faces": {
				"north": {"uv": [10, 13, 7, 15], "texture": "#egg"},
				"east": {"uv": [9, 13, 10, 15], "texture": "#egg"},
				"south": {"uv": [7, 13, 10, 15], "texture": "#egg"},
				"west": {"uv": [7, 13, 8, 15], "texture": "#egg"},
				"up": {"uv": [7, 13, 10, 14], "texture": "#egg"},
				"down": {"uv": [7, 14, 10, 15], "texture": "#egg"}
			}
		},
		{
			"name": "sniffer_spawn_egg_4",
			"from": [12, 1, 7.5],
			"to": [15, 3, 8.5],
			"faces": {
				"north": {"uv": [15, 13, 12, 15], "texture": "#egg"},
				"east": {"uv": [14, 13, 15, 15], "texture": "#egg"},
				"south": {"uv": [12, 13, 15, 15], "texture": "#egg"},
				"west": {"uv": [12, 13, 13, 15], "texture": "#egg"},
				"up": {"uv": [12, 13, 15, 14], "texture": "#egg"},
				"down": {"uv": [12, 14, 15, 15], "texture": "#egg"}
			}
		}
	],
	"gui_light": "front",
	"display": {
		"thirdperson_righthand": {
			"translation": [0, 3, 1],
			"scale": [0.55, 0.55, 0.55]
		},
		"firstperson_righthand": {
			"rotation": [0, -90, 25],
			"translation": [1.13, 3.2, 1.13],
			"scale": [0.68, 0.68, 0.68]
		},
		"ground": {
			"translation": [0, 2, 0],
			"scale": [0.5, 0.5, 0.5]
		},
		"head": {
			"rotation": [0, 180, 0],
			"translation": [0, 13, 7]
		},
		"fixed": {
			"rotation": [0, 180, 0]
		}
	},
	"groups": [
		{
			"name": "sniffer_spawn_egg",
			"origin": [8, 8, 8],
			"color": 0,
			"children": [0, 1, 2, 3, 4]
		}
	]
}