{
	"credit": "Made with Blockbench - GrandPappyJay",
	"textures": {
		"particle": "item/snow_golem_spawn_egg",
		"egg": "item/snow_golem_spawn_egg"
	},
	"elements": [
		{
			"name": "snow_golem_spawn_egg_0",
			"from": [5, 1, 7.5],
			"to": [11, 15, 8.5],
			"faces": {
				"north": {"uv": [11, 1, 5, 15], "texture": "#egg"},
				"east": {"uv": [10, 1, 11, 15], "texture": "#egg"},
				"south": {"uv": [5, 1, 11, 15], "texture": "#egg"},
				"west": {"uv": [5, 1, 6, 15], "texture": "#egg"},
				"up": {"uv": [5, 1, 11, 2], "texture": "#egg"},
				"down": {"uv": [5, 14, 11, 15], "texture": "#egg"}
			}
		},
		{
			"name": "snow_golem_spawn_egg_1",
			"from": [4, 1, 7.5],
			"to": [5, 11, 8.5],
			"faces": {
				"north": {"uv": [5, 5, 4, 15], "texture": "#egg"},
				"east": {"uv": [4, 5, 5, 15], "texture": "#egg"},
				"south": {"uv": [4, 5, 5, 15], "texture": "#egg"},
				"west": {"uv": [4, 5, 5, 15], "texture": "#egg"},
				"up": {"uv": [4, 5, 5, 6], "texture": "#egg"},
				"down": {"uv": [4, 14, 5, 15], "texture": "#egg"}
			}
		},
		{
			"name": "snow_golem_spawn_egg_2",
			"from": [11, 1, 7.5],
			"to": [12, 11, 8.5],
			"faces": {
				"north": {"uv": [12, 5, 11, 15], "texture": "#egg"},
				"east": {"uv": [11, 5, 12, 15], "texture": "#egg"},
				"south": {"uv": [11, 5, 12, 15], "texture": "#egg"},
				"west": {"uv": [11, 5, 12, 15], "texture": "#egg"},
				"up": {"uv": [11, 5, 12, 6], "texture": "#egg"},
				"down": {"uv": [11, 14, 12, 15], "texture": "#egg"}
			}
		},
		{
			"name": "snow_golem_spawn_egg_3",
			"from": [3, 7, 7.5],
			"to": [4, 9, 8.5],
			"faces": {
				"north": {"uv": [4, 7, 3, 9], "texture": "#egg"},
				"east": {"uv": [3, 7, 4, 9], "texture": "#egg"},
				"south": {"uv": [3, 7, 4, 9], "texture": "#egg"},
				"west": {"uv": [3, 7, 4, 9], "texture": "#egg"},
				"up": {"uv": [3, 7, 4, 8], "texture": "#egg"},
				"down": {"uv": [3, 8, 4, 9], "texture": "#egg"}
			}
		},
		{
			"name": "snow_golem_spawn_egg_4",
			"from": [2, 6, 7.5],
			"to": [3, 8, 8.5],
			"faces": {
				"north": {"uv": [3, 8, 2, 10], "texture": "#egg"},
				"east": {"uv": [2, 8, 3, 10], "texture": "#egg"},
				"south": {"uv": [2, 8, 3, 10], "texture": "#egg"},
				"west": {"uv": [2, 8, 3, 10], "texture": "#egg"},
				"up": {"uv": [2, 8, 3, 9], "texture": "#egg"},
				"down": {"uv": [2, 9, 3, 10], "texture": "#egg"}
			}
		},
		{
			"name": "snow_golem_spawn_egg_5",
			"from": [12, 1, 7.5],
			"to": [13, 8, 8.5],
			"faces": {
				"north": {"uv": [13, 8, 12, 15], "texture": "#egg"},
				"east": {"uv": [12, 8, 13, 15], "texture": "#egg"},
				"south": {"uv": [12, 8, 13, 15], "texture": "#egg"},
				"west": {"uv": [12, 8, 13, 15], "texture": "#egg"},
				"up": {"uv": [12, 8, 13, 9], "texture": "#egg"},
				"down": {"uv": [12, 14, 13, 15], "texture": "#egg"}
			}
		},
		{
			"name": "snow_golem_spawn_egg_6",
			"from": [3, 1, 7.5],
			"to": [4, 6, 8.5],
			"faces": {
				"north": {"uv": [4, 10, 3, 15], "texture": "#egg"},
				"east": {"uv": [3, 10, 4, 15], "texture": "#egg"},
				"south": {"uv": [3, 10, 4, 15], "texture": "#egg"},
				"west": {"uv": [3, 10, 4, 15], "texture": "#egg"},
				"up": {"uv": [3, 10, 4, 11], "texture": "#egg"},
				"down": {"uv": [3, 14, 4, 15], "texture": "#egg"}
			}
		}
	],
	"gui_light": "front",
	"display": {
		"thirdperson_righthand": {
			"translation": [0, 3, 1],
			"scale": [0.55, 0.55, 0.55]
		},
		"firstperson_righthand": {
			"rotation": [0, -90, 25],
			"translation": [1.13, 3.2, 1.13],
			"scale": [0.68, 0.68, 0.68]
		},
		"ground": {
			"translation": [0, 2, 0],
			"scale": [0.5, 0.5, 0.5]
		},
		"head": {
			"rotation": [0, 180, 0],
			"translation": [0, 13, 7]
		},
		"fixed": {
			"rotation": [0, 180, 0]
		}
	},
	"groups": [
		{
			"name": "snow_golem_spawn_egg",
			"origin": [8, 8, 8],
			"color": 0,
			"children": [0, 1, 2, 3, 4, 5, 6]
		}
	]
}