{
	"credit": "Made with Blockbench - GrandPappyJay",
	"textures": {
		"particle": "item/squid_spawn_egg",
		"egg": "item/squid_spawn_egg"
	},
	"elements": [
		{
			"name": "squid_spawn_egg_0",
			"from": [4, 6, 7.5],
			"to": [12, 15, 8.5],
			"faces": {
				"north": {"uv": [12, 1, 4, 10], "texture": "#egg"},
				"east": {"uv": [11, 1, 12, 10], "texture": "#egg"},
				"south": {"uv": [4, 1, 12, 10], "texture": "#egg"},
				"west": {"uv": [4, 1, 5, 10], "texture": "#egg"},
				"up": {"uv": [4, 1, 12, 2], "texture": "#egg"},
				"down": {"uv": [4, 9, 12, 10], "texture": "#egg"}
			}
		},
		{
			"name": "squid_spawn_egg_1",
			"from": [3, 9, 7.5],
			"to": [4, 14, 8.5],
			"faces": {
				"north": {"uv": [4, 2, 3, 7], "texture": "#egg"},
				"east": {"uv": [3, 2, 4, 7], "texture": "#egg"},
				"south": {"uv": [3, 2, 4, 7], "texture": "#egg"},
				"west": {"uv": [3, 2, 4, 7], "texture": "#egg"},
				"up": {"uv": [3, 2, 4, 3], "texture": "#egg"},
				"down": {"uv": [3, 6, 4, 7], "texture": "#egg"}
			}
		},
		{
			"name": "squid_spawn_egg_2",
			"from": [12, 9, 7.5],
			"to": [13, 14, 8.5],
			"faces": {
				"north": {"uv": [13, 2, 12, 7], "texture": "#egg"},
				"east": {"uv": [12, 2, 13, 7], "texture": "#egg"},
				"south": {"uv": [12, 2, 13, 7], "texture": "#egg"},
				"west": {"uv": [12, 2, 13, 7], "texture": "#egg"},
				"up": {"uv": [12, 2, 13, 3], "texture": "#egg"},
				"down": {"uv": [12, 6, 13, 7], "texture": "#egg"}
			}
		},
		{
			"name": "squid_spawn_egg_3",
			"from": [5, 2, 7.5],
			"to": [11, 6, 8.5],
			"faces": {
				"north": {"uv": [11, 10, 5, 14], "texture": "#egg"},
				"east": {"uv": [10, 10, 11, 14], "texture": "#egg"},
				"south": {"uv": [5, 10, 11, 14], "texture": "#egg"},
				"west": {"uv": [5, 10, 6, 14], "texture": "#egg"},
				"up": {"uv": [5, 10, 11, 11], "texture": "#egg"},
				"down": {"uv": [5, 13, 11, 14], "texture": "#egg"}
			}
		},
		{
			"name": "squid_spawn_egg_4",
			"from": [4, 1, 7.5],
			"to": [5, 3, 8.5],
			"faces": {
				"north": {"uv": [5, 13, 4, 15], "texture": "#egg"},
				"east": {"uv": [4, 13, 5, 15], "texture": "#egg"},
				"south": {"uv": [4, 13, 5, 15], "texture": "#egg"},
				"west": {"uv": [4, 13, 5, 15], "texture": "#egg"},
				"up": {"uv": [4, 13, 5, 14], "texture": "#egg"},
				"down": {"uv": [4, 14, 5, 15], "texture": "#egg"}
			}
		},
		{
			"name": "squid_spawn_egg_5",
			"from": [11, 1, 7.5],
			"to": [12, 3, 8.5],
			"faces": {
				"north": {"uv": [12, 13, 11, 15], "texture": "#egg"},
				"east": {"uv": [11, 13, 12, 15], "texture": "#egg"},
				"south": {"uv": [11, 13, 12, 15], "texture": "#egg"},
				"west": {"uv": [11, 13, 12, 15], "texture": "#egg"},
				"up": {"uv": [11, 13, 12, 14], "texture": "#egg"},
				"down": {"uv": [11, 14, 12, 15], "texture": "#egg"}
			}
		},
		{
			"name": "squid_spawn_egg_6",
			"from": [5, 1, 7.5],
			"to": [6, 2, 8.5],
			"faces": {
				"north": {"uv": [6, 14, 5, 15], "texture": "#egg"},
				"east": {"uv": [5, 14, 6, 15], "texture": "#egg"},
				"south": {"uv": [5, 14, 6, 15], "texture": "#egg"},
				"west": {"uv": [5, 14, 6, 15], "texture": "#egg"},
				"up": {"uv": [5, 14, 6, 15], "texture": "#egg"},
				"down": {"uv": [5, 14, 6, 15], "texture": "#egg"}
			}
		},
		{
			"name": "squid_spawn_egg_7",
			"from": [7, 1, 7.5],
			"to": [9, 2, 8.5],
			"faces": {
				"north": {"uv": [9, 14, 7, 15], "texture": "#egg"},
				"east": {"uv": [8, 14, 9, 15], "texture": "#egg"},
				"south": {"uv": [7, 14, 9, 15], "texture": "#egg"},
				"west": {"uv": [7, 14, 8, 15], "texture": "#egg"},
				"up": {"uv": [7, 14, 9, 15], "texture": "#egg"},
				"down": {"uv": [7, 14, 9, 15], "texture": "#egg"}
			}
		},
		{
			"name": "squid_spawn_egg_8",
			"from": [10, 1, 7.5],
			"to": [11, 2, 8.5],
			"faces": {
				"north": {"uv": [11, 14, 10, 15], "texture": "#egg"},
				"east": {"uv": [10, 14, 11, 15], "texture": "#egg"},
				"south": {"uv": [10, 14, 11, 15], "texture": "#egg"},
				"west": {"uv": [10, 14, 11, 15], "texture": "#egg"},
				"up": {"uv": [10, 14, 11, 15], "texture": "#egg"},
				"down": {"uv": [10, 14, 11, 15], "texture": "#egg"}
			}
		}
	],
	"gui_light": "front",
	"display": {
		"thirdperson_righthand": {
			"translation": [0, 3, 1],
			"scale": [0.55, 0.55, 0.55]
		},
		"firstperson_righthand": {
			"rotation": [0, -90, 25],
			"translation": [1.13, 3.2, 1.13],
			"scale": [0.68, 0.68, 0.68]
		},
		"ground": {
			"translation": [0, 2, 0],
			"scale": [0.5, 0.5, 0.5]
		},
		"head": {
			"rotation": [0, 180, 0],
			"translation": [0, 13, 7]
		},
		"fixed": {
			"rotation": [0, 180, 0]
		}
	},
	"groups": [
		{
			"name": "squid_spawn_egg",
			"origin": [8, 8, 8],
			"color": 0,
			"children": [0, 1, 2, 3, 4, 5, 6, 7, 8]
		}
	]
}