{
	"credit": "Made with Blockbench - GrandPappyJay",
	"textures": {
		"particle": "item/stray_spawn_egg",
		"egg": "item/stray_spawn_egg"
	},
	"elements": [
		{
			"name": "stray_spawn_egg_0",
			"from": [5, 5, 7.5],
			"to": [6, 16, 8.5],
			"faces": {
				"north": {"uv": [6, 0, 5, 11], "texture": "#egg"},
				"east": {"uv": [5, 0, 6, 11], "texture": "#egg"},
				"south": {"uv": [5, 0, 6, 11], "texture": "#egg"},
				"west": {"uv": [5, 0, 6, 11], "texture": "#egg"},
				"up": {"uv": [5, 0, 6, 1], "texture": "#egg"},
				"down": {"uv": [5, 10, 6, 11], "texture": "#egg"}
			}
		},
		{
			"name": "stray_spawn_egg_1",
			"from": [8, 1, 7.5],
			"to": [9, 16, 8.5],
			"faces": {
				"north": {"uv": [9, 0, 8, 15], "texture": "#egg"},
				"east": {"uv": [8, 0, 9, 15], "texture": "#egg"},
				"south": {"uv": [8, 0, 9, 15], "texture": "#egg"},
				"west": {"uv": [8, 0, 9, 15], "texture": "#egg"},
				"up": {"uv": [8, 0, 9, 1], "texture": "#egg"},
				"down": {"uv": [8, 14, 9, 15], "texture": "#egg"}
			}
		},
		{
			"name": "stray_spawn_egg_2",
			"from": [10, 5, 7.5],
			"to": [11, 16, 8.5],
			"faces": {
				"north": {"uv": [11, 0, 10, 11], "texture": "#egg"},
				"east": {"uv": [10, 0, 11, 11], "texture": "#egg"},
				"south": {"uv": [10, 0, 11, 11], "texture": "#egg"},
				"west": {"uv": [10, 0, 11, 11], "texture": "#egg"},
				"up": {"uv": [10, 0, 11, 1], "texture": "#egg"},
				"down": {"uv": [10, 10, 11, 11], "texture": "#egg"}
			}
		},
		{
			"name": "stray_spawn_egg_3",
			"from": [6, 1, 7.5],
			"to": [8, 15, 8.5],
			"faces": {
				"north": {"uv": [8, 1, 6, 15], "texture": "#egg"},
				"east": {"uv": [7, 1, 8, 15], "texture": "#egg"},
				"south": {"uv": [6, 1, 8, 15], "texture": "#egg"},
				"west": {"uv": [6, 1, 7, 15], "texture": "#egg"},
				"up": {"uv": [6, 1, 8, 2], "texture": "#egg"},
				"down": {"uv": [6, 14, 8, 15], "texture": "#egg"}
			}
		},
		{
			"name": "stray_spawn_egg_4",
			"from": [9, 1, 7.5],
			"to": [10, 15, 8.5],
			"faces": {
				"north": {"uv": [10, 1, 9, 15], "texture": "#egg"},
				"east": {"uv": [9, 1, 10, 15], "texture": "#egg"},
				"south": {"uv": [9, 1, 10, 15], "texture": "#egg"},
				"west": {"uv": [9, 1, 10, 15], "texture": "#egg"},
				"up": {"uv": [9, 1, 10, 2], "texture": "#egg"},
				"down": {"uv": [9, 14, 10, 15], "texture": "#egg"}
			}
		},
		{
			"name": "stray_spawn_egg_5",
			"from": [4, 5, 7.5],
			"to": [5, 10, 8.5],
			"faces": {
				"north": {"uv": [5, 6, 4, 11], "texture": "#egg"},
				"east": {"uv": [4, 6, 5, 11], "texture": "#egg"},
				"south": {"uv": [4, 6, 5, 11], "texture": "#egg"},
				"west": {"uv": [4, 6, 5, 11], "texture": "#egg"},
				"up": {"uv": [4, 6, 5, 7], "texture": "#egg"},
				"down": {"uv": [4, 10, 5, 11], "texture": "#egg"}
			}
		},
		{
			"name": "stray_spawn_egg_6",
			"from": [11, 5, 7.5],
			"to": [12, 10, 8.5],
			"faces": {
				"north": {"uv": [12, 6, 11, 11], "texture": "#egg"},
				"east": {"uv": [11, 6, 12, 11], "texture": "#egg"},
				"south": {"uv": [11, 6, 12, 11], "texture": "#egg"},
				"west": {"uv": [11, 6, 12, 11], "texture": "#egg"},
				"up": {"uv": [11, 6, 12, 7], "texture": "#egg"},
				"down": {"uv": [11, 10, 12, 11], "texture": "#egg"}
			}
		}
	],
	"gui_light": "front",
	"display": {
		"thirdperson_righthand": {
			"translation": [0, 3, 1],
			"scale": [0.55, 0.55, 0.55]
		},
		"firstperson_righthand": {
			"rotation": [0, -90, 25],
			"translation": [1.13, 3.2, 1.13],
			"scale": [0.68, 0.68, 0.68]
		},
		"ground": {
			"translation": [0, 2, 0],
			"scale": [0.5, 0.5, 0.5]
		},
		"head": {
			"rotation": [0, 180, 0],
			"translation": [0, 13, 7]
		},
		"fixed": {
			"rotation": [0, 180, 0]
		}
	},
	"groups": [
		{
			"name": "stray_spawn_egg",
			"origin": [8, 8, 8],
			"color": 0,
			"children": [0, 1, 2, 3, 4, 5, 6]
		}
	]
}