{
	"credit": "Made with Blockbench - GrandPappyJay",
	"textures": {
		"particle": "item/strider_spawn_egg",
		"egg": "item/strider_spawn_egg"
	},
	"elements": [
		{
			"name": "strider_spawn_egg_0",
			"from": [2, 5, 7.5],
			"to": [14, 13, 8.5],
			"faces": {
				"north": {"uv": [14, 3, 2, 11], "texture": "#egg"},
				"east": {"uv": [13, 3, 14, 11], "texture": "#egg"},
				"south": {"uv": [2, 3, 14, 11], "texture": "#egg"},
				"west": {"uv": [2, 3, 3, 11], "texture": "#egg"},
				"up": {"uv": [2, 3, 14, 4], "texture": "#egg"},
				"down": {"uv": [2, 10, 14, 11], "texture": "#egg"}
			}
		},
		{
			"name": "strider_spawn_egg_1",
			"from": [1, 11, 7.5],
			"to": [2, 12, 8.5],
			"faces": {
				"north": {"uv": [2, 4, 1, 5], "texture": "#egg"},
				"east": {"uv": [1, 4, 2, 5], "texture": "#egg"},
				"south": {"uv": [1, 4, 2, 5], "texture": "#egg"},
				"west": {"uv": [1, 4, 2, 5], "texture": "#egg"},
				"up": {"uv": [1, 4, 2, 5], "texture": "#egg"},
				"down": {"uv": [1, 4, 2, 5], "texture": "#egg"}
			}
		},
		{
			"name": "strider_spawn_egg_2",
			"from": [14, 11, 7.5],
			"to": [15, 12, 8.5],
			"faces": {
				"north": {"uv": [15, 4, 14, 5], "texture": "#egg"},
				"east": {"uv": [14, 4, 15, 5], "texture": "#egg"},
				"south": {"uv": [14, 4, 15, 5], "texture": "#egg"},
				"west": {"uv": [14, 4, 15, 5], "texture": "#egg"},
				"up": {"uv": [14, 4, 15, 5], "texture": "#egg"},
				"down": {"uv": [14, 4, 15, 5], "texture": "#egg"}
			}
		},
		{
			"name": "strider_spawn_egg_3",
			"from": [15, 10, 7.5],
			"to": [16, 11, 8.5],
			"faces": {
				"north": {"uv": [16, 5, 15, 6], "texture": "#egg"},
				"east": {"uv": [15, 5, 16, 6], "texture": "#egg"},
				"south": {"uv": [15, 5, 16, 6], "texture": "#egg"},
				"west": {"uv": [15, 5, 16, 6], "texture": "#egg"},
				"up": {"uv": [15, 5, 16, 6], "texture": "#egg"},
				"down": {"uv": [15, 5, 16, 6], "texture": "#egg"}
			}
		},
		{
			"name": "strider_spawn_egg_4",
			"from": [1, 9, 7.5],
			"to": [2, 10, 8.5],
			"faces": {
				"north": {"uv": [2, 6, 1, 7], "texture": "#egg"},
				"east": {"uv": [1, 6, 2, 7], "texture": "#egg"},
				"south": {"uv": [1, 6, 2, 7], "texture": "#egg"},
				"west": {"uv": [1, 6, 2, 7], "texture": "#egg"},
				"up": {"uv": [1, 6, 2, 7], "texture": "#egg"},
				"down": {"uv": [1, 6, 2, 7], "texture": "#egg"}
			}
		},
		{
			"name": "strider_spawn_egg_5",
			"from": [0, 8, 7.5],
			"to": [1, 9, 8.5],
			"faces": {
				"north": {"uv": [1, 7, 0, 8], "texture": "#egg"},
				"east": {"uv": [0, 7, 1, 8], "texture": "#egg"},
				"south": {"uv": [0, 7, 1, 8], "texture": "#egg"},
				"west": {"uv": [0, 7, 1, 8], "texture": "#egg"},
				"up": {"uv": [0, 7, 1, 8], "texture": "#egg"},
				"down": {"uv": [0, 7, 1, 8], "texture": "#egg"}
			}
		},
		{
			"name": "strider_spawn_egg_6",
			"from": [1, 6, 7.5],
			"to": [2, 7, 8.5],
			"faces": {
				"north": {"uv": [2, 9, 1, 10], "texture": "#egg"},
				"east": {"uv": [1, 9, 2, 10], "texture": "#egg"},
				"south": {"uv": [1, 9, 2, 10], "texture": "#egg"},
				"west": {"uv": [1, 9, 2, 10], "texture": "#egg"},
				"up": {"uv": [1, 9, 2, 10], "texture": "#egg"},
				"down": {"uv": [1, 9, 2, 10], "texture": "#egg"}
			}
		},
		{
			"name": "strider_spawn_egg_7",
			"from": [14, 6, 7.5],
			"to": [15, 7, 8.5],
			"faces": {
				"north": {"uv": [15, 9, 14, 10], "texture": "#egg"},
				"east": {"uv": [14, 9, 15, 10], "texture": "#egg"},
				"south": {"uv": [14, 9, 15, 10], "texture": "#egg"},
				"west": {"uv": [14, 9, 15, 10], "texture": "#egg"},
				"up": {"uv": [14, 9, 15, 10], "texture": "#egg"},
				"down": {"uv": [14, 9, 15, 10], "texture": "#egg"}
			}
		},
		{
			"name": "strider_spawn_egg_8",
			"from": [0, 5, 7.5],
			"to": [1, 6, 8.5],
			"faces": {
				"north": {"uv": [1, 10, 0, 11], "texture": "#egg"},
				"east": {"uv": [0, 10, 1, 11], "texture": "#egg"},
				"south": {"uv": [0, 10, 1, 11], "texture": "#egg"},
				"west": {"uv": [0, 10, 1, 11], "texture": "#egg"},
				"up": {"uv": [0, 10, 1, 11], "texture": "#egg"},
				"down": {"uv": [0, 10, 1, 11], "texture": "#egg"}
			}
		},
		{
			"name": "strider_spawn_egg_9",
			"from": [4, 1, 7.5],
			"to": [7, 5, 8.5],
			"faces": {
				"north": {"uv": [7, 11, 4, 15], "texture": "#egg"},
				"east": {"uv": [6, 11, 7, 15], "texture": "#egg"},
				"south": {"uv": [4, 11, 7, 15], "texture": "#egg"},
				"west": {"uv": [4, 11, 5, 15], "texture": "#egg"},
				"up": {"uv": [4, 11, 7, 12], "texture": "#egg"},
				"down": {"uv": [4, 14, 7, 15], "texture": "#egg"}
			}
		},
		{
			"name": "strider_spawn_egg_10",
			"from": [9, 1, 7.5],
			"to": [12, 5, 8.5],
			"faces": {
				"north": {"uv": [12, 11, 9, 15], "texture": "#egg"},
				"east": {"uv": [11, 11, 12, 15], "texture": "#egg"},
				"south": {"uv": [9, 11, 12, 15], "texture": "#egg"},
				"west": {"uv": [9, 11, 10, 15], "texture": "#egg"},
				"up": {"uv": [9, 11, 12, 12], "texture": "#egg"},
				"down": {"uv": [9, 14, 12, 15], "texture": "#egg"}
			}
		}
	],
	"gui_light": "front",
	"display": {
		"thirdperson_righthand": {
			"translation": [0, 3, 1],
			"scale": [0.55, 0.55, 0.55]
		},
		"firstperson_righthand": {
			"rotation": [0, -90, 25],
			"translation": [1.13, 3.2, 1.13],
			"scale": [0.68, 0.68, 0.68]
		},
		"ground": {
			"translation": [0, 2, 0],
			"scale": [0.5, 0.5, 0.5]
		},
		"head": {
			"rotation": [0, 180, 0],
			"translation": [0, 13, 7]
		},
		"fixed": {
			"rotation": [0, 180, 0]
		}
	},
	"groups": [
		{
			"name": "strider_spawn_egg",
			"origin": [8, 8, 8],
			"color": 0,
			"children": [0, 1, 2, 3, 4, 5, 6, 7, 8, 9, 10]
		}
	]
}