{
	"credit": "Made with Blockbench - GrandPappyJay",
	"textures": {
		"particle": "item/tadpole_spawn_egg",
		"egg": "item/tadpole_spawn_egg"
	},
	"elements": [
		{
			"name": "tadpole_spawn_egg_0",
			"from": [3, 5, 7.5],
			"to": [8, 8, 8.5],
			"faces": {
				"north": {"uv": [8, 8, 3, 11], "texture": "#egg"},
				"east": {"uv": [7, 8, 8, 11], "texture": "#egg"},
				"south": {"uv": [3, 8, 8, 11], "texture": "#egg"},
				"west": {"uv": [3, 8, 4, 11], "texture": "#egg"},
				"up": {"uv": [3, 8, 8, 9], "texture": "#egg"},
				"down": {"uv": [3, 10, 8, 11], "texture": "#egg"}
			}
		},
		{
			"name": "tadpole_spawn_egg_1",
			"from": [8, 6, 7.5],
			"to": [12, 8, 8.5],
			"faces": {
				"north": {"uv": [12, 8, 8, 10], "texture": "#egg"},
				"east": {"uv": [11, 8, 12, 10], "texture": "#egg"},
				"south": {"uv": [8, 8, 12, 10], "texture": "#egg"},
				"west": {"uv": [8, 8, 9, 10], "texture": "#egg"},
				"up": {"uv": [8, 8, 12, 9], "texture": "#egg"},
				"down": {"uv": [8, 9, 12, 10], "texture": "#egg"}
			}
		},
		{
			"name": "tadpole_spawn_egg_2",
			"from": [12, 7, 7.5],
			"to": [14, 8, 8.5],
			"faces": {
				"north": {"uv": [14, 8, 12, 9], "texture": "#egg"},
				"east": {"uv": [13, 8, 14, 9], "texture": "#egg"},
				"south": {"uv": [12, 8, 14, 9], "texture": "#egg"},
				"west": {"uv": [12, 8, 13, 9], "texture": "#egg"},
				"up": {"uv": [12, 8, 14, 9], "texture": "#egg"},
				"down": {"uv": [12, 8, 14, 9], "texture": "#egg"}
			}
		}
	],
	"gui_light": "front",
	"display": {
		"thirdperson_righthand": {
			"translation": [0, 3, 1],
			"scale": [0.55, 0.55, 0.55]
		},
		"firstperson_righthand": {
			"rotation": [0, -90, 25],
			"translation": [1.13, 3.2, 1.13],
			"scale": [0.68, 0.68, 0.68]
		},
		"ground": {
			"translation": [0, 2, 0],
			"scale": [0.5, 0.5, 0.5]
		},
		"head": {
			"rotation": [0, 180, 0],
			"translation": [0, 13, 7]
		},
		"fixed": {
			"rotation": [0, 180, 0]
		}
	},
	"groups": [
		{
			"name": "tadpole_spawn_egg",
			"origin": [8, 8, 8],
			"color": 0,
			"children": [0, 1, 2]
		}
	]
}