{
	"credit": "Made with Blockbench - GrandPappyJay",
	"textures": {
		"particle": "item/turtle_spawn_egg",
		"egg": "item/turtle_spawn_egg"
	},
	"elements": [
		{
			"name": "turtle_spawn_egg_0",
			"from": [1, 6, 7.5],
			"to": [15, 11, 8.5],
			"faces": {
				"north": {"uv": [15, 5, 1, 10], "texture": "#egg"},
				"east": {"uv": [14, 5, 15, 10], "texture": "#egg"},
				"south": {"uv": [1, 5, 15, 10], "texture": "#egg"},
				"west": {"uv": [1, 5, 2, 10], "texture": "#egg"},
				"up": {"uv": [1, 5, 15, 6], "texture": "#egg"},
				"down": {"uv": [1, 9, 15, 10], "texture": "#egg"}
			}
		},
		{
			"name": "turtle_spawn_egg_1",
			"from": [15, 5, 7.5],
			"to": [16, 7, 8.5],
			"faces": {
				"north": {"uv": [16, 9, 15, 11], "texture": "#egg"},
				"east": {"uv": [15, 9, 16, 11], "texture": "#egg"},
				"south": {"uv": [15, 9, 16, 11], "texture": "#egg"},
				"west": {"uv": [15, 9, 16, 11], "texture": "#egg"},
				"up": {"uv": [15, 9, 16, 10], "texture": "#egg"},
				"down": {"uv": [15, 10, 16, 11], "texture": "#egg"}
			}
		},
		{
			"name": "turtle_spawn_egg_2",
			"from": [0, 4, 7.5],
			"to": [3, 6, 8.5],
			"faces": {
				"north": {"uv": [3, 10, 0, 12], "texture": "#egg"},
				"east": {"uv": [2, 10, 3, 12], "texture": "#egg"},
				"south": {"uv": [0, 10, 3, 12], "texture": "#egg"},
				"west": {"uv": [0, 10, 1, 12], "texture": "#egg"},
				"up": {"uv": [0, 10, 3, 11], "texture": "#egg"},
				"down": {"uv": [0, 11, 3, 12], "texture": "#egg"}
			}
		},
		{
			"name": "turtle_spawn_egg_3",
			"from": [3, 5, 7.5],
			"to": [4, 6, 8.5],
			"faces": {
				"north": {"uv": [4, 10, 3, 11], "texture": "#egg"},
				"east": {"uv": [3, 10, 4, 11], "texture": "#egg"},
				"south": {"uv": [3, 10, 4, 11], "texture": "#egg"},
				"west": {"uv": [3, 10, 4, 11], "texture": "#egg"},
				"up": {"uv": [3, 10, 4, 11], "texture": "#egg"},
				"down": {"uv": [3, 10, 4, 11], "texture": "#egg"}
			}
		},
		{
			"name": "turtle_spawn_egg_4",
			"from": [6, 5, 7.5],
			"to": [15, 6, 8.5],
			"faces": {
				"north": {"uv": [15, 10, 6, 11], "texture": "#egg"},
				"east": {"uv": [14, 10, 15, 11], "texture": "#egg"},
				"south": {"uv": [6, 10, 15, 11], "texture": "#egg"},
				"west": {"uv": [6, 10, 7, 11], "texture": "#egg"},
				"up": {"uv": [6, 10, 15, 11], "texture": "#egg"},
				"down": {"uv": [6, 10, 15, 11], "texture": "#egg"}
			}
		},
		{
			"name": "turtle_spawn_egg_5",
			"from": [10, 4, 7.5],
			"to": [13, 5, 8.5],
			"faces": {
				"north": {"uv": [13, 11, 10, 12], "texture": "#egg"},
				"east": {"uv": [12, 11, 13, 12], "texture": "#egg"},
				"south": {"uv": [10, 11, 13, 12], "texture": "#egg"},
				"west": {"uv": [10, 11, 11, 12], "texture": "#egg"},
				"up": {"uv": [10, 11, 13, 12], "texture": "#egg"},
				"down": {"uv": [10, 11, 13, 12], "texture": "#egg"}
			}
		}
	],
	"gui_light": "front",
	"display": {
		"thirdperson_righthand": {
			"translation": [0, 3, 1],
			"scale": [0.55, 0.55, 0.55]
		},
		"firstperson_righthand": {
			"rotation": [0, -90, 25],
			"translation": [1.13, 3.2, 1.13],
			"scale": [0.68, 0.68, 0.68]
		},
		"ground": {
			"translation": [0, 2, 0],
			"scale": [0.5, 0.5, 0.5]
		},
		"head": {
			"rotation": [0, 180, 0],
			"translation": [0, 13, 7]
		},
		"fixed": {
			"rotation": [0, 180, 0]
		}
	},
	"groups": [
		{
			"name": "turtle_spawn_egg",
			"origin": [8, 8, 8],
			"color": 0,
			"children": [0, 1, 2, 3, 4, 5]
		}
	]
}