{
	"credit": "Made with Blockbench - GrandPappyJay",
	"textures": {
		"particle": "item/vex_spawn_egg",
		"egg": "item/vex_spawn_egg"
	},
	"elements": [
		{
			"name": "vex_spawn_egg_0",
			"from": [5, 6, 7.5],
			"to": [10, 13, 8.5],
			"faces": {
				"north": {"uv": [10, 3, 5, 10], "texture": "#egg"},
				"east": {"uv": [9, 3, 10, 10], "texture": "#egg"},
				"south": {"uv": [5, 3, 10, 10], "texture": "#egg"},
				"west": {"uv": [5, 3, 6, 10], "texture": "#egg"},
				"up": {"uv": [5, 3, 10, 4], "texture": "#egg"},
				"down": {"uv": [5, 9, 10, 10], "texture": "#egg"}
			}
		},
		{
			"name": "vex_spawn_egg_1",
			"from": [2, 10, 7.5],
			"to": [4, 11, 8.5],
			"faces": {
				"north": {"uv": [4, 5, 2, 6], "texture": "#egg"},
				"east": {"uv": [3, 5, 4, 6], "texture": "#egg"},
				"south": {"uv": [2, 5, 4, 6], "texture": "#egg"},
				"west": {"uv": [2, 5, 3, 6], "texture": "#egg"},
				"up": {"uv": [2, 5, 4, 6], "texture": "#egg"},
				"down": {"uv": [2, 5, 4, 6], "texture": "#egg"}
			}
		},
		{
			"name": "vex_spawn_egg_2",
			"from": [11, 10, 7.5],
			"to": [13, 11, 8.5],
			"faces": {
				"north": {"uv": [13, 5, 11, 6], "texture": "#egg"},
				"east": {"uv": [12, 5, 13, 6], "texture": "#egg"},
				"south": {"uv": [11, 5, 13, 6], "texture": "#egg"},
				"west": {"uv": [11, 5, 12, 6], "texture": "#egg"},
				"up": {"uv": [11, 5, 13, 6], "texture": "#egg"},
				"down": {"uv": [11, 5, 13, 6], "texture": "#egg"}
			}
		},
		{
			"name": "vex_spawn_egg_3",
			"from": [3, 9, 7.5],
			"to": [5, 10, 8.5],
			"faces": {
				"north": {"uv": [5, 6, 3, 7], "texture": "#egg"},
				"east": {"uv": [4, 6, 5, 7], "texture": "#egg"},
				"south": {"uv": [3, 6, 5, 7], "texture": "#egg"},
				"west": {"uv": [3, 6, 4, 7], "texture": "#egg"},
				"up": {"uv": [3, 6, 5, 7], "texture": "#egg"},
				"down": {"uv": [3, 6, 5, 7], "texture": "#egg"}
			}
		},
		{
			"name": "vex_spawn_egg_4",
			"from": [10, 9, 7.5],
			"to": [12, 10, 8.5],
			"faces": {
				"north": {"uv": [12, 6, 10, 7], "texture": "#egg"},
				"east": {"uv": [11, 6, 12, 7], "texture": "#egg"},
				"south": {"uv": [10, 6, 12, 7], "texture": "#egg"},
				"west": {"uv": [10, 6, 11, 7], "texture": "#egg"},
				"up": {"uv": [10, 6, 12, 7], "texture": "#egg"},
				"down": {"uv": [10, 6, 12, 7], "texture": "#egg"}
			}
		},
		{
			"name": "vex_spawn_egg_5",
			"from": [2, 8, 7.5],
			"to": [3, 9, 8.5],
			"faces": {
				"north": {"uv": [3, 7, 2, 8], "texture": "#egg"},
				"east": {"uv": [2, 7, 3, 8], "texture": "#egg"},
				"south": {"uv": [2, 7, 3, 8], "texture": "#egg"},
				"west": {"uv": [2, 7, 3, 8], "texture": "#egg"},
				"up": {"uv": [2, 7, 3, 8], "texture": "#egg"},
				"down": {"uv": [2, 7, 3, 8], "texture": "#egg"}
			}
		},
		{
			"name": "vex_spawn_egg_6",
			"from": [4, 8, 7.5],
			"to": [5, 9, 8.5],
			"faces": {
				"north": {"uv": [5, 7, 4, 8], "texture": "#egg"},
				"east": {"uv": [4, 7, 5, 8], "texture": "#egg"},
				"south": {"uv": [4, 7, 5, 8], "texture": "#egg"},
				"west": {"uv": [4, 7, 5, 8], "texture": "#egg"},
				"up": {"uv": [4, 7, 5, 8], "texture": "#egg"},
				"down": {"uv": [4, 7, 5, 8], "texture": "#egg"}
			}
		},
		{
			"name": "vex_spawn_egg_7",
			"from": [10, 8, 7.5],
			"to": [11, 9, 8.5],
			"faces": {
				"north": {"uv": [11, 7, 10, 8], "texture": "#egg"},
				"east": {"uv": [10, 7, 11, 8], "texture": "#egg"},
				"south": {"uv": [10, 7, 11, 8], "texture": "#egg"},
				"west": {"uv": [10, 7, 11, 8], "texture": "#egg"},
				"up": {"uv": [10, 7, 11, 8], "texture": "#egg"},
				"down": {"uv": [10, 7, 11, 8], "texture": "#egg"}
			}
		},
		{
			"name": "vex_spawn_egg_8",
			"from": [12, 8, 7.5],
			"to": [13, 9, 8.5],
			"faces": {
				"north": {"uv": [13, 7, 12, 8], "texture": "#egg"},
				"east": {"uv": [12, 7, 13, 8], "texture": "#egg"},
				"south": {"uv": [12, 7, 13, 8], "texture": "#egg"},
				"west": {"uv": [12, 7, 13, 8], "texture": "#egg"},
				"up": {"uv": [12, 7, 13, 8], "texture": "#egg"},
				"down": {"uv": [12, 7, 13, 8], "texture": "#egg"}
			}
		},
		{
			"name": "vex_spawn_egg_9",
			"from": [6, 5, 7.5],
			"to": [9, 6, 8.5],
			"faces": {
				"north": {"uv": [9, 10, 6, 11], "texture": "#egg"},
				"east": {"uv": [8, 10, 9, 11], "texture": "#egg"},
				"south": {"uv": [6, 10, 9, 11], "texture": "#egg"},
				"west": {"uv": [6, 10, 7, 11], "texture": "#egg"},
				"up": {"uv": [6, 10, 9, 11], "texture": "#egg"},
				"down": {"uv": [6, 10, 9, 11], "texture": "#egg"}
			}
		},
		{
			"name": "vex_spawn_egg_10",
			"from": [6, 4, 7.5],
			"to": [7, 5, 8.5],
			"faces": {
				"north": {"uv": [7, 11, 6, 12], "texture": "#egg"},
				"east": {"uv": [6, 11, 7, 12], "texture": "#egg"},
				"south": {"uv": [6, 11, 7, 12], "texture": "#egg"},
				"west": {"uv": [6, 11, 7, 12], "texture": "#egg"},
				"up": {"uv": [6, 11, 7, 12], "texture": "#egg"},
				"down": {"uv": [6, 11, 7, 12], "texture": "#egg"}
			}
		},
		{
			"name": "vex_spawn_egg_11",
			"from": [8, 4, 7.5],
			"to": [9, 5, 8.5],
			"faces": {
				"north": {"uv": [9, 11, 8, 12], "texture": "#egg"},
				"east": {"uv": [8, 11, 9, 12], "texture": "#egg"},
				"south": {"uv": [8, 11, 9, 12], "texture": "#egg"},
				"west": {"uv": [8, 11, 9, 12], "texture": "#egg"},
				"up": {"uv": [8, 11, 9, 12], "texture": "#egg"},
				"down": {"uv": [8, 11, 9, 12], "texture": "#egg"}
			}
		}
	],
	"gui_light": "front",
	"display": {
		"thirdperson_righthand": {
			"translation": [0, 3, 1],
			"scale": [0.55, 0.55, 0.55]
		},
		"firstperson_righthand": {
			"rotation": [0, -90, 25],
			"translation": [1.13, 3.2, 1.13],
			"scale": [0.68, 0.68, 0.68]
		},
		"ground": {
			"translation": [0, 2, 0],
			"scale": [0.5, 0.5, 0.5]
		},
		"head": {
			"rotation": [0, 180, 0],
			"translation": [0, 13, 7]
		},
		"fixed": {
			"rotation": [0, 180, 0]
		}
	},
	"groups": [
		{
			"name": "vex_spawn_egg",
			"origin": [8, 8, 8],
			"color": 0,
			"children": [0, 1, 2, 3, 4, 5, 6, 7, 8, 9, 10, 11]
		}
	]
}