{
	"credit": "Made with Blockbench - GrandPappyJay",
	"textures": {
		"particle": "item/vindicator_spawn_egg",
		"egg": "item/vindicator_spawn_egg"
	},
	"elements": [
		{
			"name": "vindicator_spawn_egg_0",
			"from": [6, 8, 7.5],
			"to": [13, 16, 8.5],
			"faces": {
				"north": {"uv": [13, 0, 6, 8], "texture": "#egg"},
				"east": {"uv": [12, 0, 13, 8], "texture": "#egg"},
				"south": {"uv": [6, 0, 13, 8], "texture": "#egg"},
				"west": {"uv": [6, 0, 7, 8], "texture": "#egg"},
				"up": {"uv": [6, 0, 13, 1], "texture": "#egg"},
				"down": {"uv": [6, 7, 13, 8], "texture": "#egg"}
			}
		},
		{
			"name": "vindicator_spawn_egg_1",
			"from": [1, 11, 7.5],
			"to": [2, 14, 8.5],
			"faces": {
				"north": {"uv": [2, 2, 1, 5], "texture": "#egg"},
				"east": {"uv": [1, 2, 2, 5], "texture": "#egg"},
				"south": {"uv": [1, 2, 2, 5], "texture": "#egg"},
				"west": {"uv": [1, 2, 2, 5], "texture": "#egg"},
				"up": {"uv": [1, 2, 2, 3], "texture": "#egg"},
				"down": {"uv": [1, 4, 2, 5], "texture": "#egg"}
			}
		},
		{
			"name": "vindicator_spawn_egg_2",
			"from": [3, 6, 7.5],
			"to": [4, 14, 8.5],
			"faces": {
				"north": {"uv": [4, 2, 3, 10], "texture": "#egg"},
				"east": {"uv": [3, 2, 4, 10], "texture": "#egg"},
				"south": {"uv": [3, 2, 4, 10], "texture": "#egg"},
				"west": {"uv": [3, 2, 4, 10], "texture": "#egg"},
				"up": {"uv": [3, 2, 4, 3], "texture": "#egg"},
				"down": {"uv": [3, 9, 4, 10], "texture": "#egg"}
			}
		},
		{
			"name": "vindicator_spawn_egg_3",
			"from": [2, 12, 7.5],
			"to": [3, 13, 8.5],
			"faces": {
				"north": {"uv": [3, 3, 2, 4], "texture": "#egg"},
				"east": {"uv": [2, 3, 3, 4], "texture": "#egg"},
				"south": {"uv": [2, 3, 3, 4], "texture": "#egg"},
				"west": {"uv": [2, 3, 3, 4], "texture": "#egg"},
				"up": {"uv": [2, 3, 3, 4], "texture": "#egg"},
				"down": {"uv": [2, 3, 3, 4], "texture": "#egg"}
			}
		},
		{
			"name": "vindicator_spawn_egg_4",
			"from": [4, 12, 7.5],
			"to": [5, 13, 8.5],
			"faces": {
				"north": {"uv": [5, 3, 4, 4], "texture": "#egg"},
				"east": {"uv": [4, 3, 5, 4], "texture": "#egg"},
				"south": {"uv": [4, 3, 5, 4], "texture": "#egg"},
				"west": {"uv": [4, 3, 5, 4], "texture": "#egg"},
				"up": {"uv": [4, 3, 5, 4], "texture": "#egg"},
				"down": {"uv": [4, 3, 5, 4], "texture": "#egg"}
			}
		},
		{
			"name": "vindicator_spawn_egg_5",
			"from": [4, 8, 7.5],
			"to": [6, 10, 8.5],
			"faces": {
				"north": {"uv": [6, 6, 4, 8], "texture": "#egg"},
				"east": {"uv": [5, 6, 6, 8], "texture": "#egg"},
				"south": {"uv": [4, 6, 6, 8], "texture": "#egg"},
				"west": {"uv": [4, 6, 5, 8], "texture": "#egg"},
				"up": {"uv": [4, 6, 6, 7], "texture": "#egg"},
				"down": {"uv": [4, 7, 6, 8], "texture": "#egg"}
			}
		},
		{
			"name": "vindicator_spawn_egg_6",
			"from": [13, 5, 7.5],
			"to": [14, 10, 8.5],
			"faces": {
				"north": {"uv": [14, 6, 13, 11], "texture": "#egg"},
				"east": {"uv": [13, 6, 14, 11], "texture": "#egg"},
				"south": {"uv": [13, 6, 14, 11], "texture": "#egg"},
				"west": {"uv": [13, 6, 14, 11], "texture": "#egg"},
				"up": {"uv": [13, 6, 14, 7], "texture": "#egg"},
				"down": {"uv": [13, 10, 14, 11], "texture": "#egg"}
			}
		},
		{
			"name": "vindicator_spawn_egg_7",
			"from": [7, 1, 7.5],
			"to": [12, 8, 8.5],
			"faces": {
				"north": {"uv": [12, 8, 7, 15], "texture": "#egg"},
				"east": {"uv": [11, 8, 12, 15], "texture": "#egg"},
				"south": {"uv": [7, 8, 12, 15], "texture": "#egg"},
				"west": {"uv": [7, 8, 8, 15], "texture": "#egg"},
				"up": {"uv": [7, 8, 12, 9], "texture": "#egg"},
				"down": {"uv": [7, 14, 12, 15], "texture": "#egg"}
			}
		},
		{
			"name": "vindicator_spawn_egg_8",
			"from": [12, 5, 7.5],
			"to": [13, 8, 8.5],
			"faces": {
				"north": {"uv": [13, 8, 12, 11], "texture": "#egg"},
				"east": {"uv": [12, 8, 13, 11], "texture": "#egg"},
				"south": {"uv": [12, 8, 13, 11], "texture": "#egg"},
				"west": {"uv": [12, 8, 13, 11], "texture": "#egg"},
				"up": {"uv": [12, 8, 13, 9], "texture": "#egg"},
				"down": {"uv": [12, 10, 13, 11], "texture": "#egg"}
			}
		}
	],
	"gui_light": "front",
	"display": {
		"thirdperson_righthand": {
			"translation": [0, 3, 1],
			"scale": [0.55, 0.55, 0.55]
		},
		"firstperson_righthand": {
			"rotation": [0, -90, 25],
			"translation": [1.13, 3.2, 1.13],
			"scale": [0.68, 0.68, 0.68]
		},
		"ground": {
			"translation": [0, 2, 0],
			"scale": [0.5, 0.5, 0.5]
		},
		"head": {
			"rotation": [0, 180, 0],
			"translation": [0, 13, 7]
		},
		"fixed": {
			"rotation": [0, 180, 0]
		}
	},
	"groups": [
		{
			"name": "vindicator_spawn_egg",
			"origin": [8, 8, 8],
			"color": 0,
			"children": [0, 1, 2, 3, 4, 5, 6, 7, 8]
		}
	]
}