{
	"credit": "Made with Blockbench - GrandPappyJay",
	"textures": {
		"particle": "item/wandering_trader_spawn_egg",
		"egg": "item/wandering_trader_spawn_egg"
	},
	"elements": [
		{
			"name": "wandering_trader_spawn_egg_0",
			"from": [4, 2, 7.5],
			"to": [10, 16, 8.5],
			"faces": {
				"north": {"uv": [10, 0, 4, 14], "texture": "#egg"},
				"east": {"uv": [9, 0, 10, 14], "texture": "#egg"},
				"south": {"uv": [4, 0, 10, 14], "texture": "#egg"},
				"west": {"uv": [4, 0, 5, 14], "texture": "#egg"},
				"up": {"uv": [4, 0, 10, 1], "texture": "#egg"},
				"down": {"uv": [4, 13, 10, 14], "texture": "#egg"}
			}
		},
		{
			"name": "wandering_trader_spawn_egg_1",
			"from": [3, 10, 7.5],
			"to": [4, 15, 8.5],
			"faces": {
				"north": {"uv": [4, 1, 3, 6], "texture": "#egg"},
				"east": {"uv": [3, 1, 4, 6], "texture": "#egg"},
				"south": {"uv": [3, 1, 4, 6], "texture": "#egg"},
				"west": {"uv": [3, 1, 4, 6], "texture": "#egg"},
				"up": {"uv": [3, 1, 4, 2], "texture": "#egg"},
				"down": {"uv": [3, 5, 4, 6], "texture": "#egg"}
			}
		},
		{
			"name": "wandering_trader_spawn_egg_2",
			"from": [10, 2, 7.5],
			"to": [11, 15, 8.5],
			"faces": {
				"north": {"uv": [11, 1, 10, 14], "texture": "#egg"},
				"east": {"uv": [10, 1, 11, 14], "texture": "#egg"},
				"south": {"uv": [10, 1, 11, 14], "texture": "#egg"},
				"west": {"uv": [10, 1, 11, 14], "texture": "#egg"},
				"up": {"uv": [10, 1, 11, 2], "texture": "#egg"},
				"down": {"uv": [10, 13, 11, 14], "texture": "#egg"}
			}
		},
		{
			"name": "wandering_trader_spawn_egg_3",
			"from": [3, 6, 7.5],
			"to": [4, 9, 8.5],
			"faces": {
				"north": {"uv": [4, 7, 3, 10], "texture": "#egg"},
				"east": {"uv": [3, 7, 4, 10], "texture": "#egg"},
				"south": {"uv": [3, 7, 4, 10], "texture": "#egg"},
				"west": {"uv": [3, 7, 4, 10], "texture": "#egg"},
				"up": {"uv": [3, 7, 4, 8], "texture": "#egg"},
				"down": {"uv": [3, 9, 4, 10], "texture": "#egg"}
			}
		},
		{
			"name": "wandering_trader_spawn_egg_4",
			"from": [5, 1, 7.5],
			"to": [10, 2, 8.5],
			"faces": {
				"north": {"uv": [10, 14, 5, 15], "texture": "#egg"},
				"east": {"uv": [9, 14, 10, 15], "texture": "#egg"},
				"south": {"uv": [5, 14, 10, 15], "texture": "#egg"},
				"west": {"uv": [5, 14, 6, 15], "texture": "#egg"},
				"up": {"uv": [5, 14, 10, 15], "texture": "#egg"},
				"down": {"uv": [5, 14, 10, 15], "texture": "#egg"}
			}
		}
	],
	"gui_light": "front",
	"display": {
		"thirdperson_righthand": {
			"translation": [0, 3, 1],
			"scale": [0.55, 0.55, 0.55]
		},
		"firstperson_righthand": {
			"rotation": [0, -90, 25],
			"translation": [1.13, 3.2, 1.13],
			"scale": [0.68, 0.68, 0.68]
		},
		"ground": {
			"translation": [0, 2, 0],
			"scale": [0.5, 0.5, 0.5]
		},
		"head": {
			"rotation": [0, 180, 0],
			"translation": [0, 13, 7]
		},
		"fixed": {
			"rotation": [0, 180, 0]
		}
	},
	"groups": [
		{
			"name": "wandering_trader_spawn_egg",
			"origin": [8, 8, 8],
			"color": 0,
			"children": [0, 1, 2, 3, 4]
		}
	]
}