{
	"credit": "Made with Blockbench - GrandPappyJay",
	"textures": {
		"particle": "item/warden_spawn_egg",
		"egg": "item/warden_spawn_egg"
	},
	"elements": [
		{
			"name": "warden_spawn_egg_0",
			"from": [3, 3, 7.5],
			"to": [12, 15, 8.5],
			"faces": {
				"north": {"uv": [12, 1, 3, 13], "texture": "#egg"},
				"east": {"uv": [11, 1, 12, 13], "texture": "#egg"},
				"south": {"uv": [3, 1, 12, 13], "texture": "#egg"},
				"west": {"uv": [3, 1, 4, 13], "texture": "#egg"},
				"up": {"uv": [3, 1, 12, 2], "texture": "#egg"},
				"down": {"uv": [3, 12, 12, 13], "texture": "#egg"}
			}
		},
		{
			"name": "warden_spawn_egg_1",
			"from": [2, 3, 7.5],
			"to": [3, 9, 8.5],
			"faces": {
				"north": {"uv": [3, 7, 2, 13], "texture": "#egg"},
				"east": {"uv": [2, 7, 3, 13], "texture": "#egg"},
				"south": {"uv": [2, 7, 3, 13], "texture": "#egg"},
				"west": {"uv": [2, 7, 3, 13], "texture": "#egg"},
				"up": {"uv": [2, 7, 3, 8], "texture": "#egg"},
				"down": {"uv": [2, 12, 3, 13], "texture": "#egg"}
			}
		},
		{
			"name": "warden_spawn_egg_2",
			"from": [12, 3, 7.5],
			"to": [13, 9, 8.5],
			"faces": {
				"north": {"uv": [13, 7, 12, 13], "texture": "#egg"},
				"east": {"uv": [12, 7, 13, 13], "texture": "#egg"},
				"south": {"uv": [12, 7, 13, 13], "texture": "#egg"},
				"west": {"uv": [12, 7, 13, 13], "texture": "#egg"},
				"up": {"uv": [12, 7, 13, 8], "texture": "#egg"},
				"down": {"uv": [12, 12, 13, 13], "texture": "#egg"}
			}
		},
		{
			"name": "warden_spawn_egg_3",
			"from": [4, 1, 7.5],
			"to": [7, 3, 8.5],
			"faces": {
				"north": {"uv": [7, 13, 4, 15], "texture": "#egg"},
				"east": {"uv": [6, 13, 7, 15], "texture": "#egg"},
				"south": {"uv": [4, 13, 7, 15], "texture": "#egg"},
				"west": {"uv": [4, 13, 5, 15], "texture": "#egg"},
				"up": {"uv": [4, 13, 7, 14], "texture": "#egg"},
				"down": {"uv": [4, 14, 7, 15], "texture": "#egg"}
			}
		},
		{
			"name": "warden_spawn_egg_4",
			"from": [8, 1, 7.5],
			"to": [11, 3, 8.5],
			"faces": {
				"north": {"uv": [11, 13, 8, 15], "texture": "#egg"},
				"east": {"uv": [10, 13, 11, 15], "texture": "#egg"},
				"south": {"uv": [8, 13, 11, 15], "texture": "#egg"},
				"west": {"uv": [8, 13, 9, 15], "texture": "#egg"},
				"up": {"uv": [8, 13, 11, 14], "texture": "#egg"},
				"down": {"uv": [8, 14, 11, 15], "texture": "#egg"}
			}
		}
	],
	"gui_light": "front",
	"display": {
		"thirdperson_righthand": {
			"translation": [0, 3, 1],
			"scale": [0.55, 0.55, 0.55]
		},
		"firstperson_righthand": {
			"rotation": [0, -90, 25],
			"translation": [1.13, 3.2, 1.13],
			"scale": [0.68, 0.68, 0.68]
		},
		"ground": {
			"translation": [0, 2, 0],
			"scale": [0.5, 0.5, 0.5]
		},
		"head": {
			"rotation": [0, 180, 0],
			"translation": [0, 13, 7]
		},
		"fixed": {
			"rotation": [0, 180, 0]
		}
	},
	"groups": [
		{
			"name": "warden_spawn_egg",
			"origin": [8, 8, 8],
			"color": 0,
			"children": [0, 1, 2, 3, 4]
		}
	]
}