{
	"credit": "Made with Blockbench - GrandPappyJay",
	"textures": {
		"particle": "item/witch_spawn_egg",
		"egg": "item/witch_spawn_egg"
	},
	"elements": [
		{
			"name": "witch_spawn_egg_0",
			"from": [6, 1, 7.5],
			"to": [11, 16, 8.5],
			"faces": {
				"north": {"uv": [11, 0, 6, 15], "texture": "#egg"},
				"east": {"uv": [10, 0, 11, 15], "texture": "#egg"},
				"south": {"uv": [6, 0, 11, 15], "texture": "#egg"},
				"west": {"uv": [6, 0, 7, 15], "texture": "#egg"},
				"up": {"uv": [6, 0, 11, 1], "texture": "#egg"},
				"down": {"uv": [6, 14, 11, 15], "texture": "#egg"}
			}
		},
		{
			"name": "witch_spawn_egg_1",
			"from": [11, 14, 7.5],
			"to": [12, 16, 8.5],
			"faces": {
				"north": {"uv": [12, 0, 11, 2], "texture": "#egg"},
				"east": {"uv": [11, 0, 12, 2], "texture": "#egg"},
				"south": {"uv": [11, 0, 12, 2], "texture": "#egg"},
				"west": {"uv": [11, 0, 12, 2], "texture": "#egg"},
				"up": {"uv": [11, 0, 12, 1], "texture": "#egg"},
				"down": {"uv": [11, 1, 12, 2], "texture": "#egg"}
			}
		},
		{
			"name": "witch_spawn_egg_2",
			"from": [4, 1, 7.5],
			"to": [6, 15, 8.5],
			"faces": {
				"north": {"uv": [6, 1, 4, 15], "texture": "#egg"},
				"east": {"uv": [5, 1, 6, 15], "texture": "#egg"},
				"south": {"uv": [4, 1, 6, 15], "texture": "#egg"},
				"west": {"uv": [4, 1, 5, 15], "texture": "#egg"},
				"up": {"uv": [4, 1, 6, 2], "texture": "#egg"},
				"down": {"uv": [4, 14, 6, 15], "texture": "#egg"}
			}
		},
		{
			"name": "witch_spawn_egg_3",
			"from": [2, 12, 7.5],
			"to": [4, 13, 8.5],
			"faces": {
				"north": {"uv": [4, 3, 2, 4], "texture": "#egg"},
				"east": {"uv": [3, 3, 4, 4], "texture": "#egg"},
				"south": {"uv": [2, 3, 4, 4], "texture": "#egg"},
				"west": {"uv": [2, 3, 3, 4], "texture": "#egg"},
				"up": {"uv": [2, 3, 4, 4], "texture": "#egg"},
				"down": {"uv": [2, 3, 4, 4], "texture": "#egg"}
			}
		},
		{
			"name": "witch_spawn_egg_4",
			"from": [11, 12, 7.5],
			"to": [13, 13, 8.5],
			"faces": {
				"north": {"uv": [13, 3, 11, 4], "texture": "#egg"},
				"east": {"uv": [12, 3, 13, 4], "texture": "#egg"},
				"south": {"uv": [11, 3, 13, 4], "texture": "#egg"},
				"west": {"uv": [11, 3, 12, 4], "texture": "#egg"},
				"up": {"uv": [11, 3, 13, 4], "texture": "#egg"},
				"down": {"uv": [11, 3, 13, 4], "texture": "#egg"}
			}
		},
		{
			"name": "witch_spawn_egg_5",
			"from": [3, 6, 7.5],
			"to": [4, 8, 8.5],
			"faces": {
				"north": {"uv": [4, 8, 3, 10], "texture": "#egg"},
				"east": {"uv": [3, 8, 4, 10], "texture": "#egg"},
				"south": {"uv": [3, 8, 4, 10], "texture": "#egg"},
				"west": {"uv": [3, 8, 4, 10], "texture": "#egg"},
				"up": {"uv": [3, 8, 4, 9], "texture": "#egg"},
				"down": {"uv": [3, 9, 4, 10], "texture": "#egg"}
			}
		},
		{
			"name": "witch_spawn_egg_6",
			"from": [5, 0, 7.5],
			"to": [7, 1, 8.5],
			"faces": {
				"north": {"uv": [7, 15, 5, 16], "texture": "#egg"},
				"east": {"uv": [6, 15, 7, 16], "texture": "#egg"},
				"south": {"uv": [5, 15, 7, 16], "texture": "#egg"},
				"west": {"uv": [5, 15, 6, 16], "texture": "#egg"},
				"up": {"uv": [5, 15, 7, 16], "texture": "#egg"},
				"down": {"uv": [5, 15, 7, 16], "texture": "#egg"}
			}
		},
		{
			"name": "witch_spawn_egg_7",
			"from": [8, 0, 7.5],
			"to": [10, 1, 8.5],
			"faces": {
				"north": {"uv": [10, 15, 8, 16], "texture": "#egg"},
				"east": {"uv": [9, 15, 10, 16], "texture": "#egg"},
				"south": {"uv": [8, 15, 10, 16], "texture": "#egg"},
				"west": {"uv": [8, 15, 9, 16], "texture": "#egg"},
				"up": {"uv": [8, 15, 10, 16], "texture": "#egg"},
				"down": {"uv": [8, 15, 10, 16], "texture": "#egg"}
			}
		}
	],
	"gui_light": "front",
	"display": {
		"thirdperson_righthand": {
			"translation": [0, 3, 1],
			"scale": [0.55, 0.55, 0.55]
		},
		"firstperson_righthand": {
			"rotation": [0, -90, 25],
			"translation": [1.13, 3.2, 1.13],
			"scale": [0.68, 0.68, 0.68]
		},
		"ground": {
			"translation": [0, 2, 0],
			"scale": [0.5, 0.5, 0.5]
		},
		"head": {
			"rotation": [0, 180, 0],
			"translation": [0, 13, 7]
		},
		"fixed": {
			"rotation": [0, 180, 0]
		}
	},
	"groups": [
		{
			"name": "witch_spawn_egg",
			"origin": [8, 8, 8],
			"color": 0,
			"children": [0, 1, 2, 3, 4, 5, 6, 7]
		}
	]
}