{
	"credit": "Made with Blockbench - GrandPappyJay",
	"textures": {
		"particle": "item/wither_spawn_egg",
		"egg": "item/wither_spawn_egg"
	},
	"elements": [
		{
			"name": "wither_spawn_egg_0",
			"from": [4, 9, 7.5],
			"to": [11, 14, 8.5],
			"faces": {
				"north": {"uv": [11, 2, 4, 7], "texture": "#egg"},
				"east": {"uv": [10, 2, 11, 7], "texture": "#egg"},
				"south": {"uv": [4, 2, 11, 7], "texture": "#egg"},
				"west": {"uv": [4, 2, 5, 7], "texture": "#egg"},
				"up": {"uv": [4, 2, 11, 3], "texture": "#egg"},
				"down": {"uv": [4, 6, 11, 7], "texture": "#egg"}
			}
		},
		{
			"name": "wither_spawn_egg_1",
			"from": [1, 8, 7.5],
			"to": [4, 11, 8.5],
			"faces": {
				"north": {"uv": [4, 5, 1, 8], "texture": "#egg"},
				"east": {"uv": [3, 5, 4, 8], "texture": "#egg"},
				"south": {"uv": [1, 5, 4, 8], "texture": "#egg"},
				"west": {"uv": [1, 5, 2, 8], "texture": "#egg"},
				"up": {"uv": [1, 5, 4, 6], "texture": "#egg"},
				"down": {"uv": [1, 7, 4, 8], "texture": "#egg"}
			}
		},
		{
			"name": "wither_spawn_egg_2",
			"from": [11, 8, 7.5],
			"to": [14, 11, 8.5],
			"faces": {
				"north": {"uv": [14, 5, 11, 8], "texture": "#egg"},
				"east": {"uv": [13, 5, 14, 8], "texture": "#egg"},
				"south": {"uv": [11, 5, 14, 8], "texture": "#egg"},
				"west": {"uv": [11, 5, 12, 8], "texture": "#egg"},
				"up": {"uv": [11, 5, 14, 6], "texture": "#egg"},
				"down": {"uv": [11, 7, 14, 8], "texture": "#egg"}
			}
		},
		{
			"name": "wither_spawn_egg_3",
			"from": [5, 8, 7.5],
			"to": [11, 9, 8.5],
			"faces": {
				"north": {"uv": [11, 7, 5, 8], "texture": "#egg"},
				"east": {"uv": [10, 7, 11, 8], "texture": "#egg"},
				"south": {"uv": [5, 7, 11, 8], "texture": "#egg"},
				"west": {"uv": [5, 7, 6, 8], "texture": "#egg"},
				"up": {"uv": [5, 7, 11, 8], "texture": "#egg"},
				"down": {"uv": [5, 7, 11, 8], "texture": "#egg"}
			}
		},
		{
			"name": "wither_spawn_egg_4",
			"from": [7, 4, 7.5],
			"to": [9, 8, 8.5],
			"faces": {
				"north": {"uv": [9, 8, 7, 12], "texture": "#egg"},
				"east": {"uv": [8, 8, 9, 12], "texture": "#egg"},
				"south": {"uv": [7, 8, 9, 12], "texture": "#egg"},
				"west": {"uv": [7, 8, 8, 12], "texture": "#egg"},
				"up": {"uv": [7, 8, 9, 9], "texture": "#egg"},
				"down": {"uv": [7, 11, 9, 12], "texture": "#egg"}
			}
		},
		{
			"name": "wither_spawn_egg_5",
			"from": [5, 6, 7.5],
			"to": [7, 7, 8.5],
			"faces": {
				"north": {"uv": [7, 9, 5, 10], "texture": "#egg"},
				"east": {"uv": [6, 9, 7, 10], "texture": "#egg"},
				"south": {"uv": [5, 9, 7, 10], "texture": "#egg"},
				"west": {"uv": [5, 9, 6, 10], "texture": "#egg"},
				"up": {"uv": [5, 9, 7, 10], "texture": "#egg"},
				"down": {"uv": [5, 9, 7, 10], "texture": "#egg"}
			}
		},
		{
			"name": "wither_spawn_egg_6",
			"from": [9, 6, 7.5],
			"to": [11, 7, 8.5],
			"faces": {
				"north": {"uv": [11, 9, 9, 10], "texture": "#egg"},
				"east": {"uv": [10, 9, 11, 10], "texture": "#egg"},
				"south": {"uv": [9, 9, 11, 10], "texture": "#egg"},
				"west": {"uv": [9, 9, 10, 10], "texture": "#egg"},
				"up": {"uv": [9, 9, 11, 10], "texture": "#egg"},
				"down": {"uv": [9, 9, 11, 10], "texture": "#egg"}
			}
		},
		{
			"name": "wither_spawn_egg_7",
			"from": [6, 4, 7.5],
			"to": [7, 5, 8.5],
			"faces": {
				"north": {"uv": [7, 11, 6, 12], "texture": "#egg"},
				"east": {"uv": [6, 11, 7, 12], "texture": "#egg"},
				"south": {"uv": [6, 11, 7, 12], "texture": "#egg"},
				"west": {"uv": [6, 11, 7, 12], "texture": "#egg"},
				"up": {"uv": [6, 11, 7, 12], "texture": "#egg"},
				"down": {"uv": [6, 11, 7, 12], "texture": "#egg"}
			}
		},
		{
			"name": "wither_spawn_egg_8",
			"from": [9, 4, 7.5],
			"to": [11, 5, 8.5],
			"faces": {
				"north": {"uv": [11, 11, 9, 12], "texture": "#egg"},
				"east": {"uv": [10, 11, 11, 12], "texture": "#egg"},
				"south": {"uv": [9, 11, 11, 12], "texture": "#egg"},
				"west": {"uv": [9, 11, 10, 12], "texture": "#egg"},
				"up": {"uv": [9, 11, 11, 12], "texture": "#egg"},
				"down": {"uv": [9, 11, 11, 12], "texture": "#egg"}
			}
		},
		{
			"name": "wither_spawn_egg_9",
			"from": [8, 2, 7.5],
			"to": [9, 4, 8.5],
			"faces": {
				"north": {"uv": [9, 12, 8, 14], "texture": "#egg"},
				"east": {"uv": [8, 12, 9, 14], "texture": "#egg"},
				"south": {"uv": [8, 12, 9, 14], "texture": "#egg"},
				"west": {"uv": [8, 12, 9, 14], "texture": "#egg"},
				"up": {"uv": [8, 12, 9, 13], "texture": "#egg"},
				"down": {"uv": [8, 13, 9, 14], "texture": "#egg"}
			}
		}
	],
	"gui_light": "front",
	"display": {
		"thirdperson_righthand": {
			"translation": [0, 3, 1],
			"scale": [0.55, 0.55, 0.55]
		},
		"firstperson_righthand": {
			"rotation": [0, -90, 25],
			"translation": [1.13, 3.2, 1.13],
			"scale": [0.68, 0.68, 0.68]
		},
		"ground": {
			"translation": [0, 2, 0],
			"scale": [0.5, 0.5, 0.5]
		},
		"head": {
			"rotation": [0, 180, 0],
			"translation": [0, 13, 7]
		},
		"fixed": {
			"rotation": [0, 180, 0]
		}
	},
	"groups": [
		{
			"name": "wither_spawn_egg",
			"origin": [8, 8, 8],
			"color": 0,
			"children": [0, 1, 2, 3, 4, 5, 6, 7, 8, 9]
		}
	]
}