{
	"credit": "Made with Blockbench - GrandPappyJay",
	"textures": {
		"particle": "item/wolf_spawn_egg",
		"egg": "item/wolf_spawn_egg"
	},
	"elements": [
		{
			"name": "wolf_spawn_egg_0",
			"from": [2, 5, 7.5],
			"to": [4, 10, 8.5],
			"faces": {
				"north": {"uv": [4, 6, 2, 11], "texture": "#egg"},
				"east": {"uv": [3, 6, 4, 11], "texture": "#egg"},
				"south": {"uv": [2, 6, 4, 11], "texture": "#egg"},
				"west": {"uv": [2, 6, 3, 11], "texture": "#egg"},
				"up": {"uv": [2, 6, 4, 7], "texture": "#egg"},
				"down": {"uv": [2, 10, 4, 11], "texture": "#egg"}
			}
		},
		{
			"name": "wolf_spawn_egg_1",
			"from": [5, 4, 7.5],
			"to": [7, 10, 8.5],
			"faces": {
				"north": {"uv": [7, 6, 5, 12], "texture": "#egg"},
				"east": {"uv": [6, 6, 7, 12], "texture": "#egg"},
				"south": {"uv": [5, 6, 7, 12], "texture": "#egg"},
				"west": {"uv": [5, 6, 6, 12], "texture": "#egg"},
				"up": {"uv": [5, 6, 7, 7], "texture": "#egg"},
				"down": {"uv": [5, 11, 7, 12], "texture": "#egg"}
			}
		},
		{
			"name": "wolf_spawn_egg_2",
			"from": [4, 1, 7.5],
			"to": [5, 9, 8.5],
			"faces": {
				"north": {"uv": [5, 7, 4, 15], "texture": "#egg"},
				"east": {"uv": [4, 7, 5, 15], "texture": "#egg"},
				"south": {"uv": [4, 7, 5, 15], "texture": "#egg"},
				"west": {"uv": [4, 7, 5, 15], "texture": "#egg"},
				"up": {"uv": [4, 7, 5, 8], "texture": "#egg"},
				"down": {"uv": [4, 14, 5, 15], "texture": "#egg"}
			}
		},
		{
			"name": "wolf_spawn_egg_3",
			"from": [7, 4, 7.5],
			"to": [8, 9, 8.5],
			"faces": {
				"north": {"uv": [8, 7, 7, 12], "texture": "#egg"},
				"east": {"uv": [7, 7, 8, 12], "texture": "#egg"},
				"south": {"uv": [7, 7, 8, 12], "texture": "#egg"},
				"west": {"uv": [7, 7, 8, 12], "texture": "#egg"},
				"up": {"uv": [7, 7, 8, 8], "texture": "#egg"},
				"down": {"uv": [7, 11, 8, 12], "texture": "#egg"}
			}
		},
		{
			"name": "wolf_spawn_egg_4",
			"from": [8, 4, 7.5],
			"to": [12, 8, 8.5],
			"faces": {
				"north": {"uv": [12, 8, 8, 12], "texture": "#egg"},
				"east": {"uv": [11, 8, 12, 12], "texture": "#egg"},
				"south": {"uv": [8, 8, 12, 12], "texture": "#egg"},
				"west": {"uv": [8, 8, 9, 12], "texture": "#egg"},
				"up": {"uv": [8, 8, 12, 9], "texture": "#egg"},
				"down": {"uv": [8, 11, 12, 12], "texture": "#egg"}
			}
		},
		{
			"name": "wolf_spawn_egg_5",
			"from": [12, 5, 7.5],
			"to": [13, 8, 8.5],
			"faces": {
				"north": {"uv": [13, 8, 12, 11], "texture": "#egg"},
				"east": {"uv": [12, 8, 13, 11], "texture": "#egg"},
				"south": {"uv": [12, 8, 13, 11], "texture": "#egg"},
				"west": {"uv": [12, 8, 13, 11], "texture": "#egg"},
				"up": {"uv": [12, 8, 13, 9], "texture": "#egg"},
				"down": {"uv": [12, 10, 13, 11], "texture": "#egg"}
			}
		},
		{
			"name": "wolf_spawn_egg_6",
			"from": [1, 5, 7.5],
			"to": [2, 7, 8.5],
			"faces": {
				"north": {"uv": [2, 9, 1, 11], "texture": "#egg"},
				"east": {"uv": [1, 9, 2, 11], "texture": "#egg"},
				"south": {"uv": [1, 9, 2, 11], "texture": "#egg"},
				"west": {"uv": [1, 9, 2, 11], "texture": "#egg"},
				"up": {"uv": [1, 9, 2, 10], "texture": "#egg"},
				"down": {"uv": [1, 10, 2, 11], "texture": "#egg"}
			}
		},
		{
			"name": "wolf_spawn_egg_7",
			"from": [13, 4, 7.5],
			"to": [14, 7, 8.5],
			"faces": {
				"north": {"uv": [14, 9, 13, 12], "texture": "#egg"},
				"east": {"uv": [13, 9, 14, 12], "texture": "#egg"},
				"south": {"uv": [13, 9, 14, 12], "texture": "#egg"},
				"west": {"uv": [13, 9, 14, 12], "texture": "#egg"},
				"up": {"uv": [13, 9, 14, 10], "texture": "#egg"},
				"down": {"uv": [13, 11, 14, 12], "texture": "#egg"}
			}
		},
		{
			"name": "wolf_spawn_egg_8",
			"from": [14, 4, 7.5],
			"to": [15, 6, 8.5],
			"faces": {
				"north": {"uv": [15, 10, 14, 12], "texture": "#egg"},
				"east": {"uv": [14, 10, 15, 12], "texture": "#egg"},
				"south": {"uv": [14, 10, 15, 12], "texture": "#egg"},
				"west": {"uv": [14, 10, 15, 12], "texture": "#egg"},
				"up": {"uv": [14, 10, 15, 11], "texture": "#egg"},
				"down": {"uv": [14, 11, 15, 12], "texture": "#egg"}
			}
		},
		{
			"name": "wolf_spawn_egg_9",
			"from": [6, 1, 7.5],
			"to": [7, 4, 8.5],
			"faces": {
				"north": {"uv": [7, 12, 6, 15], "texture": "#egg"},
				"east": {"uv": [6, 12, 7, 15], "texture": "#egg"},
				"south": {"uv": [6, 12, 7, 15], "texture": "#egg"},
				"west": {"uv": [6, 12, 7, 15], "texture": "#egg"},
				"up": {"uv": [6, 12, 7, 13], "texture": "#egg"},
				"down": {"uv": [6, 14, 7, 15], "texture": "#egg"}
			}
		},
		{
			"name": "wolf_spawn_egg_10",
			"from": [9, 1, 7.5],
			"to": [10, 4, 8.5],
			"faces": {
				"north": {"uv": [10, 12, 9, 15], "texture": "#egg"},
				"east": {"uv": [9, 12, 10, 15], "texture": "#egg"},
				"south": {"uv": [9, 12, 10, 15], "texture": "#egg"},
				"west": {"uv": [9, 12, 10, 15], "texture": "#egg"},
				"up": {"uv": [9, 12, 10, 13], "texture": "#egg"},
				"down": {"uv": [9, 14, 10, 15], "texture": "#egg"}
			}
		},
		{
			"name": "wolf_spawn_egg_11",
			"from": [11, 1, 7.5],
			"to": [12, 4, 8.5],
			"faces": {
				"north": {"uv": [12, 12, 11, 15], "texture": "#egg"},
				"east": {"uv": [11, 12, 12, 15], "texture": "#egg"},
				"south": {"uv": [11, 12, 12, 15], "texture": "#egg"},
				"west": {"uv": [11, 12, 12, 15], "texture": "#egg"},
				"up": {"uv": [11, 12, 12, 13], "texture": "#egg"},
				"down": {"uv": [11, 14, 12, 15], "texture": "#egg"}
			}
		}
	],
	"gui_light": "front",
	"display": {
		"thirdperson_righthand": {
			"translation": [0, 3, 1],
			"scale": [0.55, 0.55, 0.55]
		},
		"firstperson_righthand": {
			"rotation": [0, -90, 25],
			"translation": [1.13, 3.2, 1.13],
			"scale": [0.68, 0.68, 0.68]
		},
		"ground": {
			"translation": [0, 2, 0],
			"scale": [0.5, 0.5, 0.5]
		},
		"head": {
			"rotation": [0, 180, 0],
			"translation": [0, 13, 7]
		},
		"fixed": {
			"rotation": [0, 180, 0]
		}
	},
	"groups": [
		{
			"name": "wolf_spawn_egg",
			"origin": [8, 8, 8],
			"color": 0,
			"children": [0, 1, 2, 3, 4, 5, 6, 7, 8, 9, 10, 11]
		}
	]
}