{
	"credit": "Made with Blockbench - GrandPappyJay",
	"textures": {
		"particle": "item/zoglin_spawn_egg",
		"egg": "item/zoglin_spawn_egg"
	},
	"elements": [
		{
			"name": "zoglin_spawn_egg_0",
			"from": [3, 1, 7.5],
			"to": [4, 14, 8.5],
			"faces": {
				"north": {"uv": [4, 2, 3, 15], "texture": "#egg"},
				"east": {"uv": [3, 2, 4, 15], "texture": "#egg"},
				"south": {"uv": [3, 2, 4, 15], "texture": "#egg"},
				"west": {"uv": [3, 2, 4, 15], "texture": "#egg"},
				"up": {"uv": [3, 2, 4, 3], "texture": "#egg"},
				"down": {"uv": [3, 14, 4, 15], "texture": "#egg"}
			}
		},
		{
			"name": "zoglin_spawn_egg_1",
			"from": [5, 1, 7.5],
			"to": [6, 13, 8.5],
			"faces": {
				"north": {"uv": [6, 3, 5, 15], "texture": "#egg"},
				"east": {"uv": [5, 3, 6, 15], "texture": "#egg"},
				"south": {"uv": [5, 3, 6, 15], "texture": "#egg"},
				"west": {"uv": [5, 3, 6, 15], "texture": "#egg"},
				"up": {"uv": [5, 3, 6, 4], "texture": "#egg"},
				"down": {"uv": [5, 14, 6, 15], "texture": "#egg"}
			}
		},
		{
			"name": "zoglin_spawn_egg_2",
			"from": [7, 1, 7.5],
			"to": [8, 13, 8.5],
			"faces": {
				"north": {"uv": [8, 3, 7, 15], "texture": "#egg"},
				"east": {"uv": [7, 3, 8, 15], "texture": "#egg"},
				"south": {"uv": [7, 3, 8, 15], "texture": "#egg"},
				"west": {"uv": [7, 3, 8, 15], "texture": "#egg"},
				"up": {"uv": [7, 3, 8, 4], "texture": "#egg"},
				"down": {"uv": [7, 14, 8, 15], "texture": "#egg"}
			}
		},
		{
			"name": "zoglin_spawn_egg_3",
			"from": [4, 1, 7.5],
			"to": [5, 12, 8.5],
			"faces": {
				"north": {"uv": [5, 4, 4, 15], "texture": "#egg"},
				"east": {"uv": [4, 4, 5, 15], "texture": "#egg"},
				"south": {"uv": [4, 4, 5, 15], "texture": "#egg"},
				"west": {"uv": [4, 4, 5, 15], "texture": "#egg"},
				"up": {"uv": [4, 4, 5, 5], "texture": "#egg"},
				"down": {"uv": [4, 14, 5, 15], "texture": "#egg"}
			}
		},
		{
			"name": "zoglin_spawn_egg_4",
			"from": [6, 4, 7.5],
			"to": [7, 12, 8.5],
			"faces": {
				"north": {"uv": [7, 4, 6, 12], "texture": "#egg"},
				"east": {"uv": [6, 4, 7, 12], "texture": "#egg"},
				"south": {"uv": [6, 4, 7, 12], "texture": "#egg"},
				"west": {"uv": [6, 4, 7, 12], "texture": "#egg"},
				"up": {"uv": [6, 4, 7, 5], "texture": "#egg"},
				"down": {"uv": [6, 11, 7, 12], "texture": "#egg"}
			}
		},
		{
			"name": "zoglin_spawn_egg_5",
			"from": [8, 1, 7.5],
			"to": [9, 12, 8.5],
			"faces": {
				"north": {"uv": [9, 4, 8, 15], "texture": "#egg"},
				"east": {"uv": [8, 4, 9, 15], "texture": "#egg"},
				"south": {"uv": [8, 4, 9, 15], "texture": "#egg"},
				"west": {"uv": [8, 4, 9, 15], "texture": "#egg"},
				"up": {"uv": [8, 4, 9, 5], "texture": "#egg"},
				"down": {"uv": [8, 14, 9, 15], "texture": "#egg"}
			}
		},
		{
			"name": "zoglin_spawn_egg_6",
			"from": [1, 5, 7.5],
			"to": [3, 11, 8.5],
			"faces": {
				"north": {"uv": [3, 5, 1, 11], "texture": "#egg"},
				"east": {"uv": [2, 5, 3, 11], "texture": "#egg"},
				"south": {"uv": [1, 5, 3, 11], "texture": "#egg"},
				"west": {"uv": [1, 5, 2, 11], "texture": "#egg"},
				"up": {"uv": [1, 5, 3, 6], "texture": "#egg"},
				"down": {"uv": [1, 10, 3, 11], "texture": "#egg"}
			}
		},
		{
			"name": "zoglin_spawn_egg_7",
			"from": [9, 4, 7.5],
			"to": [12, 11, 8.5],
			"faces": {
				"north": {"uv": [12, 5, 9, 12], "texture": "#egg"},
				"east": {"uv": [11, 5, 12, 12], "texture": "#egg"},
				"south": {"uv": [9, 5, 12, 12], "texture": "#egg"},
				"west": {"uv": [9, 5, 10, 12], "texture": "#egg"},
				"up": {"uv": [9, 5, 12, 6], "texture": "#egg"},
				"down": {"uv": [9, 11, 12, 12], "texture": "#egg"}
			}
		},
		{
			"name": "zoglin_spawn_egg_8",
			"from": [12, 1, 7.5],
			"to": [14, 10, 8.5],
			"faces": {
				"north": {"uv": [14, 6, 12, 15], "texture": "#egg"},
				"east": {"uv": [13, 6, 14, 15], "texture": "#egg"},
				"south": {"uv": [12, 6, 14, 15], "texture": "#egg"},
				"west": {"uv": [12, 6, 13, 15], "texture": "#egg"},
				"up": {"uv": [12, 6, 14, 7], "texture": "#egg"},
				"down": {"uv": [12, 14, 14, 15], "texture": "#egg"}
			}
		},
		{
			"name": "zoglin_spawn_egg_9",
			"from": [14, 1, 7.5],
			"to": [15, 9, 8.5],
			"faces": {
				"north": {"uv": [15, 7, 14, 15], "texture": "#egg"},
				"east": {"uv": [14, 7, 15, 15], "texture": "#egg"},
				"south": {"uv": [14, 7, 15, 15], "texture": "#egg"},
				"west": {"uv": [14, 7, 15, 15], "texture": "#egg"},
				"up": {"uv": [14, 7, 15, 8], "texture": "#egg"},
				"down": {"uv": [14, 14, 15, 15], "texture": "#egg"}
			}
		},
		{
			"name": "zoglin_spawn_egg_10",
			"from": [0, 5, 7.5],
			"to": [1, 8, 8.5],
			"faces": {
				"north": {"uv": [1, 8, 0, 11], "texture": "#egg"},
				"east": {"uv": [0, 8, 1, 11], "texture": "#egg"},
				"south": {"uv": [0, 8, 1, 11], "texture": "#egg"},
				"west": {"uv": [0, 8, 1, 11], "texture": "#egg"},
				"up": {"uv": [0, 8, 1, 9], "texture": "#egg"},
				"down": {"uv": [0, 10, 1, 11], "texture": "#egg"}
			}
		},
		{
			"name": "zoglin_spawn_egg_11",
			"from": [9, 1, 7.5],
			"to": [10, 4, 8.5],
			"faces": {
				"north": {"uv": [10, 12, 9, 15], "texture": "#egg"},
				"east": {"uv": [9, 12, 10, 15], "texture": "#egg"},
				"south": {"uv": [9, 12, 10, 15], "texture": "#egg"},
				"west": {"uv": [9, 12, 10, 15], "texture": "#egg"},
				"up": {"uv": [9, 12, 10, 13], "texture": "#egg"},
				"down": {"uv": [9, 14, 10, 15], "texture": "#egg"}
			}
		}
	],
	"gui_light": "front",
	"display": {
		"thirdperson_righthand": {
			"translation": [0, 3, 1],
			"scale": [0.55, 0.55, 0.55]
		},
		"firstperson_righthand": {
			"rotation": [0, -90, 25],
			"translation": [1.13, 3.2, 1.13],
			"scale": [0.68, 0.68, 0.68]
		},
		"ground": {
			"translation": [0, 2, 0],
			"scale": [0.5, 0.5, 0.5]
		},
		"head": {
			"rotation": [0, 180, 0],
			"translation": [0, 13, 7]
		},
		"fixed": {
			"rotation": [0, 180, 0]
		}
	},
	"groups": [
		{
			"name": "zoglin_spawn_egg",
			"origin": [8, 8, 8],
			"color": 0,
			"children": [0, 1, 2, 3, 4, 5, 6, 7, 8, 9, 10, 11]
		}
	]
}