{
	"credit": "Made with Blockbench - GrandPappyJay",
	"textures": {
		"particle": "item/zombie_spawn_egg",
		"egg": "item/zombie_spawn_egg"
	},
	"elements": [
		{
			"name": "zombie_spawn_egg_0",
			"from": [4, 8, 7.5],
			"to": [11, 15, 8.5],
			"faces": {
				"north": {"uv": [11, 1, 4, 8], "texture": "#egg"},
				"east": {"uv": [10, 1, 11, 8], "texture": "#egg"},
				"south": {"uv": [4, 1, 11, 8], "texture": "#egg"},
				"west": {"uv": [4, 1, 5, 8], "texture": "#egg"},
				"up": {"uv": [4, 1, 11, 2], "texture": "#egg"},
				"down": {"uv": [4, 7, 11, 8], "texture": "#egg"}
			}
		},
		{
			"name": "zombie_spawn_egg_1",
			"from": [1, 8, 7.5],
			"to": [4, 10, 8.5],
			"faces": {
				"north": {"uv": [4, 6, 1, 8], "texture": "#egg"},
				"east": {"uv": [3, 6, 4, 8], "texture": "#egg"},
				"south": {"uv": [1, 6, 4, 8], "texture": "#egg"},
				"west": {"uv": [1, 6, 2, 8], "texture": "#egg"},
				"up": {"uv": [1, 6, 4, 7], "texture": "#egg"},
				"down": {"uv": [1, 7, 4, 8], "texture": "#egg"}
			}
		},
		{
			"name": "zombie_spawn_egg_2",
			"from": [11, 8, 7.5],
			"to": [12, 10, 8.5],
			"faces": {
				"north": {"uv": [12, 6, 11, 8], "texture": "#egg"},
				"east": {"uv": [11, 6, 12, 8], "texture": "#egg"},
				"south": {"uv": [11, 6, 12, 8], "texture": "#egg"},
				"west": {"uv": [11, 6, 12, 8], "texture": "#egg"},
				"up": {"uv": [11, 6, 12, 7], "texture": "#egg"},
				"down": {"uv": [11, 7, 12, 8], "texture": "#egg"}
			}
		},
		{
			"name": "zombie_spawn_egg_3",
			"from": [5, 5, 7.5],
			"to": [10, 8, 8.5],
			"faces": {
				"north": {"uv": [10, 8, 5, 11], "texture": "#egg"},
				"east": {"uv": [9, 8, 10, 11], "texture": "#egg"},
				"south": {"uv": [5, 8, 10, 11], "texture": "#egg"},
				"west": {"uv": [5, 8, 6, 11], "texture": "#egg"},
				"up": {"uv": [5, 8, 10, 9], "texture": "#egg"},
				"down": {"uv": [5, 10, 10, 11], "texture": "#egg"}
			}
		},
		{
			"name": "zombie_spawn_egg_4",
			"from": [5, 1, 7.5],
			"to": [7, 5, 8.5],
			"faces": {
				"north": {"uv": [7, 11, 5, 15], "texture": "#egg"},
				"east": {"uv": [6, 11, 7, 15], "texture": "#egg"},
				"south": {"uv": [5, 11, 7, 15], "texture": "#egg"},
				"west": {"uv": [5, 11, 6, 15], "texture": "#egg"},
				"up": {"uv": [5, 11, 7, 12], "texture": "#egg"},
				"down": {"uv": [5, 14, 7, 15], "texture": "#egg"}
			}
		},
		{
			"name": "zombie_spawn_egg_5",
			"from": [8, 1, 7.5],
			"to": [10, 5, 8.5],
			"faces": {
				"north": {"uv": [10, 11, 8, 15], "texture": "#egg"},
				"east": {"uv": [9, 11, 10, 15], "texture": "#egg"},
				"south": {"uv": [8, 11, 10, 15], "texture": "#egg"},
				"west": {"uv": [8, 11, 9, 15], "texture": "#egg"},
				"up": {"uv": [8, 11, 10, 12], "texture": "#egg"},
				"down": {"uv": [8, 14, 10, 15], "texture": "#egg"}
			}
		}
	],
	"gui_light": "front",
	"display": {
		"thirdperson_righthand": {
			"translation": [0, 3, 1],
			"scale": [0.55, 0.55, 0.55]
		},
		"firstperson_righthand": {
			"rotation": [0, -90, 25],
			"translation": [1.13, 3.2, 1.13],
			"scale": [0.68, 0.68, 0.68]
		},
		"ground": {
			"translation": [0, 2, 0],
			"scale": [0.5, 0.5, 0.5]
		},
		"head": {
			"rotation": [0, 180, 0],
			"translation": [0, 13, 7]
		},
		"fixed": {
			"rotation": [0, 180, 0]
		}
	},
	"groups": [
		{
			"name": "zombie_spawn_egg",
			"origin": [8, 8, 8],
			"color": 0,
			"children": [0, 1, 2, 3, 4, 5]
		}
	]
}