{
	"credit": "Made with Blockbench - GrandPappyJay",
	"textures": {
		"particle": "item/zombie_villager_spawn_egg",
		"egg": "item/zombie_villager_spawn_egg"
	},
	"elements": [
		{
			"name": "zombie_villager_spawn_egg_0",
			"from": [4, 4, 7.5],
			"to": [11, 16, 8.5],
			"faces": {
				"north": {"uv": [11, 0, 4, 12], "texture": "#egg"},
				"east": {"uv": [10, 0, 11, 12], "texture": "#egg"},
				"south": {"uv": [4, 0, 11, 12], "texture": "#egg"},
				"west": {"uv": [4, 0, 5, 12], "texture": "#egg"},
				"up": {"uv": [4, 0, 11, 1], "texture": "#egg"},
				"down": {"uv": [4, 11, 11, 12], "texture": "#egg"}
			}
		},
		{
			"name": "zombie_villager_spawn_egg_1",
			"from": [1, 8, 7.5],
			"to": [4, 10, 8.5],
			"faces": {
				"north": {"uv": [4, 6, 1, 8], "texture": "#egg"},
				"east": {"uv": [3, 6, 4, 8], "texture": "#egg"},
				"south": {"uv": [1, 6, 4, 8], "texture": "#egg"},
				"west": {"uv": [1, 6, 2, 8], "texture": "#egg"},
				"up": {"uv": [1, 6, 4, 7], "texture": "#egg"},
				"down": {"uv": [1, 7, 4, 8], "texture": "#egg"}
			}
		},
		{
			"name": "zombie_villager_spawn_egg_2",
			"from": [11, 8, 7.5],
			"to": [12, 10, 8.5],
			"faces": {
				"north": {"uv": [12, 6, 11, 8], "texture": "#egg"},
				"east": {"uv": [11, 6, 12, 8], "texture": "#egg"},
				"south": {"uv": [11, 6, 12, 8], "texture": "#egg"},
				"west": {"uv": [11, 6, 12, 8], "texture": "#egg"},
				"up": {"uv": [11, 6, 12, 7], "texture": "#egg"},
				"down": {"uv": [11, 7, 12, 8], "texture": "#egg"}
			}
		},
		{
			"name": "zombie_villager_spawn_egg_3",
			"from": [4, 2, 7.5],
			"to": [7, 4, 8.5],
			"faces": {
				"north": {"uv": [7, 12, 4, 14], "texture": "#egg"},
				"east": {"uv": [6, 12, 7, 14], "texture": "#egg"},
				"south": {"uv": [4, 12, 7, 14], "texture": "#egg"},
				"west": {"uv": [4, 12, 5, 14], "texture": "#egg"},
				"up": {"uv": [4, 12, 7, 13], "texture": "#egg"},
				"down": {"uv": [4, 13, 7, 14], "texture": "#egg"}
			}
		},
		{
			"name": "zombie_villager_spawn_egg_4",
			"from": [8, 2, 7.5],
			"to": [11, 4, 8.5],
			"faces": {
				"north": {"uv": [11, 12, 8, 14], "texture": "#egg"},
				"east": {"uv": [10, 12, 11, 14], "texture": "#egg"},
				"south": {"uv": [8, 12, 11, 14], "texture": "#egg"},
				"west": {"uv": [8, 12, 9, 14], "texture": "#egg"},
				"up": {"uv": [8, 12, 11, 13], "texture": "#egg"},
				"down": {"uv": [8, 13, 11, 14], "texture": "#egg"}
			}
		},
		{
			"name": "zombie_villager_spawn_egg_5",
			"from": [5, 1, 7.5],
			"to": [7, 2, 8.5],
			"faces": {
				"north": {"uv": [7, 14, 5, 15], "texture": "#egg"},
				"east": {"uv": [6, 14, 7, 15], "texture": "#egg"},
				"south": {"uv": [5, 14, 7, 15], "texture": "#egg"},
				"west": {"uv": [5, 14, 6, 15], "texture": "#egg"},
				"up": {"uv": [5, 14, 7, 15], "texture": "#egg"},
				"down": {"uv": [5, 14, 7, 15], "texture": "#egg"}
			}
		},
		{
			"name": "zombie_villager_spawn_egg_6",
			"from": [8, 1, 7.5],
			"to": [10, 2, 8.5],
			"faces": {
				"north": {"uv": [10, 14, 8, 15], "texture": "#egg"},
				"east": {"uv": [9, 14, 10, 15], "texture": "#egg"},
				"south": {"uv": [8, 14, 10, 15], "texture": "#egg"},
				"west": {"uv": [8, 14, 9, 15], "texture": "#egg"},
				"up": {"uv": [8, 14, 10, 15], "texture": "#egg"},
				"down": {"uv": [8, 14, 10, 15], "texture": "#egg"}
			}
		}
	],
	"gui_light": "front",
	"display": {
		"thirdperson_righthand": {
			"translation": [0, 3, 1],
			"scale": [0.55, 0.55, 0.55]
		},
		"firstperson_righthand": {
			"rotation": [0, -90, 25],
			"translation": [1.13, 3.2, 1.13],
			"scale": [0.68, 0.68, 0.68]
		},
		"ground": {
			"translation": [0, 2, 0],
			"scale": [0.5, 0.5, 0.5]
		},
		"head": {
			"rotation": [0, 180, 0],
			"translation": [0, 13, 7]
		},
		"fixed": {
			"rotation": [0, 180, 0]
		}
	},
	"groups": [
		{
			"name": "zombie_villager_spawn_egg",
			"origin": [8, 8, 8],
			"color": 0,
			"children": [0, 1, 2, 3, 4, 5, 6]
		}
	]
}