{
  "name": "Diamond Sword",
  "icon": "minecraft:diamond_sword",
  "category": "clarentmod:cit_naming_guide",
  "read_by_default": true,
  "sortnum": 1,
  "pages": [
    {
      "type": "clarentmod:cit_naming_guide",
      "title": "Clarent",
      "input_item": "minecraft:diamond_sword",
      "output_item_image": "minecraft:textures/item/excalibur/custom_name/diamond_clarent.png"
    },
    {
      "type": "clarentmod:cit_naming_guide",
      "title": "Diamond Battle Axe",
      "input_item": "minecraft:diamond_sword",
      "output_item_image": "minecraft:textures/item/excalibur/custom_name/diamond_battle_axe.png"
    },
    {
      "type": "clarentmod:cit_naming_guide",
      "title": "Diamond Excalibur",
      "input_item": "minecraft:diamond_sword",
      "output_item_image": "minecraft:textures/item/excalibur/custom_name/diamond_excalibur.png"
    },
    {
      "type": "clarentmod:cit_naming_guide",
      "title": "Diamond Hammer",
      "input_item": "minecraft:diamond_sword",
      "output_item_image": "minecraft:textures/item/excalibur/custom_name/diamond_hammer.png"
    },
    {
      "type": "clarentmod:cit_naming_guide",
      "title": "Diamond Master Sword",
      "input_item": "minecraft:diamond_sword",
      "output_item_image": "minecraft:textures/item/excalibur/custom_name/diamond_master_sword.png"
    },
    {
      "type": "clarentmod:cit_naming_guide",
      "title": "Diamond Sword in Stone",
      "input_item": "minecraft:diamond_sword",
      "output_item_image": "minecraft:textures/item/diamond_sword.png"
    },
    {
      "type": "clarentmod:cit_naming_guide",
      "title": "Dragon Slayer Greatsword",
      "input_item": "minecraft:diamond_sword",
      "output_item_image": "patchouli:textures/gui/entry/cit_naming_guide/dragon_slayer_greatsword.png"
    }
  ]
}
