{
  "name": "Diamond Axe",
  "icon": "minecraft:diamond_axe",
  "category": "clarentmod:cit_naming_guide",
  "read_by_default": true,
  "sortnum": 1,
  "pages": [
    {
      "type": "clarentmod:cit_naming_guide",
      "title": "Diamond Battle Axe",
      "input_item": "minecraft:diamond_axe",
      "output_item_image": "minecraft:textures/item/excalibur/custom_name/diamond_battle_axe.png"
    },
    {
      "type": "clarentmod:cit_naming_guide",
      "title": "Diamond Hammer",
      "input_item": "minecraft:diamond_axe",
      "output_item_image": "minecraft:textures/item/excalibur/custom_name/diamond_hammer.png"
    }
  ]
}
