{
  "name": "Item Frame",
  "icon": "minecraft:item_frame",
  "category": "clarentmod:cit_naming_guide",
  "read_by_default": true,
  "sortnum": 1,
  "pages": [
    {
      "type": "clarentmod:cit_naming_guide",
      "title": "Wheel",
      "input_item": "minecraft:item_frame",
      "output_item_image": "minecraft:textures/item/excalibur/custom_name/decor/wheel.png"
    },
    {
      "type": "clarentmod:cit_naming_guide",
      "title": "O",
      "input_item": "minecraft:item_frame",
      "output_item_image": "minecraft:textures/item/excalibur/custom_name/decor/wheel.png"
    }
  ]
}
