{
  "name": "Netherite Sword",
  "icon": "minecraft:netherite_sword",
  "category": "clarentmod:cit_naming_guide",
  "read_by_default": true,
  "sortnum": 1,
  "pages": [
    {
      "type": "clarentmod:cit_naming_guide",
      "title": "Netherite Excalibur",
      "input_item": "minecraft:netherite_sword",
      "output_item_image": "minecraft:textures/item/excalibur/custom_name/netherite_excalibur.png"
    },
    {
      "type": "clarentmod:cit_naming_guide",
      "title": "Netherite Hammer",
      "input_item": "minecraft:netherite_sword",
      "output_item_image": "minecraft:textures/item/excalibur/custom_name/netherite_hammer.png"
    },
    {
      "type": "clarentmod:cit_naming_guide",
      "title": "Dragon Slayer Greatsword",
      "input_item": "minecraft:netherite_sword",
      "output_item_image": "patchouli:textures/gui/entry/cit_naming_guide/dragon_slayer_greatsword.png"
    }
  ]
}
