{
	"format_version": "1.21.6",
	"credit": "Made with Blockbench",
	"parent": "block/block",
	"ambientocclusion": false,
	"textures": {
		"1": "block/lever",
		"particle": "block/lever"
	},
	"elements": [
		{
			"name": "Bottom",
			"from": [6.5, 9.81, 11.5],
			"to": [9.5, 10.81, 14.5],
			"rotation": {"angle": -45, "axis": "x", "origin": [7.5, -2.25, 13.5]},
			"faces": {
				"north": {"uv": [6, 3, 9, 4], "texture": "#1"},
				"east": {"uv": [6, 3, 9, 4], "texture": "#1"},
				"south": {"uv": [6, 3, 9, 4], "texture": "#1"},
				"west": {"uv": [6, 3, 9, 4], "texture": "#1"},
				"up": {"uv": [7, 4, 9, 6], "texture": "#1"},
				"down": {"uv": [7, 4, 9, 6], "texture": "#1"}
			}
		},
		{
			"name": "Lever",
			"from": [7, 1, 9.5],
			"to": [9, 14, 11.5],
			"rotation": {"angle": -45, "axis": "x", "origin": [8, 0, 10.5]},
			"faces": {
				"north": {"uv": [7, 2, 9, 16], "texture": "#1"},
				"east": {"uv": [7, 2, 9, 16], "texture": "#1"},
				"south": {"uv": [7, 2, 9, 16], "texture": "#1"},
				"west": {"uv": [7, 2, 9, 16], "texture": "#1"},
				"up": {"uv": [7, 4, 9, 6], "texture": "#1"},
				"down": {"uv": [7, 6, 9, 8], "texture": "#1"}
			}
		},
		{
			"name": "Top",
			"from": [6.5, 12.5, 8.75],
			"to": [9.5, 13.5, 11.75],
			"rotation": {"angle": -45, "axis": "x", "origin": [7.5, 0.5, 10.75]},
			"faces": {
				"north": {"uv": [6, 3, 9, 4], "texture": "#1"},
				"east": {"uv": [6, 3, 9, 4], "texture": "#1"},
				"south": {"uv": [6, 3, 9, 4], "texture": "#1"},
				"west": {"uv": [6, 3, 9, 4], "texture": "#1"},
				"up": {"uv": [7, 4, 9, 6], "texture": "#1"},
				"down": {"uv": [7, 4, 9, 6], "texture": "#1"}
			}
		}
	]
}