{
	"credit": "Made with Blockbench",
	"parent": "block/block",
	"ambientocclusion": false,
	"textures": {
		"4": "create:block/analog_lever",
		"particle": "block/lever"
	},
	"elements": [
		{
			"from": [4.99, 1, 3.99],
			"to": [11.01, 2, 12.01],
			"shade": false,
			"faces": {
				"north": {"uv": [2, 10, 3, 16], "rotation": 270, "texture": "#4"},
				"east": {"uv": [3, 9, 11.02, 10], "texture": "#4"},
				"south": {"uv": [11, 10, 12, 16], "rotation": 90, "texture": "#4"},
				"west": {"uv": [3, 9, 11.02, 10], "texture": "#4"}
			}
		}
	],
	"groups": [
		{
			"name": "lever",
			"origin": [8, 8, 8],
			"children": [0]
		}
	]
}