{
	"credit": "Made with Blockbench",
	"parent": "block/block",
	"ambientocclusion": false,
	"textures": {
		"1": "block/lever",
		"4": "create:block/analog_lever",
		"particle": "block/lever"
	},
	"elements": [
		{
			"from": [5, 0, 4],
			"to": [11, 3, 12],
			"faces": {
				"north": {"uv": [0, 0, 3, 6], "rotation": 270, "texture": "#4"},
				"east": {"uv": [3, 6, 11, 9], "texture": "#4"},
				"south": {"uv": [11, 0, 14, 6], "rotation": 90, "texture": "#4"},
				"west": {"uv": [3, 6, 11, 9], "texture": "#4"},
				"up": {"uv": [3, 0, 11, 6], "rotation": 90, "texture": "#4"},
				"down": {"uv": [3, 10, 11, 16], "rotation": 90, "texture": "#4", "cullface": "down"}
			}
		},
		{
			"from": [7, 0, -2],
			"to": [9, 2, 8],
			"neoforge_data": {"calculate_normals": true},
			"rotation": {"angle": 45, "axis": "x", "origin": [8, 1, 8]},
			"faces": {
				"north": {"uv": [7, 6, 9, 8], "rotation": 180, "texture": "#1"},
				"east": {"uv": [7, 6, 9, 16], "rotation": 90, "texture": "#1"},
				"south": {"uv": [0, 0, 0, 0], "texture": "#1"},
				"west": {"uv": [7, 6, 9, 16], "rotation": 270, "texture": "#1"},
				"up": {"uv": [7, 6, 9, 16], "texture": "#1"},
				"down": {"uv": [7, 6, 9, 16], "rotation": 180, "texture": "#1"}
			}
		}
	],
	"display": {
		"thirdperson_righthand": {
			"rotation": [75, 45, 0],
			"translation": [0, 1.75, 2.25],
			"scale": [0.375, 0.375, 0.375]
		},
		"thirdperson_lefthand": {
			"rotation": [75, 45, 0],
			"translation": [0, 1.75, 2.25],
			"scale": [0.375, 0.375, 0.375]
		},
		"firstperson_righthand": {
			"rotation": [74.25, -1.5, 0],
			"scale": [0.4, 0.4, 0.4]
		},
		"firstperson_lefthand": {
			"rotation": [74.25, -1.5, 0],
			"scale": [0.4, 0.4, 0.4]
		},
		"ground": {
			"translation": [0, 3, 0],
			"scale": [0.25, 0.25, 0.25]
		},
		"gui": {
			"rotation": [30, 45, 0],
			"translation": [0, 2.5, 0],
			"scale": [0.75, 0.75, 0.75]
		},
		"head": {
			"translation": [0, 14.5, 0]
		},
		"fixed": {
			"rotation": [-90, 0, 0],
			"translation": [0, 0, -5.25],
			"scale": [0.75, 0.75, 0.75]
		}
	},
	"groups": [
		{
			"name": "lever",
			"origin": [8, 8, 8],
			"children": [0, 1]
		}
	]
}
