{
  "_comment": "Torch Placer - value is the durability cost.",
  "type": "apotheosis:enlightened",
  "values": {
    "uncommon": {
      "min": 4.2,
      "steps": 4,
      "step": -0.35
    },
    "rare": {
      "min": 4.2,
      "steps": 4,
      "step": -0.35
    },
    "epic": {
      "min": 3.5,
      "steps": 4,
      "step": -0.35
    },
    "mythic": {
      "min": 3.5,
      "steps": 4,
      "step": -0.35
    },
    "ancient": {
      "min": 0.35,
      "steps": 1,
      "step": 0.0
    }
  }
}