{
	"parent": "block/block",
	"textures": {
		"0": "block/fence_dark_oak1",
		"1": "block/fence_gate_dark_oak",
		"2": "block/fence_dark_oak",
		"particle": "block/fence_dark_oak1"
	},
	"elements": [
		{
			"from": [14, 0, 6],
			"to": [16, 16, 10],
			"faces": {
				"north": {"uv": [0, 0, 2, 16], "texture": "#1"},
				"east": {"uv": [6, 0, 10, 16], "texture": "#2", "cullface": "east"},
				"south": {"uv": [14, 0, 16, 16], "texture": "#1"},
				"west": {"uv": [6, 0, 10, 16], "texture": "#2"},
				"down": {"uv": [14, 0, 16, 4], "texture": "#1", "cullface": "down"}
			}
		},
		{
			"from": [3, 13.5, 7.1],
			"to": [18.99999, 15.5, 8.85],
			"rotation": {"angle": -45, "axis": "z", "origin": [3, 15.5, 7.1]},
			"faces": {
				"north": {"uv": [0.00001, 0, 16, 2], "texture": "#0"},
				"south": {"uv": [0.00001, 0, 16, 2], "texture": "#0"},
				"up": {"uv": [0.00001, 0, 16, 2], "texture": "#1"},
				"down": {"uv": [0, 0, 15.99999, 1.75], "texture": "#1", "cullface": "south"}
			}
		},
		{
			"from": [1.5, 2.5, 7],
			"to": [17.5, 4.5, 9],
			"rotation": {"angle": 45, "axis": "z", "origin": [2, 4.5, 7]},
			"faces": {
				"north": {"uv": [0, 0, 16, 2], "texture": "#0"},
				"south": {"uv": [0, 0, 16, 2], "texture": "#0"},
				"up": {"uv": [0, 0, 16, 2], "texture": "#1"},
				"down": {"uv": [0, 14, 16, 16], "texture": "#1", "cullface": "south"}
			}
		},
		{
			"from": [14, 16, 6],
			"to": [16, 16.99, 10],
			"faces": {
				"north": {"uv": [0, 15, 2, 16], "texture": "#1"},
				"east": {"uv": [6, 15, 10, 16], "texture": "#2"},
				"south": {"uv": [14, 15, 16, 16], "texture": "#1"},
				"west": {"uv": [6, 15, 10, 16], "texture": "#2"},
				"up": {"uv": [14, 0, 16, 4], "texture": "#1", "cullface": "up"}
			}
		},
		{
			"from": [0, 16, 6],
			"to": [2, 16.99, 10],
			"faces": {
				"north": {"uv": [14, 15, 16, 16], "texture": "#1"},
				"east": {"uv": [6, 15, 10, 16], "texture": "#2"},
				"south": {"uv": [0, 15, 2, 16], "texture": "#1"},
				"west": {"uv": [6, 15, 10, 16], "texture": "#2"},
				"up": {"uv": [0, 0, 2, 4], "texture": "#1", "cullface": "up"}
			}
		},
		{
			"from": [0, 0, 6],
			"to": [2, 16, 10],
			"faces": {
				"north": {"uv": [14, 0, 16, 16], "texture": "#1"},
				"east": {"uv": [6, 0, 10, 16], "texture": "#2"},
				"south": {"uv": [0, 0, 2, 16], "texture": "#1"},
				"west": {"uv": [6, 0, 10, 16], "texture": "#2", "cullface": "west"},
				"down": {"uv": [0, 0, 2, 4], "texture": "#1", "cullface": "down"}
			}
		},
		{
			"from": [2, 14, 6.75],
			"to": [14, 16, 9.25],
			"faces": {
				"north": {"uv": [2, 0, 14, 2], "texture": "#0"},
				"south": {"uv": [2, 0, 14, 2], "texture": "#0"},
				"up": {"uv": [2, 13, 14, 16], "texture": "#1", "cullface": "up"},
				"down": {"uv": [2, 13, 14, 16], "texture": "#1"}
			}
		},
		{
			"from": [2, 2, 6.75],
			"to": [14, 4, 9.25],
			"faces": {
				"north": {"uv": [2, 13, 14, 15], "texture": "#0"},
				"south": {"uv": [2, 13, 14, 15], "texture": "#0"},
				"up": {"uv": [2, 13, 14, 16], "texture": "#1"},
				"down": {"uv": [2, 13, 14, 16], "texture": "#1"}
			}
		}
	]
}