{
	"parent": "block/block",
	"textures": {
		"particle": "block/dried_ghast_grave_1"
	},
	"elements": [
		{
			"from": [1, 0, 4],
			"to": [15, 2, 12],
			"rotation": {"angle": 0, "axis": "y", "origin": [11, 0, 4]},
			"faces": {
				"north": {"uv": [1, 14, 15, 16], "texture": "#particle"},
				"east": {"uv": [4, 0, 12, 2], "texture": "#particle"},
				"south": {"uv": [1, 14, 15, 16], "texture": "#particle"},
				"west": {"uv": [4, 0, 12, 2], "texture": "#particle"},
				"up": {"uv": [1, 0, 15, 8], "texture": "#particle"},
				"down": {"uv": [1, 0, 15, 8], "texture": "#particle", "cullface": "down"}
			}
		},
		{
			"from": [3, 3, 6],
			"to": [13, 14, 10],
			"rotation": {"angle": 0, "axis": "y", "origin": [11, 3, 4]},
			"faces": {
				"north": {"uv": [3, 2, 13, 13], "texture": "#particle"},
				"east": {"uv": [0, 2, 4, 13], "texture": "#particle"},
				"south": {"uv": [3, 2, 13, 13], "texture": "#particle"},
				"west": {"uv": [12, 2, 16, 13], "texture": "#particle"},
				"up": {"uv": [6, 3, 10, 13], "rotation": 90, "texture": "#particle"}
			}
		},
		{
			"from": [2, 1, 5],
			"to": [14, 3, 11],
			"rotation": {"angle": 0, "axis": "y", "origin": [11, 1, 4]},
			"faces": {
				"north": {"uv": [2, 13, 14, 15], "texture": "#particle"},
				"east": {"uv": [5, 14, 11, 16], "texture": "#particle"},
				"south": {"uv": [2, 13, 14, 15], "texture": "#particle"},
				"west": {"uv": [5, 14, 11, 16], "texture": "#particle"},
				"up": {"uv": [5, 1, 11, 13], "rotation": 90, "texture": "#particle"}
			}
		},
		{
			"from": [4, 14, 6],
			"to": [12, 16, 10],
			"rotation": {"angle": 0, "axis": "y", "origin": [11, 14, 4]},
			"faces": {
				"north": {"uv": [4, 0, 12, 2], "texture": "#particle"},
				"east": {"uv": [4, 0, 8, 2], "texture": "#particle"},
				"south": {"uv": [4, 0, 12, 2], "texture": "#particle"},
				"west": {"uv": [4, 0, 8, 2], "texture": "#particle"},
				"up": {"uv": [6, 4, 10, 12], "rotation": 90, "texture": "#particle"}
			}
		}
	],
	"display": {
		"gui": {
			"rotation": [30, 225, 0],
			"translation": [0.4, 1.6, 0],
			"scale": [0.8, 0.8, 0.8]
		}
	}
}