{
  "name": "integrated_villages:airship_village/airship_village_villager",
  "fallback": "minecraft:empty",
  "elements": [
    {
      "weight": 1,
      "element": {
        "projection": "rigid",
        "element_type": "minecraft:empty_pool_element"
      }
    },
    {
      "weight": 1,
      "element": {
        "location": "integrated_villages:airship_village/mobs/airship_village_villager",
        "processors": "integrated_villages:airship_village_processor",
        "projection": "rigid",
        "element_type": "minecraft:single_pool_element"
      }
    }
  ]
}