{
	"elements": [
		{
			"name": "base",
			"from": [1, 0, 1],
			"to": [15, 10, 15],
			"rotation": {"angle": 0, "axis": "y", "origin": [9, 8, 9]},
			"faces": {
				"north": {"uv": [3.5, 8.25, 7, 10.75], "texture": "#texture"},
				"east": {"uv": [0, 8.25, 3.5, 10.75], "texture": "#texture"},
				"south": {"uv": [10.5, 8.25, 14, 10.75], "texture": "#texture"},
				"west": {"uv": [7, 8.25, 10.5, 10.75], "texture": "#texture"},
				"up": {"uv": [7, 4.75, 10.5, 8.25], "texture": "#texture"},
				"down": {"uv": [3.5, 4.75, 7, 8.25], "texture": "#texture"}
			}
		}
	]
}