{
	"elements": [
		{
			"name": "lock",
			"from": [7, 7, 15],
			"to": [9, 11, 16],
			"rotation": {"angle": 0, "axis": "y", "origin": [8, 9, 30]},
			"faces": {
				"north": {"uv": [1, 0.25, 1.5, 1.25], "texture": "#texture"},
				"east": {"uv": [0.25, 0.25, 0.5, 1.25], "texture": "#texture"},
				"south": {"uv": [0.5, 0.25, 1, 1.25], "texture": "#texture"},
				"west": {"uv": [0, 0.25, 0.25, 1.25], "texture": "#texture"},
				"up": {"uv": [0.25, 0, 0.75, 0.25], "texture": "#texture"},
				"down": {"uv": [0.75, 0, 1.25, 0.25], "texture": "#texture"}
			}
		},
		{
			"name": "lid",
			"from": [1, 10, 1],
			"to": [15, 14, 15],
			"rotation": {"angle": 0, "axis": "y", "origin": [9, 18, 9]},
			"faces": {
				"north": {"uv": [3.5, 3.5, 7, 4.5], "texture": "#texture"},
				"east": {"uv": [0, 3.5, 3.5, 4.5], "texture": "#texture"},
				"south": {"uv": [10.5, 3.5, 14, 4.5], "texture": "#texture"},
				"west": {"uv": [7, 3.5, 10.5, 4.5], "texture": "#texture"},
				"up": {"uv": [7, 0, 10.5, 3.5], "texture": "#texture"},
				"down": {"uv": [3.5, 0, 7, 3.5], "texture": "#texture"}
			}
		}
	]
}