{
	"elements": [
		{
			"name": "lid",
			"from": [1, 10, 1],
			"to": [15, 14, 15],
			"rotation": {"angle": 0, "axis": "y", "origin": [9, 18, 9]},
			"faces": {
				"north": {"uv": [10.5, 3.5, 14, 4.5], "texture": "#texture"},
				"east": {"uv": [0, 3.5, 3.5, 4.5], "texture": "#texture"},
				"south": {"uv": [3.5, 3.5, 7, 4.5], "texture": "#texture"},
				"west": {"uv": [7, 3.5, 10.5, 4.5], "texture": "#texture"},
				"up": {"uv": [7, 0, 10.5, 3.5], "texture": "#texture"}
			}
		},
		{
			"name": "lock",
			"from": [7, 7, 0],
			"to": [9, 11, 1],
			"rotation": {"angle": 0, "axis": "y", "origin": [8, 9, 15]},
			"faces": {
				"north": {"uv": [1, 0.25, 1.5, 1.25], "texture": "#texture"},
				"east": {"uv": [0.25, 0.25, 0.5, 1.25], "texture": "#texture"},
				"west": {"uv": [0, 0.25, 0.25, 1.25], "texture": "#texture"},
				"up": {"uv": [0.25, 0, 0.75, 0.25], "texture": "#texture"},
				"down": {"uv": [0.75, 0, 1.25, 0.25], "texture": "#texture"}
			}
		},
		{
			"name": "base",
			"from": [1, 0, 1],
			"to": [15, 10, 15],
			"rotation": {"angle": 0, "axis": "y", "origin": [9, 8, 9]},
			"faces": {
				"north": {"uv": [10.5, 8.25, 14, 10.75], "texture": "#texture"},
				"east": {"uv": [7, 8.25, 10.5, 10.75], "texture": "#texture"},
				"south": {"uv": [3.5, 8.25, 7, 10.75], "texture": "#texture"},
				"west": {"uv": [0, 8.25, 3.5, 10.75], "texture": "#texture"},
				"down": {"uv": [3.5, 4.75, 7, 8.25], "texture": "#texture"}
			}
		}
	],
	"gui_light": "side",
	"display": {
		"gui": {
			"rotation": [ 30, 225, 0 ],
			"translation": [ 0, 0, 0],
			"scale":[ 0.625, 0.625, 0.625 ]
		},
		"ground": {
			"rotation": [ 0, 0, 0 ],
			"translation": [ 0, 3, 0],
			"scale":[ 0.25, 0.25, 0.25 ]
		},
		"fixed": {
			"rotation": [ 0, 0, 0 ],
			"translation": [ 0, 0, 0],
			"scale":[ 0.5, 0.5, 0.5 ]
		},
		"thirdperson_righthand": {
			"rotation": [ 75, 45, 0 ],
			"translation": [ 0, 2.5, 0],
			"scale": [ 0.375, 0.375, 0.375 ]
		},
		"firstperson_righthand": {
			"rotation": [ 0, 45, 0 ],
			"translation": [ 0, 0, 0 ],
			"scale": [ 0.40, 0.40, 0.40 ]
		},
		"firstperson_lefthand": {
			"rotation": [ 0, 225, 0 ],
			"translation": [ 0, 0, 0 ],
			"scale": [ 0.40, 0.40, 0.40 ]
		}
	}
}