{
	"credit": "Made with Blockbench",
	"textures": {
		"1": "ironchests:block/lock",
		"particle": "ironchests:block/lock"
	},
	"elements": [
		{
			"from": [5.5, 7, 14.75],
			"to": [10.5, 10, 15.75],
			"rotation": {"angle": 0, "axis": "y", "origin": [8, 0, 8]},
			"faces": {
				"north": {"uv": [1, 0, 6, 3], "texture": "#1"},
				"east": {"uv": [5, 0, 6, 3], "texture": "#1"},
				"south": {"uv": [1, 0, 6, 3], "texture": "#1"},
				"west": {"uv": [1, 0, 2, 3], "texture": "#1"},
				"up": {"uv": [6, 0, 1, 1], "rotation": 180, "texture": "#1"},
				"down": {"uv": [0, 7, 5, 8], "rotation": 180, "texture": "#1"}
			}
		},
		{
			"from": [4.5, 2, 14.75],
			"to": [11.5, 7, 15.75],
			"rotation": {"angle": 0, "axis": "y", "origin": [8, 0, 8]},
			"faces": {
				"north": {"uv": [0, 3, 7, 8], "texture": "#1"},
				"east": {"uv": [6, 3, 7, 8], "texture": "#1"},
				"south": {"uv": [0, 3, 7, 8], "texture": "#1"},
				"west": {"uv": [0, 3, 1, 8], "texture": "#1"},
				"up": {"uv": [7, 3, 0, 4], "rotation": 180, "texture": "#1"},
				"down": {"uv": [0, 7, 7, 8], "rotation": 180, "texture": "#1"}
			}
		},
		{
			"from": [5.5, 1, 14.75],
			"to": [10.5, 2, 15.75],
			"rotation": {"angle": 0, "axis": "y", "origin": [8, 0, 8]},
			"faces": {
				"north": {"uv": [1, 8, 6, 9], "texture": "#1"},
				"east": {"uv": [5, 8, 6, 9], "texture": "#1"},
				"south": {"uv": [1, 8, 6, 9], "texture": "#1"},
				"west": {"uv": [1, 8, 2, 9], "texture": "#1"},
				"up": {"uv": [1, 8, 6, 9], "rotation": 180, "texture": "#1"},
				"down": {"uv": [1, 8, 6, 9], "rotation": 180, "texture": "#1"}
			}
		}
	],
	"display": {
		"thirdperson_righthand": {
			"rotation": [75, 45, 0],
			"translation": [0, 2.5, 0],
			"scale": [0.375, 0.375, 0.375]
		},
		"firstperson_righthand": {
			"rotation": [0, 45, 0],
			"scale": [0.4, 0.4, 0.4]
		},
		"firstperson_lefthand": {
			"rotation": [0, 225, 0],
			"scale": [0.4, 0.4, 0.4]
		},
		"ground": {
			"translation": [0, 3, 0],
			"scale": [0.25, 0.25, 0.25]
		},
		"gui": {
			"rotation": [30, 225, 0],
			"scale": [0.625, 0.625, 0.625]
		},
		"fixed": {
			"scale": [0.5, 0.5, 0.5]
		}
	},
	"groups": [
		{
			"name": "group",
			"origin": [0, 0, 0],
			"color": 0,
			"children": [0, 1, 2]
		}
	]
}