{
  "name": "integrated_villages:marketstead_village/marketstead_village_villager_guard",
  "fallback": "minecraft:empty",
  "elements": [
    {
      "weight": 1,
      "element": {
        "projection": "rigid",
        "element_type": "minecraft:empty_pool_element"
      }
    },
    {
      "weight": 2,
      "element": {
        "location": "integrated_villages:marketstead_village/mobs/marketstead_village_villager_guard",
        "processors": "integrated_villages:marketstead_village_processor",
        "projection": "rigid",
        "element_type": "minecraft:single_pool_element"
      }
    }
  ]
}