{
	"credit": "Modeler: ThatGravyBoat",
	"textures": {
		"texture": "ironchests:block/chests/crystal"
	},
	"elements": [
		{
			"name": "base",
			"from": [1, 0, 1],
			"to": [15, 1, 15],
			"rotation": {"angle": 0, "axis": "y", "origin": [9, 8, 9]},
			"faces": {
				"north": {"uv": [3.5, 10.5, 7, 10.75], "texture": "#texture"},
				"east": {"uv": [0, 10.5, 3.5, 10.75], "texture": "#texture"},
				"south": {"uv": [10.5, 10.5, 14, 10.75], "texture": "#texture"},
				"west": {"uv": [7, 10.5, 10.5, 10.75], "texture": "#texture"},
				"up": {"uv": [3.5, 4.75, 7, 8.25], "texture": "#texture"},
				"down": {"uv": [3.5, 4.75, 7, 8.25], "texture": "#texture"}
			}
		},
		{
			"name": "wall",
			"from": [1, 1, 1],
			"to": [15, 10, 2],
			"rotation": {"angle": 0, "axis": "y", "origin": [8, 9, 9]},
			"faces": {
				"north": {"uv": [3.5, 8.25, 7, 10.5], "texture": "#texture"},
				"east": {"uv": [10.25, 8.25, 10.5, 10.5], "texture": "#texture"},
				"south": {"uv": [3.5, 8.25, 7, 10.5], "texture": "#texture"},
				"west": {"uv": [7, 8.25, 7.25, 10.5], "texture": "#texture"},
				"up": {"uv": [7.25, 8, 10.25, 8.25], "texture": "#texture"},
				"down": {"uv": [3.75, 10.5, 6.75, 10.75], "texture": "#texture"}
			}
		},
		{
			"name": "wall",
			"from": [1, 1, 14],
			"to": [15, 10, 15],
			"rotation": {"angle": 0, "axis": "y", "origin": [8, 9, 22]},
			"faces": {
				"north": {"uv": [10.5, 8.25, 14, 10.5], "texture": "#texture"},
				"east": {"uv": [3.25, 8.25, 3.5, 10.5], "texture": "#texture"},
				"south": {"uv": [10.5, 8.25, 14, 10.5], "texture": "#texture"},
				"west": {"uv": [0, 8.25, 0.25, 10.5], "texture": "#texture"},
				"up": {"uv": [7.25, 4.75, 10.25, 5], "texture": "#texture"},
				"down": {"uv": [10.75, 10.5, 13.75, 10.75], "texture": "#texture"}
			}
		},
		{
			"name": "wall",
			"from": [1, 1, 2],
			"to": [2, 10, 14],
			"rotation": {"angle": 0, "axis": "y", "origin": [9, 9, 10]},
			"faces": {
				"north": {"uv": [6.75, 8.25, 7, 10.5], "texture": "#texture"},
				"east": {"uv": [7.25, 8.25, 10.25, 10.5], "texture": "#texture"},
				"south": {"uv": [10.25, 8.25, 10.5, 10.5], "texture": "#texture"},
				"west": {"uv": [7.25, 8.25, 10.25, 10.5], "texture": "#texture"},
				"up": {"uv": [10.25, 5, 10.5, 8], "texture": "#texture"},
				"down": {"uv": [6.75, 5, 7, 8], "texture": "#texture"}
			}
		},
		{
			"name": "wall",
			"from": [14, 1, 2],
			"to": [15, 10, 14],
			"rotation": {"angle": 0, "axis": "y", "origin": [22, 9, 10]},
			"faces": {
				"north": {"uv": [0, 8.25, 0.25, 10.5], "texture": "#texture"},
				"east": {"uv": [0.25, 8.25, 3.25, 10.5], "texture": "#texture"},
				"south": {"uv": [3.25, 8.25, 3.5, 10.5], "texture": "#texture"},
				"west": {"uv": [0.25, 8.25, 3.25, 10.5], "texture": "#texture"},
				"up": {"uv": [7, 5, 7.25, 8], "texture": "#texture"},
				"down": {"uv": [3.5, 5, 3.75, 8], "texture": "#texture"}
			}
		}
	]
}