{
  "parent": "integrated_villages:integrated_villages_root",
  "display": {
    "icon": {
      "item": "supplementaries:goblet"
    },
    "title": {
      "translate": "Mossy Mounds"
    },
    "description": {
      "translate": "In the days of their peace and prosperity they were a merry folk"
    },
    "show_toast": true,
    "announce_to_chat": true,
    "hidden": false
  },
  "rewards": {
    "experience": 100
  },
  "criteria": {
    "in_mossy_mounds": {
      "trigger": "minecraft:location",
      "conditions": {
        "player": [
          {
            "condition": "minecraft:entity_properties",
            "entity": "this",
            "predicate": {
              "location": {
                "structure": "integrated_villages:mossy_mounds"
              }
            }
          }
        ]
      }
    }
  },
  "requirements": [
    [
      "in_mossy_mounds"
    ]
  ]
}