{
	"credit": "Made with Blockbench",
	"parent": "create:item/package_transforms",
	"textures": {
		"0": "create:item/package/cardboard",
		"particle": "create:item/package/cardboard_particle"
	},
	"elements": [
		{
			"name": "box",
			"from": [2, 0, 2],
			"to": [14, 12, 14],
			"rotation": {"angle": 0, "axis": "y", "origin": [8, 8, 8]},
			"faces": {
				"north": {"uv": [9, 6.25, 12, 9.25], "texture": "#0"},
				"east": {"uv": [9, 0.25, 12, 3.25], "texture": "#0"},
				"south": {"uv": [12, 6.25, 9, 9.25], "texture": "#0"},
				"west": {"uv": [9, 3.25, 12, 6.25], "texture": "#0"},
				"up": {"uv": [9, 9.25, 12, 12.25], "rotation": 180, "texture": "#0"},
				"down": {"uv": [9, 12.25, 12, 15.25], "rotation": 270, "texture": "#0"}
			}
		},
		{
			"from": [7, 12, 7],
			"to": [9, 13, 9],
			"rotation": {"angle": 0, "axis": "y", "origin": [7, 12, 7]},
			"faces": {
				"north": {"uv": [15.5, 15.25, 16, 15.5], "texture": "#0"},
				"east": {"uv": [15.5, 15.25, 16, 15.5], "texture": "#0"},
				"south": {"uv": [15.5, 15.25, 16, 15.5], "texture": "#0"},
				"west": {"uv": [15.5, 15.25, 16, 15.5], "texture": "#0"},
				"up": {"uv": [15.5, 15.25, 16, 15.5], "texture": "#0"},
				"down": {"uv": [15.5, 15.25, 16, 15.5], "texture": "#0"}
			}
		},
		{
			"from": [6, 13, 6],
			"to": [10, 15, 10],
			"rotation": {"angle": 0, "axis": "y", "origin": [7, 13, 7]},
			"faces": {
				"north": {"uv": [15, 15.5, 16, 16], "texture": "#0"},
				"east": {"uv": [15, 15.5, 16, 16], "texture": "#0"},
				"south": {"uv": [15, 15.5, 16, 16], "texture": "#0"},
				"west": {"uv": [15, 15.5, 16, 16], "texture": "#0"},
				"up": {"uv": [15, 14.25, 16, 15.25], "texture": "#0"},
				"down": {"uv": [15.25, 14.5, 15.75, 15], "texture": "#0"}
			}
		}
	],
	"groups": [
		{
			"name": "package_4",
			"origin": [8, 8, 8],
			"color": 0,
			"children": [0]
		},
		{
			"name": "addon",
			"origin": [7, 13, 7],
			"color": 0,
			"children": [1, 2]
		}
	]
}