{
	"credit": "Made with Blockbench",
	"parent": "create:item/package_transforms",
	"textures": {
		"0": "create:item/package/cardboard",
		"particle": "create:item/package/cardboard_particle"
	},
	"elements": [
		{
			"name": "box",
			"from": [2, 0, 2],
			"to": [14, 10, 14],
			"rotation": {"angle": 0, "axis": "y", "origin": [8, 5, 8]},
			"faces": {
				"north": {"uv": [3, 5.25, 6, 7.75], "texture": "#0"},
				"east": {"uv": [3, 0.25, 6, 2.75], "texture": "#0"},
				"south": {"uv": [6, 5.25, 3, 7.75], "texture": "#0"},
				"west": {"uv": [3, 2.75, 6, 5.25], "texture": "#0"},
				"up": {"uv": [3, 7.75, 6, 10.75], "rotation": 180, "texture": "#0"},
				"down": {"uv": [3, 10.75, 6, 13.75], "rotation": 270, "texture": "#0"}
			}
		},
		{
			"from": [7, 10, 7],
			"to": [9, 11, 9],
			"rotation": {"angle": 0, "axis": "y", "origin": [7, 10, 7]},
			"faces": {
				"north": {"uv": [15.5, 15.25, 16, 15.5], "texture": "#0"},
				"east": {"uv": [15.5, 15.25, 16, 15.5], "texture": "#0"},
				"south": {"uv": [15.5, 15.25, 16, 15.5], "texture": "#0"},
				"west": {"uv": [15.5, 15.25, 16, 15.5], "texture": "#0"},
				"up": {"uv": [15.5, 15.25, 16, 15.5], "texture": "#0"},
				"down": {"uv": [15.5, 15.25, 16, 15.5], "texture": "#0"}
			}
		},
		{
			"from": [6, 11, 6],
			"to": [10, 13, 10],
			"rotation": {"angle": 0, "axis": "y", "origin": [7, 11, 7]},
			"faces": {
				"north": {"uv": [15, 15.5, 16, 16], "texture": "#0"},
				"east": {"uv": [15, 15.5, 16, 16], "texture": "#0"},
				"south": {"uv": [15, 15.5, 16, 16], "texture": "#0"},
				"west": {"uv": [15, 15.5, 16, 16], "texture": "#0"},
				"up": {"uv": [15, 14.25, 16, 15.25], "texture": "#0"},
				"down": {"uv": [15.25, 14.5, 15.75, 15], "texture": "#0"}
			}
		}
	],
	"groups": [
		{
			"name": "package_2",
			"origin": [8, 8, 8],
			"color": 0,
			"children": [0]
		},
		{
			"name": "addon",
			"origin": [7, 11, 7],
			"color": 0,
			"children": [1, 2]
		}
	]
}