{
	"credit": "Made with Blockbench",
	"parent": "create:item/package_transforms",
	"textures": {
		"0": "create:item/package/cardboard",
		"particle": "create:item/package/cardboard_particle"
	},
	"elements": [
		{
			"name": "box",
			"from": [3, 0, 3],
			"to": [13, 8, 13],
			"rotation": {"angle": 0, "axis": "y", "origin": [8, 4, 8]},
			"faces": {
				"north": {"uv": [0.25, 4.25, 2.75, 6.25], "texture": "#0"},
				"east": {"uv": [0.25, 0.25, 2.75, 2.25], "texture": "#0"},
				"south": {"uv": [2.75, 4.25, 0.25, 6.25], "texture": "#0"},
				"west": {"uv": [0.25, 2.25, 2.75, 4.25], "texture": "#0"},
				"up": {"uv": [0.25, 6.25, 2.75, 8.75], "rotation": 180, "texture": "#0"},
				"down": {"uv": [0.25, 8.75, 2.75, 11.25], "rotation": 180, "texture": "#0"}
			}
		},
		{
			"from": [7, 8, 7],
			"to": [9, 9, 9],
			"rotation": {"angle": 0, "axis": "y", "origin": [7, 8, 7]},
			"faces": {
				"north": {"uv": [15.5, 15.25, 16, 15.5], "texture": "#0"},
				"east": {"uv": [15.5, 15.25, 16, 15.5], "texture": "#0"},
				"south": {"uv": [15.5, 15.25, 16, 15.5], "texture": "#0"},
				"west": {"uv": [15.5, 15.25, 16, 15.5], "texture": "#0"},
				"up": {"uv": [15.5, 15.25, 16, 15.5], "texture": "#0"},
				"down": {"uv": [15.5, 15.25, 16, 15.5], "texture": "#0"}
			}
		},
		{
			"from": [6, 9, 6],
			"to": [10, 11, 10],
			"rotation": {"angle": 0, "axis": "y", "origin": [6, 10, 6]},
			"faces": {
				"north": {"uv": [15, 15.5, 16, 16], "texture": "#0"},
				"east": {"uv": [15, 15.5, 16, 16], "texture": "#0"},
				"south": {"uv": [15, 15.5, 16, 16], "texture": "#0"},
				"west": {"uv": [15, 15.5, 16, 16], "texture": "#0"},
				"up": {"uv": [15, 14.25, 16, 15.25], "texture": "#0"},
				"down": {"uv": [15.75, 15.25, 16, 15.5], "texture": "#0"}
			}
		}
	],
	"groups": [
		{
			"name": "package_1",
			"origin": [8, 8, 8],
			"color": 0,
			"children": [0]
		},
		{
			"name": "addon",
			"origin": [6, 10, 6],
			"color": 0,
			"children": [1, 2]
		}
	]
}