{
	"format_version": "1.21.6",
	"credit": "Made with Blockbench",
	"parent": "create:item/package_transforms",
	"textures": {
		"2": "create:item/package/rare_kryppers",
		"particle": "create:item/package/rare_kryppers"
	},
	"elements": [
		{
			"name": "box",
			"from": [2, 0, 2],
			"to": [14, 10, 14],
			"rotation": {"angle": 0, "axis": "y", "origin": [8, 5, 8]},
			"faces": {
				"north": {"uv": [1, 5.5, 7, 10.5], "texture": "#2"},
				"east": {"uv": [1, 0.5, 7, 5.5], "texture": "#2"},
				"south": {"uv": [7, 5.5, 1, 10.5], "texture": "#2"},
				"west": {"uv": [1, 10.5, 7, 15.5], "texture": "#2"},
				"up": {"uv": [9, 2, 15, 8], "rotation": 180, "texture": "#2"},
				"down": {"uv": [9, 8, 15, 14], "rotation": 270, "texture": "#2"}
			}
		},
		{
			"from": [7, 10, 7],
			"to": [9, 12, 9],
			"rotation": {"angle": 0, "axis": "y", "origin": [7, 10, 7]},
			"faces": {
				"north": {"uv": [15, 0, 16, 1], "texture": "#2"},
				"east": {"uv": [16, 0, 15, 1], "texture": "#2"},
				"south": {"uv": [15, 0, 16, 1], "texture": "#2"},
				"west": {"uv": [16, 0, 15, 1], "texture": "#2"},
				"up": {"uv": [15, 1, 16, 2], "texture": "#2"},
				"down": {"uv": [15, 0, 16, 1], "texture": "#2"}
			}
		},
		{
			"from": [6, 11, 6],
			"to": [10, 13, 10],
			"rotation": {"angle": 0, "axis": "y", "origin": [7, 11, 7]},
			"faces": {
				"north": {"uv": [14, 15, 16, 16], "texture": "#2"},
				"east": {"uv": [14, 15, 16, 16], "texture": "#2"},
				"south": {"uv": [14, 15, 16, 16], "texture": "#2"},
				"west": {"uv": [14, 15, 16, 16], "texture": "#2"},
				"up": {"uv": [12, 14, 14, 16], "texture": "#2"},
				"down": {"uv": [0, 0, 4, 4], "texture": "#missing"}
			}
		}
	]
}