{
	"credit": "Made with Blockbench",
	"textures": {
		"2": "block/oak_planks",
		"particle": "create:block/scaffold/copper_scaffold",
		"side": "create:block/scaffold/copper_scaffold",
		"casing": "create:block/copper_casing"
	},
	"elements": [
		{
			"from": [14, 13, 0],
			"to": [15, 14, 16],
			"rotation": {"angle": 0, "axis": "y", "origin": [0, 1, 0]},
			"faces": {
				"north": {"uv": [3, 1, 4, 2], "texture": "#side"},
				"east": {"uv": [0, 3, 16, 4], "texture": "#side"},
				"south": {"uv": [4, 1, 5, 2], "texture": "#side"},
				"west": {"uv": [0, 6, 16, 7], "texture": "#side"},
				"up": {"uv": [0, 1, 16, 2], "rotation": 90, "texture": "#side"},
				"down": {"uv": [0, 1, 16, 2], "rotation": 90, "texture": "#side"}
			}
		},
		{
			"from": [1, 13, 0],
			"to": [2, 14, 16],
			"rotation": {"angle": 0, "axis": "y", "origin": [0, 1, 0]},
			"faces": {
				"north": {"uv": [2, 3, 3, 4], "texture": "#side"},
				"east": {"uv": [0, 3, 16, 4], "texture": "#side"},
				"south": {"uv": [2, 3, 3, 4], "texture": "#side"},
				"west": {"uv": [0, 3, 16, 4], "texture": "#side"},
				"up": {"uv": [0, 1, 16, 2], "rotation": 90, "texture": "#side"},
				"down": {"uv": [0, 1, 16, 2], "rotation": 90, "texture": "#side"}
			}
		},
		{
			"from": [2, 13, 1],
			"to": [14, 14, 2],
			"rotation": {"angle": 0, "axis": "y", "origin": [0, 1, 0]},
			"faces": {
				"north": {"uv": [2, 6, 14, 7], "texture": "#side"},
				"south": {"uv": [2, 6, 14, 7], "texture": "#side"},
				"down": {"uv": [2, 6, 14, 7], "texture": "#side"}
			}
		},
		{
			"from": [2, 13, 14],
			"to": [14, 14, 15],
			"rotation": {"angle": 0, "axis": "y", "origin": [0, 1, 13]},
			"faces": {
				"north": {"uv": [2, 6, 14, 7], "texture": "#side"},
				"south": {"uv": [2, 3, 14, 4], "texture": "#side"},
				"down": {"uv": [2, 6, 14, 7], "texture": "#side"}
			}
		},
		{
			"name": "top",
			"from": [0, 14, 0],
			"to": [16, 16, 16],
			"faces": {
				"north": {"uv": [0, 0, 16, 2], "texture": "#side"},
				"east": {"uv": [0, 0, 16, 2], "texture": "#side"},
				"south": {"uv": [0, 0, 16, 2], "texture": "#side"},
				"west": {"uv": [0, 0, 16, 2], "texture": "#side"},
				"up": {"uv": [0, 0, 16, 16], "texture": "#casing"},
				"down": {"uv": [0, 0, 16, 16], "rotation": 180, "texture": "#2"}
			}
		},
		{
			"from": [2, 7, 1],
			"to": [14, 9, 2],
			"rotation": {"angle": 0, "axis": "y", "origin": [0, 7, 0]},
			"faces": {
				"north": {"uv": [2, 2, 14, 4], "texture": "#side"},
				"east": {"uv": [0, 6, 1, 8], "texture": "#side"},
				"south": {"uv": [2, 2, 14, 4], "texture": "#side"},
				"west": {"uv": [0, 6, 1, 8], "texture": "#side"},
				"up": {"uv": [2, 7, 14, 8], "texture": "#side"},
				"down": {"uv": [2, 6, 14, 7], "texture": "#side"}
			}
		},
		{
			"from": [2, 7, 14],
			"to": [14, 9, 15],
			"rotation": {"angle": 0, "axis": "y", "origin": [0, 7, 13]},
			"faces": {
				"north": {"uv": [2, 2, 14, 4], "texture": "#side"},
				"east": {"uv": [0, 6, 1, 8], "texture": "#side"},
				"south": {"uv": [2, 2, 14, 4], "texture": "#side"},
				"west": {"uv": [0, 6, 1, 8], "texture": "#side"},
				"up": {"uv": [2, 7, 14, 8], "texture": "#side"},
				"down": {"uv": [2, 6, 14, 7], "texture": "#side"}
			}
		},
		{
			"from": [1, 7, 0],
			"to": [2, 9, 16],
			"rotation": {"angle": 0, "axis": "y", "origin": [8, 7, 8]},
			"faces": {
				"north": {"uv": [4, 2, 5, 4], "texture": "#side"},
				"east": {"uv": [0, 2, 16, 4], "texture": "#side"},
				"south": {"uv": [3, 2, 4, 4], "texture": "#side"},
				"west": {"uv": [0, 2, 16, 4], "texture": "#side"},
				"up": {"uv": [0, 7, 16, 8], "rotation": 270, "texture": "#side"},
				"down": {"uv": [0, 13, 16, 14], "rotation": 90, "texture": "#2"}
			}
		},
		{
			"from": [14, 7, 0],
			"to": [15, 9, 16],
			"rotation": {"angle": 0, "axis": "y", "origin": [8, 7, 8]},
			"faces": {
				"north": {"uv": [6, 2, 7, 4], "texture": "#side"},
				"east": {"uv": [0, 2, 16, 4], "texture": "#side"},
				"south": {"uv": [4, 2, 5, 4], "texture": "#side"},
				"west": {"uv": [0, 2, 16, 4], "texture": "#side"},
				"up": {"uv": [0, 7, 16, 8], "rotation": 90, "texture": "#side"},
				"down": {"uv": [0, 9, 16, 10], "rotation": 270, "texture": "#2"}
			}
		},
		{
			"from": [0.51, 10, 6],
			"to": [0.51, 12, 16],
			"rotation": {"angle": 45, "axis": "x", "origin": [7, 10.5, 11.5]},
			"faces": {
				"north": {"uv": [3, 12, 13, 14], "rotation": 180, "texture": "#side"},
				"east": {"uv": [3, 12, 13, 14], "rotation": 180, "texture": "#side"},
				"south": {"uv": [3, 12, 13, 14], "rotation": 180, "texture": "#side"},
				"west": {"uv": [3, 12, 13, 14], "rotation": 180, "texture": "#side"},
				"up": {"uv": [3, 12, 13, 14], "rotation": 180, "texture": "#side"},
				"down": {"uv": [3, 12, 13, 14], "rotation": 180, "texture": "#side"}
			}
		},
		{
			"from": [0.5, 10, 0],
			"to": [0.5, 12, 10],
			"rotation": {"angle": -45, "axis": "x", "origin": [7, 10.5, 4.5]},
			"faces": {
				"north": {"uv": [3, 14, 13, 16], "rotation": 180, "texture": "#side"},
				"east": {"uv": [3, 14, 13, 16], "rotation": 180, "texture": "#side"},
				"south": {"uv": [3, 14, 13, 16], "rotation": 180, "texture": "#side"},
				"west": {"uv": [3, 14, 13, 16], "rotation": 180, "texture": "#side"},
				"up": {"uv": [3, 14, 13, 16], "rotation": 180, "texture": "#side"},
				"down": {"uv": [3, 14, 13, 16], "rotation": 180, "texture": "#side"}
			}
		},
		{
			"from": [15.5, 10, 6],
			"to": [15.5, 12, 16],
			"rotation": {"angle": 45, "axis": "x", "origin": [22, 10.5, 11.5]},
			"faces": {
				"north": {"uv": [3, 14, 13, 16], "texture": "#side"},
				"east": {"uv": [3, 14, 13, 16], "rotation": 180, "texture": "#side"},
				"south": {"uv": [3, 14, 13, 16], "texture": "#side"},
				"west": {"uv": [3, 14, 13, 16], "rotation": 180, "texture": "#side"},
				"up": {"uv": [3, 14, 13, 16], "texture": "#side"},
				"down": {"uv": [3, 14, 13, 16], "texture": "#side"}
			}
		},
		{
			"from": [15.51, 10, 0],
			"to": [15.51, 12, 10],
			"rotation": {"angle": -45, "axis": "x", "origin": [22, 10.5, 4.5]},
			"faces": {
				"north": {"uv": [3, 12, 13, 14], "texture": "#side"},
				"east": {"uv": [3, 12, 13, 14], "rotation": 180, "texture": "#side"},
				"south": {"uv": [3, 12, 13, 14], "texture": "#side"},
				"west": {"uv": [3, 12, 13, 14], "rotation": 180, "texture": "#side"},
				"up": {"uv": [3, 12, 13, 14], "texture": "#side"},
				"down": {"uv": [3, 12, 13, 14], "texture": "#side"}
			}
		},
		{
			"from": [11, 6, 15.51],
			"to": [13, 16, 15.51],
			"rotation": {"angle": 45, "axis": "z", "origin": [11.5, 10.5, 15]},
			"faces": {
				"north": {"uv": [3, 12, 13, 14], "rotation": 90, "texture": "#side"},
				"east": {"uv": [3, 12, 13, 14], "rotation": 270, "texture": "#side"},
				"south": {"uv": [3, 12, 13, 14], "rotation": 270, "texture": "#side"},
				"west": {"uv": [3, 12, 13, 14], "rotation": 270, "texture": "#side"},
				"up": {"uv": [3, 12, 13, 14], "rotation": 270, "texture": "#side"},
				"down": {"uv": [3, 12, 13, 14], "rotation": 270, "texture": "#side"}
			}
		},
		{
			"from": [0, 10, 15.5],
			"to": [10, 12, 15.5],
			"rotation": {"angle": 45, "axis": "z", "origin": [4.5, 10.5, 15]},
			"faces": {
				"north": {"uv": [3, 14, 13, 16], "rotation": 180, "texture": "#side"},
				"east": {"uv": [3, 14, 13, 16], "rotation": 180, "texture": "#side"},
				"south": {"uv": [3, 14, 13, 16], "rotation": 180, "texture": "#side"},
				"west": {"uv": [3, 14, 13, 16], "rotation": 180, "texture": "#side"},
				"up": {"uv": [3, 14, 13, 16], "rotation": 180, "texture": "#side"},
				"down": {"uv": [3, 14, 13, 16], "rotation": 180, "texture": "#side"}
			}
		},
		{
			"from": [11, 6, 0.5],
			"to": [13, 16, 0.5],
			"rotation": {"angle": 45, "axis": "z", "origin": [11.5, 10.5, 0]},
			"faces": {
				"north": {"uv": [3, 14, 13, 16], "rotation": 90, "texture": "#side"},
				"east": {"uv": [3, 14, 13, 16], "rotation": 90, "texture": "#side"},
				"south": {"uv": [3, 14, 13, 16], "rotation": 270, "texture": "#side"},
				"west": {"uv": [3, 14, 13, 16], "rotation": 90, "texture": "#side"},
				"up": {"uv": [3, 14, 13, 16], "rotation": 90, "texture": "#side"},
				"down": {"uv": [3, 14, 13, 16], "rotation": 90, "texture": "#side"}
			}
		},
		{
			"from": [0, 10, 0.51],
			"to": [10, 12, 0.51],
			"rotation": {"angle": 45, "axis": "z", "origin": [4.5, 10.5, 0]},
			"faces": {
				"north": {"uv": [3, 12, 13, 14], "rotation": 180, "texture": "#side"},
				"east": {"uv": [3, 12, 13, 14], "rotation": 180, "texture": "#side"},
				"south": {"uv": [3, 12, 13, 14], "rotation": 180, "texture": "#side"},
				"west": {"uv": [3, 12, 13, 14], "rotation": 180, "texture": "#side"},
				"up": {"uv": [3, 12, 13, 14], "rotation": 180, "texture": "#side"},
				"down": {"uv": [3, 12, 13, 14], "rotation": 180, "texture": "#side"}
			}
		},
		{
			"from": [0, 7, 0],
			"to": [1, 9, 2],
			"rotation": {"angle": 0, "axis": "y", "origin": [0, 7, 0]},
			"faces": {
				"north": {"uv": [5, 2, 6, 4], "texture": "#side"},
				"south": {"uv": [1, 1, 2, 3], "texture": "#side"},
				"west": {"uv": [10, 2, 12, 4], "texture": "#side"},
				"up": {"uv": [8, 7, 10, 8], "rotation": 90, "texture": "#side"},
				"down": {"uv": [13, 2, 15, 3], "rotation": 90, "texture": "#side"}
			}
		},
		{
			"from": [0, 7, 14],
			"to": [1, 9, 16],
			"rotation": {"angle": 0, "axis": "y", "origin": [0, 7, 13]},
			"faces": {
				"north": {"uv": [1, 1, 2, 3], "texture": "#side"},
				"south": {"uv": [8, 2, 9, 4], "texture": "#side"},
				"west": {"uv": [6, 2, 8, 4], "texture": "#side"},
				"up": {"uv": [7, 7, 9, 8], "rotation": 90, "texture": "#side"},
				"down": {"uv": [13, 1, 14, 3], "texture": "#side"}
			}
		},
		{
			"from": [15, 7, 14],
			"to": [16, 9, 16],
			"rotation": {"angle": 0, "axis": "y", "origin": [15, 7, 13]},
			"faces": {
				"north": {"uv": [5, 2, 6, 4], "texture": "#side"},
				"east": {"uv": [7, 2, 9, 4], "texture": "#side"},
				"south": {"uv": [5, 2, 6, 4], "texture": "#side"},
				"up": {"uv": [7, 2, 9, 3], "rotation": 90, "texture": "#side"},
				"down": {"uv": [10, 1, 12, 2], "rotation": 90, "texture": "#side"}
			}
		},
		{
			"from": [15, 7, 0],
			"to": [16, 9, 2],
			"rotation": {"angle": 0, "axis": "y", "origin": [15, 7, 0]},
			"faces": {
				"north": {"uv": [7, 2, 8, 4], "texture": "#side"},
				"east": {"uv": [5, 2, 7, 4], "texture": "#side"},
				"south": {"uv": [3, 2, 4, 4], "texture": "#side"},
				"up": {"uv": [5, 2, 7, 3], "rotation": 90, "texture": "#side"},
				"down": {"uv": [11, 1, 13, 2], "rotation": 90, "texture": "#side"}
			}
		},
		{
			"from": [15, 13, 14],
			"to": [16, 14, 16],
			"rotation": {"angle": 0, "axis": "y", "origin": [15, 12, 13]},
			"faces": {
				"north": {"uv": [0, 1, 1, 2], "texture": "#side"},
				"east": {"uv": [5, 1, 7, 2], "texture": "#side"},
				"south": {"uv": [3, 1, 4, 2], "texture": "#side"},
				"down": {"uv": [0, 1, 1, 2], "texture": "#side"}
			}
		},
		{
			"from": [15, 13, 0],
			"to": [16, 14, 2],
			"rotation": {"angle": 0, "axis": "y", "origin": [15, 12, 0]},
			"faces": {
				"north": {"uv": [2, 1, 3, 2], "texture": "#side"},
				"east": {"uv": [12, 1, 14, 2], "texture": "#side"},
				"south": {"uv": [0, 1, 1, 2], "texture": "#side"},
				"down": {"uv": [0, 1, 1, 2], "texture": "#side"}
			}
		},
		{
			"from": [0, 13, 0],
			"to": [1, 14, 2],
			"rotation": {"angle": 0, "axis": "y", "origin": [0, 12, 0]},
			"faces": {
				"north": {"uv": [2, 3, 3, 4], "texture": "#side"},
				"south": {"uv": [0, 1, 1, 2], "texture": "#side"},
				"west": {"uv": [5, 3, 7, 4], "texture": "#side"},
				"down": {"uv": [0, 1, 1, 2], "texture": "#side"}
			}
		},
		{
			"from": [0, 13, 14],
			"to": [1, 14, 16],
			"rotation": {"angle": 0, "axis": "y", "origin": [0, 12, 13]},
			"faces": {
				"north": {"uv": [0, 1, 1, 2], "texture": "#side"},
				"south": {"uv": [3, 1, 4, 2], "texture": "#side"},
				"west": {"uv": [7, 1, 9, 2], "texture": "#side"},
				"down": {"uv": [0, 1, 1, 2], "texture": "#side"}
			}
		},
		{
			"from": [0, 9, 0],
			"to": [1, 13, 1],
			"faces": {
				"north": {"uv": [3, 2, 7, 3], "rotation": 90, "texture": "#side"},
				"east": {"uv": [3, 6, 7, 7], "rotation": 90, "texture": "#side"},
				"south": {"uv": [3, 6, 7, 7], "rotation": 90, "texture": "#side"},
				"west": {"uv": [3, 6, 7, 7], "rotation": 90, "texture": "#side"},
				"up": {"uv": [3, 3, 4, 4], "texture": "#side"},
				"down": {"uv": [3, 3, 4, 4], "rotation": 90, "texture": "#side"}
			}
		},
		{
			"from": [0, 9, 15],
			"to": [1, 13, 16],
			"faces": {
				"north": {"uv": [3, 6, 7, 7], "rotation": 90, "texture": "#side"},
				"east": {"uv": [3, 6, 7, 7], "rotation": 90, "texture": "#side"},
				"south": {"uv": [3, 6, 7, 7], "rotation": 90, "texture": "#side"},
				"west": {"uv": [3, 2, 7, 3], "rotation": 90, "texture": "#side"},
				"up": {"uv": [3, 3, 4, 4], "texture": "#side"},
				"down": {"uv": [3, 3, 4, 4], "texture": "#side"}
			}
		},
		{
			"from": [15, 9, 15],
			"to": [16, 13, 16],
			"faces": {
				"north": {"uv": [3, 6, 7, 7], "rotation": 90, "texture": "#side"},
				"east": {"uv": [3, 6, 7, 7], "rotation": 90, "texture": "#side"},
				"south": {"uv": [3, 2, 7, 3], "rotation": 90, "texture": "#side"},
				"west": {"uv": [3, 6, 7, 7], "rotation": 90, "texture": "#side"},
				"up": {"uv": [3, 3, 4, 4], "rotation": 90, "texture": "#side"},
				"down": {"uv": [3, 3, 4, 4], "rotation": 90, "texture": "#side"}
			}
		},
		{
			"from": [15, 9, 0],
			"to": [16, 13, 1],
			"faces": {
				"north": {"uv": [3, 6, 7, 7], "rotation": 90, "texture": "#side"},
				"east": {"uv": [3, 2, 7, 3], "rotation": 90, "texture": "#side"},
				"south": {"uv": [3, 6, 7, 7], "rotation": 90, "texture": "#side"},
				"west": {"uv": [3, 6, 7, 7], "rotation": 90, "texture": "#side"},
				"up": {"uv": [3, 3, 4, 4], "rotation": 90, "texture": "#side"},
				"down": {"uv": [3, 3, 4, 4], "rotation": 90, "texture": "#side"}
			}
		}
	],
	"groups": [
		{
			"name": "top",
			"origin": [0, 0, 0],
			"color": 0,
			"children": [0, 1, 2, 3, 4]
		},
		5,
		6,
		7,
		8,
		{
			"name": "diagonals 1",
			"origin": [7, 10.5, 4.5],
			"color": 0,
			"children": [9, 10]
		},
		{
			"name": "diagonals 1",
			"origin": [7, 10.5, 4.5],
			"color": 0,
			"children": [11, 12]
		},
		{
			"name": "diagonals 2",
			"origin": [4.5, 10.5, 15],
			"color": 0,
			"children": [13, 14]
		},
		{
			"name": "diagonals 2",
			"origin": [4.5, 10.5, 15],
			"color": 0,
			"children": [15, 16]
		},
		17,
		18,
		19,
		20,
		21,
		22,
		23,
		24,
		25,
		26,
		27,
		28
	]
}