{
    "parent": "block/block",
    "textures": {
        "top": "apotheosis:blocks/filtering_shelf/top",
        "side": "apotheosis:blocks/filtering_shelf/side",
        "front": "apotheosis:blocks/filtering_shelf/empty",
        "particle": "#top"
    },
	"elements": [
		{
			"name": "Body",
			"from": [0, 0, 0],
			"to": [16, 16, 16],
			"faces": {
				"east": {"uv": [0, 0, 16, 16], "texture": "#side", "cullface": "east"},
				"south": {"uv": [0, 0, 16, 16], "texture": "#side", "cullface": "south"},
				"west": {"uv": [0, 0, 16, 16], "texture": "#side", "cullface": "west"},
				"up": {"uv": [0, 0, 16, 16], "texture": "#top", "cullface": "up"},
				"down": {"uv": [0, 0, 16, 16], "texture": "#top", "cullface": "down"}
			}
		},
		{
			"name": "Back",
			"from": [0, 1, 1],
			"to": [16, 15, 2],
			"faces": {
				"north": {"uv": [0, 1, 16, 15], "texture": "#front"}
			}
		},
		{
			"name": "Top",
			"from": [0, 15, 0],
			"to": [16, 16, 2],
			"faces": {
				"north": {"uv": [0, 0, 16, 1], "texture": "#front"},
				"down": {"uv": [0, 2, 16, 0], "texture": "#top"}
			}
		},
		{
			"name": "Bottom",
			"from": [0, 0, 0],
			"to": [16, 2, 2],
			"faces": {
				"north": {"uv": [0, 14, 16, 16], "texture": "#side"},
				"up": {"uv": [0, 0, 16, 2], "texture": "#top"}
			}
		},
		{
			"name": "Shelf",
			"from": [0, 8, 0.5],
			"to": [16, 9, 2.5],
			"faces": {
				"north": {"uv": [0, 7, 16, 8], "texture": "#front"},
				"up": {"uv": [0, 0, 16, 2], "texture": "#top"},
				"down": {"uv": [0, 2, 16, 0], "texture": "#top"}
			}
		},
		{
			"name": "Left",
			"from": [15, 0, 0],
			"to": [16, 16, 1],
			"faces": {
				"north": {"uv": [0, 0, 1, 16], "texture": "#front"},
				"west": {"uv": [15, 0, 16, 16], "texture": "#front"}
			}
		},
		{
			"name": "Right",
			"from": [0, 0, 0],
			"to": [1, 16, 1],
			"faces": {
				"north": {"uv": [15, 0, 16, 16], "texture": "#front"},
				"east": {"uv": [0, 0, 1, 16], "texture": "#front"}
			}
		}
	]
}
