{
	"format_version": "1.21.6",
	"credit": "Made with Blockbench",
	"ambientocclusion": false,
	"textures": {
		"particle": "block/iron_bars",
		"edge": "block/iron_bars"
	},
	"elements": [
		{
			"from": [0, 0, 2],
			"to": [16, 2, 4],
			"rotation": {"angle": 0, "axis": "x", "origin": [8, 1, 3]},
			"faces": {
				"north": {"uv": [0, 4, 16, 2], "rotation": 180, "texture": "#edge"},
				"east": {"uv": [10, 2, 12, 4], "rotation": 90, "texture": "#edge", "cullface": "east"},
				"south": {"uv": [0, 2, 16, 4], "texture": "#edge"},
				"west": {"uv": [10, 2, 12, 4], "rotation": 270, "texture": "#edge", "cullface": "west"},
				"up": {"uv": [0, 2, 16, 4], "texture": "#edge"},
				"down": {"uv": [0, 2, 16, 4], "rotation": 180, "texture": "#edge"}
			}
		},
		{
			"from": [2, 0, 0],
			"to": [4, 2, 16],
			"rotation": {"angle": 0, "axis": "x", "origin": [8, 1, 3]},
			"faces": {
				"north": {"uv": [7, 4, 9, 2], "rotation": 270, "texture": "#edge", "cullface": "north"},
				"east": {"uv": [7, 0, 9, 16], "rotation": 90, "texture": "#edge"},
				"south": {"uv": [8, 3, 9, 4], "texture": "#edge", "cullface": "south"},
				"west": {"uv": [7, 0, 9, 16], "rotation": 270, "texture": "#edge"},
				"up": {"uv": [2, 0, 4, 16], "texture": "#edge"},
				"down": {"uv": [12, 0, 14, 16], "rotation": 180, "texture": "#edge"}
			}
		},
		{
			"from": [7, 0, 0],
			"to": [9, 2, 16],
			"rotation": {"angle": 0, "axis": "x", "origin": [8, 1, 3]},
			"faces": {
				"north": {"uv": [7, 4, 9, 2], "rotation": 270, "texture": "#edge", "cullface": "north"},
				"east": {"uv": [7, 0, 9, 16], "rotation": 90, "texture": "#edge"},
				"south": {"uv": [8, 3, 9, 4], "texture": "#edge", "cullface": "south"},
				"west": {"uv": [7, 0, 9, 16], "rotation": 270, "texture": "#edge"},
				"up": {"uv": [7, 0, 9, 16], "texture": "#edge"},
				"down": {"uv": [7, 0, 9, 16], "rotation": 180, "texture": "#edge"}
			}
		},
		{
			"from": [12, 0, 0],
			"to": [14, 2, 16],
			"rotation": {"angle": 0, "axis": "x", "origin": [8, 1, 3]},
			"faces": {
				"north": {"uv": [7, 4, 9, 2], "rotation": 270, "texture": "#edge", "cullface": "north"},
				"east": {"uv": [7, 0, 9, 16], "rotation": 90, "texture": "#edge"},
				"south": {"uv": [8, 3, 9, 4], "texture": "#edge", "cullface": "south"},
				"west": {"uv": [7, 0, 9, 16], "rotation": 270, "texture": "#edge"},
				"up": {"uv": [12, 0, 14, 16], "texture": "#edge"},
				"down": {"uv": [2, 0, 4, 16], "rotation": 180, "texture": "#edge"}
			}
		}
	]
}