{
  "name": "Allay",
  "icon": "minecraft:allay_spawn_egg",
  "category": "clarentmod:entity_naming_guide",
  "read_by_default": true,
  "sortnum": 1,
  "pages": [
    {
      "type": "clarentmod:entity_naming_guide",
      "title": "Golden Allay",
      "input_item": "minecraft:name_tag",
      "output_item_image": "minecraft:textures/item/excalibur/custom_name/named_tag.png",
      "output_entity_image": "patchouli:textures/gui/entry/entity_naming_guide/golden_allay.png",
      "output_tooltip": "an Allay"
    }
  ]
}
