{
  "name": "Polar Bear",
  "icon": "minecraft:polar_bear_spawn_egg",
  "category": "clarentmod:entity_naming_guide",
  "read_by_default": true,
  "sortnum": 1,
  "pages": [
    {
      "type": "clarentmod:entity_naming_guide",
      "title": "Black Bear",
      "input_item": "minecraft:name_tag",
      "output_item_image": "minecraft:textures/item/excalibur/custom_name/named_tag.png",
      "output_entity_image": "patchouli:textures/gui/entry/entity_naming_guide/black_bear.png",
      "output_tooltip": "a Polar Bear"
    },
    {
      "type": "clarentmod:entity_naming_guide",
      "title": "Brown Bear",
      "input_item": "minecraft:name_tag",
      "output_item_image": "minecraft:textures/item/excalibur/custom_name/named_tag.png",
      "output_entity_image": "patchouli:textures/gui/entry/entity_naming_guide/brown_bear.png",
      "output_tooltip": "a Polar Bear"
    }
  ]
}
