{
  "name": "Villager - Nitwit",
  "icon": "minecraft:villager_spawn_egg",
  "category": "clarentmod:entity_naming_guide",
  "read_by_default": true,
  "sortnum": 1,
  "pages": [
    {
      "type": "clarentmod:entity_naming_guide",
      "title": "Maffhew",
      "input_item": "minecraft:name_tag",
      "output_item_image": "minecraft:textures/item/excalibur/custom_name/named_tag.png",
      "output_entity_image": "patchouli:textures/gui/entry/entity_naming_guide/maffhew_villager.png",
      "output_tooltip": "a Nitwit Villager"
    },
    {
      "type": "clarentmod:entity_naming_guide",
      "title": "GrandPappyJay",
      "input_item": "minecraft:name_tag",
      "output_item_image": "minecraft:textures/item/excalibur/custom_name/named_tag.png",
      "output_entity_image": "patchouli:textures/gui/entry/entity_naming_guide/grandpappyjay_villager.png",
      "output_tooltip": "a Nitwit Villager"
    }
  ]
}
