{
  "components": [
    {
      "type": "patchouli:header",
      "text": "#title",
      "x": -1,
      "y": -1
    },
    {
      "type": "patchouli:image",
      "image": "patchouli:textures/gui/anvil_renaming.png",
      "u": 0,
      "v": 0,
      "width": 128,
      "height": 160,
      "x": -6,
      "y": -7,
      "texture_width": 128,
      "texture_height": 256,
      "scale": 1
    },
    {
      "type": "patchouli:image",
      "image": "#output_item_image",
      "u": 0,
      "v": 0,
      "width": 16,
      "height": 16,
      "x": 26,
      "y": 36,
      "texture_width": 16,
      "texture_height": 16,
      "scale": 4
    },
    {
      "type": "patchouli:item",
      "item": "#input_item",
      "x": 14,
      "y": 130,
      "framed": false
    },
    {
      "type": "patchouli:image",
      "image": "#output_item_image",
      "u": 0,
      "v": 0,
      "width": 16,
      "height": 16,
      "x": 86,
      "y": 130,
      "texture_width": 16,
      "texture_height": 16,
      "scale": 1
    },
    {
      "type": "patchouli:tooltip",
      "tooltip": [
        "#title"
      ],
      "x": 50,
      "y": 130,
      "width": 16,
      "height": 16      
    },
    {
      "type": "patchouli:tooltip",
      "tooltip": [
        "Renamed in the Anvil"
      ],
      "x": 86,
      "y": 130,
      "width": 16,
      "height": 16      
    }
  ]
}
