{
  "name": "integrated_villages:marketstead_village/house",
  "fallback": "minecraft:empty",
  "elements": [
    {
      "weight": 1,
      "element": {
        "location": "integrated_villages:marketstead_village/house/marketstead_village_fletcher",
        "processors": "integrated_villages:marketstead_village_processor",
        "projection": "rigid",
        "enhanced_terrain_adaptation": {
          "type": "integrated_api:custom",
          "carves": true,
          "beards": true,
          "kernel_size": 15,
          "kernel_distance": 15
        },
        "element_type": "integrated_api:integrated_api_single_pool_element"
      }
    },
    {
      "weight": 1,
      "element": {
        "location": "integrated_villages:marketstead_village/house/marketstead_village_farmhouse",
        "processors": "integrated_villages:marketstead_village_processor",
        "projection": "rigid",
        "enhanced_terrain_adaptation": {
          "type": "integrated_api:custom",
          "carves": true,
          "beards": true,
          "kernel_size": 15,
          "kernel_distance": 15
        },
        "element_type": "integrated_api:integrated_api_single_pool_element"
      }
    },
    {
      "weight": 1,
      "element": {
        "location": "integrated_villages:marketstead_village/house/marketstead_village_library",
        "processors": "integrated_villages:marketstead_village_processor",
        "projection": "rigid",
        "enhanced_terrain_adaptation": {
          "type": "integrated_api:custom",
          "carves": true,
          "beards": true,
          "kernel_size": 15,
          "kernel_distance": 15
        },
        "element_type": "integrated_api:integrated_api_single_pool_element"
      }
    },
    {
      "weight": 1,
      "element": {
        "location": "integrated_villages:marketstead_village/house/marketstead_village_mason",
        "processors": "integrated_villages:marketstead_village_processor",
        "projection": "rigid",
        "enhanced_terrain_adaptation": {
          "type": "integrated_api:custom",
          "carves": true,
          "beards": true,
          "kernel_size": 15,
          "kernel_distance": 15
        },
        "element_type": "integrated_api:integrated_api_single_pool_element"
      }
    },
    {
      "weight": 1,
      "element": {
        "location": "integrated_villages:marketstead_village/house/marketstead_village_cleric",
        "processors": "integrated_villages:marketstead_village_processor",
        "projection": "rigid",
        "enhanced_terrain_adaptation": {
          "type": "integrated_api:custom",
          "carves": true,
          "beards": true,
          "kernel_size": 15,
          "kernel_distance": 15
        },
        "element_type": "integrated_api:integrated_api_single_pool_element"
      }
    },
    {
      "weight": 1,
      "element": {
        "location": "integrated_villages:marketstead_village/house/marketstead_village_blacksmith",
        "processors": "integrated_villages:marketstead_village_processor",
        "projection": "rigid",
        "enhanced_terrain_adaptation": {
          "type": "integrated_api:custom",
          "carves": true,
          "beards": true,
          "kernel_size": 15,
          "kernel_distance": 15
        },
        "element_type": "integrated_api:integrated_api_single_pool_element"
      }
    },
    {
      "weight": 1,
      "element": {
        "location": "integrated_villages:marketstead_village/house/marketstead_village_butcher",
        "processors": "integrated_villages:marketstead_village_processor",
        "projection": "rigid",
        "enhanced_terrain_adaptation": {
          "type": "integrated_api:custom",
          "carves": true,
          "beards": true,
          "kernel_size": 15,
          "kernel_distance": 15
        },
        "element_type": "integrated_api:integrated_api_single_pool_element"
      }
    }
  ]
}