{
  "name": "integrated_villages:tavern_village/well",
  "fallback": "minecraft:empty",
  "elements": [
    {
      "weight": 5,
      "required_mod": "waystones",
      "element": {
        "location": "integrated_villages:tavern_village/well/tavern_village_waystone",
        "processors": "integrated_villages:tavern_village_processor",
        "projection": "rigid",
        "condition": {
          "type": "integrated_api:all_of",
          "conditions": [
            {
              "type": "integrated_api:depth",
              "max_possible_depth": 15
            }
          ]
        },
        "enhanced_terrain_adaptation": {
          "type": "integrated_api:custom",
          "carves": true,
          "beards": true,
          "kernel_size": 20,
          "kernel_distance": 20
        },
        "modifiers": [
          {
            "condition": {
              "type": "integrated_api:piece_in_range",
              "pieces": [
                "integrated_villages:tavern_village/well/tavern_village_waystone"
              ],
              "above_range": 20,
              "horizontal_range": 90,
              "below_range": 20
            },
            "target_selector": {
              "type": "integrated_api:self"
            },
            "actions": [
              {
                "type": "integrated_api:transform",
                "output": ["integrated_villages:tavern_village/well/tavern_village_well1"]
              }
            ]
          }
        ],
        "element_type": "integrated_api:integrated_api_single_pool_element"
      }
    }
  ]
}