{
	"type": "apotheosis:attribute",
	"attribute": "attributeslib:life_steal",
	"operation": "ADDITION",
	"values": {
		"common": {
			"min": 0.01,
			"steps": 1,
			"step": 0
		},
		"uncommon": {
			"min": 0.02,
			"steps": 1,
			"step": 0
		},
		"rare": {
			"min": 0.03,
			"steps": 1,
			"step": 0
		},
		"epic": {
			"min": 0.04,
			"steps": 1,
			"step": 0
		},
		"mythic": {
			"min": 0.05,
			"steps": 1,
			"step": 0
		},
		"ancient": {
			"min": 0.05,
			"steps": 1,
			"step": 0
		}
	},
	"types": [
		"pickaxe",
		"shovel",
		"sword",
		"trident",
		"bow",
		"crossbow"
	]
}