{
	"format_version": "1.21.6",
	"credit": "Made with Blockbench",
	"ambientocclusion": false,
	"textures": {
		"0": "create:block/clipboard_model_blank",
		"4": "block/oak_planks",
		"particle": "create:block/clipboard_model_blank"
	},
	"elements": [
		{
			"name": "cap 2",
			"from": [13, 2, 12.5],
			"to": [14, 3, 13.5],
			"rotation": {"angle": 0, "axis": "x", "origin": [12, 3, 13]},
			"faces": {
				"north": {"uv": [0, 1, 1, 2], "texture": "#0"},
				"east": {"uv": [0, 0, 1, 1], "texture": "#0"},
				"south": {"uv": [0, 0, 1, 1], "texture": "#0"},
				"west": {"uv": [0, 0, 1, 1], "texture": "#0"},
				"up": {"uv": [0, 0, 1, 1], "texture": "#0"},
				"down": {"uv": [0, 0, 1, 1], "texture": "#0"}
			}
		},
		{
			"name": "Paper",
			"from": [4, 1.5, 5],
			"to": [12, 1.5, 14],
			"rotation": {"angle": 0, "axis": "y", "origin": [16, 16, -1]},
			"faces": {
				"north": {"uv": [2, 4, 10, 13], "rotation": 180, "texture": "#0"},
				"east": {"uv": [2, 4, 10, 13], "rotation": 180, "texture": "#0"},
				"south": {"uv": [2, 4, 10, 13], "rotation": 180, "texture": "#0"},
				"west": {"uv": [2, 4, 10, 13], "rotation": 180, "texture": "#0"},
				"up": {"uv": [2, 4, 10, 13], "rotation": 180, "texture": "#0"},
				"down": {"uv": [2, 13, 10, 4], "rotation": 180, "texture": "#0"}
			}
		},
		{
			"name": "Paper 2",
			"from": [4, 1.5, 3],
			"to": [12, 1.5, 5],
			"rotation": {"angle": 22.5, "axis": "x", "origin": [12, 1.5, 5]},
			"faces": {
				"north": {"uv": [2, 13, 10, 15], "rotation": 180, "texture": "#0"},
				"east": {"uv": [2, 13, 10, 15], "rotation": 180, "texture": "#0"},
				"south": {"uv": [2, 13, 10, 15], "rotation": 180, "texture": "#0"},
				"west": {"uv": [2, 13, 10, 15], "rotation": 180, "texture": "#0"},
				"up": {"uv": [2, 13, 10, 15], "rotation": 180, "texture": "#0"},
				"down": {"uv": [2, 13, 10, 15], "rotation": 180, "texture": "#0"}
			}
		},
		{
			"name": "Paper 3",
			"from": [4, 2.37, 2.13477],
			"to": [12, 2.37, 3.13477],
			"rotation": {"angle": 45, "axis": "x", "origin": [12, 2.25, 3]},
			"faces": {
				"north": {"uv": [2, 15, 10, 16], "rotation": 180, "texture": "#0"},
				"east": {"uv": [2, 15, 10, 16], "rotation": 180, "texture": "#0"},
				"south": {"uv": [2, 15, 10, 16], "rotation": 180, "texture": "#0"},
				"west": {"uv": [2, 15, 10, 16], "rotation": 180, "texture": "#0"},
				"up": {"uv": [2, 15, 10, 16], "rotation": 180, "texture": "#0"},
				"down": {"uv": [2, 15, 10, 16], "rotation": 180, "texture": "#0"}
			}
		},
		{
			"name": "Scroll",
			"from": [4, 1.5, 12],
			"to": [12, 3.5, 14],
			"rotation": {"angle": 0, "axis": "x", "origin": [3, 2, 13]},
			"faces": {
				"north": {"uv": [2, 4, 10, 2], "rotation": 180, "texture": "#0"},
				"east": {"uv": [0, 0, 2, 2], "rotation": 270, "texture": "#missing"},
				"south": {"uv": [2, 0, 10, 2], "texture": "#0"},
				"west": {"uv": [0, 0, 2, 2], "rotation": 90, "texture": "#missing"},
				"up": {"uv": [2, 0, 10, 2], "rotation": 180, "texture": "#0"},
				"down": {"uv": [2, 2, 10, 4], "texture": "#0"}
			}
		},
		{
			"name": "Andesite Cap 1",
			"from": [3, 1, 11.5],
			"to": [4, 4, 14.5],
			"rotation": {"angle": 0, "axis": "y", "origin": [2, 2, 12]},
			"faces": {
				"north": {"uv": [1, 2, 2, 4.5], "texture": "#0"},
				"east": {"uv": [10, 0, 13, 2.5], "texture": "#0"},
				"south": {"uv": [1, 0, 2, 2.5], "texture": "#0"},
				"west": {"uv": [13, 0, 10, 3], "texture": "#0"},
				"up": {"uv": [1, 3, 2, 0], "texture": "#0"},
				"down": {"uv": [0, 0, 1, 3], "texture": "#missing"}
			}
		},
		{
			"name": "Andesite Cap 2",
			"from": [12, 1, 11.5],
			"to": [13, 4, 14.5],
			"rotation": {"angle": 0, "axis": "y", "origin": [11, 1, 12]},
			"faces": {
				"north": {"uv": [1, 2, 2, 4.5], "texture": "#0"},
				"east": {"uv": [10, 0, 13, 3], "texture": "#0"},
				"south": {"uv": [1, 0, 2, 2.5], "texture": "#0"},
				"west": {"uv": [13, 0, 10, 2.5], "texture": "#0"},
				"up": {"uv": [1, 3, 2, 0], "texture": "#0"},
				"down": {"uv": [0, 0, 1, 3], "texture": "#missing"}
			}
		},
		{
			"name": "cap 1",
			"from": [2, 2, 12.5],
			"to": [3, 3, 13.5],
			"rotation": {"angle": 0, "axis": "x", "origin": [1, 2, 13]},
			"faces": {
				"north": {"uv": [0, 1, 1, 2], "texture": "#0"},
				"east": {"uv": [0, 0, 1, 1], "texture": "#0"},
				"south": {"uv": [0, 0, 1, 1], "texture": "#0"},
				"west": {"uv": [0, 0, 1, 1], "texture": "#0"},
				"up": {"uv": [0, 0, 1, 1], "texture": "#0"},
				"down": {"uv": [0, 0, 1, 1], "texture": "#0"}
			}
		},
		{
			"from": [3.5, 2, 7],
			"to": [4.5, 2, 12],
			"rotation": {"angle": 0, "axis": "y", "origin": [3, 2, 7]},
			"faces": {
				"north": {"uv": [0, 0, 1, 0], "texture": "#missing"},
				"east": {"uv": [0, 0, 5, 0], "texture": "#missing"},
				"south": {"uv": [0, 0, 1, 0], "texture": "#missing"},
				"west": {"uv": [0, 0, 5, 0], "texture": "#missing"},
				"up": {"uv": [10, 9, 11, 4], "texture": "#0"},
				"down": {"uv": [0, 0, 1, 5], "texture": "#missing"}
			}
		},
		{
			"from": [2.5, 0, 1],
			"to": [13.5, 1, 15],
			"rotation": {"angle": 0, "axis": "y", "origin": [0, 0, -1]},
			"faces": {
				"north": {"uv": [13, 15, 14, 4], "rotation": 90, "texture": "#4"},
				"east": {"uv": [0, 14, 14, 15], "texture": "#4"},
				"south": {"uv": [0, 4, 1, 15], "rotation": 90, "texture": "#4"},
				"west": {"uv": [0, 4, 14, 5], "texture": "#4"},
				"up": {"uv": [0, 4, 14, 15], "rotation": 90, "texture": "#4"},
				"down": {"uv": [0, 0, 11, 14], "texture": "#missing"}
			}
		}
	],
	"groups": [
		0,
		{
			"name": "Paper",
			"origin": [16, 15, -2],
			"color": 0,
			"children": [1, 2, 3]
		},
		4,
		5,
		6,
		7,
		8,
		9
	]
}