{
    "type": "apotheosis:attribute",
    "attribute": "attributeslib:mining_speed",
    "operation": "MULTIPLY_TOTAL",
    "values": {
        "common": {
            "min": 0.1,
            "steps": 1,
            "step": 0
        },
        "uncommon": {
            "min": 0.2,
            "steps": 1,
            "step": 0
        },
        "rare": {
            "min": 0.3,
            "steps": 1,
            "step": 0
        },
        "epic": {
            "min": 0.4,
            "steps": 1,
            "step": 0
        },
        "mythic": {
            "min": 0.5,
            "steps": 1,
            "step": 0
        },
        "ancient": {
            "min": 0.6,
            "steps": 1,
            "step": 0
        }
    },
    "types": [
        "pickaxe",
        "shovel",
        "sword",
        "trident",
        "heavy_weapon"
    ]
}