{
	"type": "apotheosis:attribute",
	"attribute": "attributeslib:experience_gained",
	"operation": "MULTIPLY_TOTAL",
	"values": {
		"common": {
			"min": 0.15,
			"steps": 1,
			"step": 0.0
		},
		"uncommon": {
			"min": 0.3,
			"steps": 1,
			"step": 0.0
		},
		"rare": {
			"min": 0.45,
			"steps": 1,
			"step": 0.0
		},
		"epic": {
			"min": 0.6,
			"steps": 1,
			"step": 0.0
		},
		"mythic": {
			"min": 0.8,
			"steps": 1,
			"step": 0.0
		},
		"ancient": {
			"min": 1.0,
			"steps": 1,
			"step": 0.0
		}
	},
	"types": [
		"pickaxe", "shovel"
	]
}