{
	"credit": "Made with Blockbench",
	"render_type": "cutout",
	"texture_size": [32, 32],
	"textures": {
		"0": "apotheosis:items/hammer",
		"particle": "apotheosis:items/hammer"
	},
	"elements": [
		{
			"from": [-3, -1, -2],
			"to": [0, 2, 3],
			"faces": {
				"north": {"uv": [3, 0, 6, 3], "texture": "#0"},
				"east": {"uv": [10, 3, 15, 6], "texture": "#0"},
				"south": {"uv": [3, 0, 6, 3], "rotation": 180, "texture": "#0"},
				"west": {"uv": [6, 0, 11, 3], "texture": "#0"},
				"up": {"uv": [11, 0, 16, 3], "rotation": 270, "texture": "#0"},
				"down": {"uv": [5, 3, 10, 6], "rotation": 90, "texture": "#0"}
			}
		},
		{
			"from": [0, 0, 0],
			"to": [6, 1, 1],
			"faces": {
				"north": {"uv": [9, 10, 10, 16], "rotation": 270, "texture": "#0"},
				"east": {"uv": [4, 15, 5, 16], "texture": "#0"},
				"south": {"uv": [7, 10, 8, 16], "rotation": 90, "texture": "#0"},
				"west": {"uv": [2, 0.5, 3, 1.5], "texture": "#0"},
				"up": {"uv": [8, 10, 9, 16], "rotation": 90, "texture": "#0"},
				"down": {"uv": [6, 10, 7, 16], "rotation": 90, "texture": "#0"}
			}
		}
	],
	"display": {
		"thirdperson_righthand": {
			"rotation": [6, 0, -80],
			"translation": [6.25, 1.75, 2.25]
		}
	}
}