{
  "type": "apotheosis:attribute",
  "attribute": "forge:entity_reach",
  "operation": "ADDITION",
  "values": {
    "common": {
      "min": 0.175,
      "steps": 3,
      "step": 0.0875
    },
    "uncommon": {
      "min": 0.175,
      "steps": 3,
      "step": 0.0875
    },
    "rare": {
      "min": 0.2625,
      "steps": 3,
      "step": 0.0875
    },
    "epic": {
      "min": 0.35,
      "steps": 3,
      "step": 0.0875
    },
    "mythic": {
      "min": 0.4375,
      "steps": 3,
      "step": 0.0875
    },
    "ancient": {
      "min": 0.525,
      "steps": 3,
      "step": 0.0875
    }
  },
  "types": [
    "sword",
    "trident"
  ]
}