{
  "type": "apotheosis:attribute",
  "attribute": "attributeslib:fire_damage",
  "operation": "ADDITION",
  "values": {
    "uncommon": {
      "min": 0.7,
      "steps": 4,
      "step": 0.0875
    },
    "rare": {
      "min": 0.7,
      "steps": 4,
      "step": 0.0875
    },
    "epic": {
      "min": 0.875,
      "steps": 8,
      "step": 0.0875
    },
    "mythic": {
      "min": 1.05,
      "steps": 8,
      "step": 0.0875
    },
    "ancient": {
      "min": 1.4,
      "steps": 12,
      "step": 0.0875
    }
  },
  "types": [
    "sword",
    "trident"
  ]
}