{
	"format_version": "1.12.0",
	"minecraft:geometry": [
		{
			"description": {
				"identifier": "geometry.unknown",
				"texture_width": 96,
				"texture_height": 96,
				"visible_bounds_width": 3,
				"visible_bounds_height": 4,
				"visible_bounds_offset": [0, 1, 0]
			},
			"bones": [
				{
					"name": "bipedHead",
					"pivot": [0, 24, 0]
				},
				{
					"name": "armorHead",
					"parent": "bipedHead",
					"pivot": [0, 24, 0]
				},
				{
					"name": "dyeHead",
					"parent": "armorHead",
					"pivot": [0, 0, 0],
					"cubes": [
						{"origin": [-4, 24, -4], "size": [8, 8, 8], "inflate": 1, "uv": [0, 0]}
					]
				},
				{
					"name": "dyeHood",
					"parent": "armorHead",
					"pivot": [4, 33, 5],
					"rotation": [-22.5, 0, 0],
					"cubes": [
						{"origin": [-4.5, 29.5, 5.5], "size": [9, 3, 3], "inflate": 0.49, "uv": [24, 2]}
					]
				},
				{
					"name": "bipedBody",
					"pivot": [0, 24, 0]
				},
				{
					"name": "armorBody",
					"parent": "bipedBody",
					"pivot": [0, 24, 0],
					"cubes": [
						{"origin": [-0.75, 3.75, -2.5], "size": [5, 10, 5], "inflate": 0.25, "pivot": [0.25, 13.75, -0.5], "rotation": [0, 0, -5], "uv": [16, 63], "mirror": true},
						{"origin": [-4.25, 3.75, -2.5], "size": [5, 10, 5], "inflate": 0.245, "pivot": [-0.25, 13.75, -0.5], "rotation": [0, 0, 5], "uv": [16, 63]},
						{"origin": [-4, 14, -2], "size": [8, 10, 4], "inflate": 0.55, "uv": [24, 16]},
						{"origin": [-4.5, 12.5, -2.5], "size": [9, 4, 5], "inflate": 0.3, "uv": [44, 7]}
					]
				},
				{
					"name": "dyeBody",
					"parent": "armorBody",
					"pivot": [3, 12, -1],
					"cubes": [
						{"origin": [-4, 14, -2], "size": [8, 10, 4], "inflate": 0.55, "uv": [0, 16]},
						{"origin": [-0.75, 3.75, -2.5], "size": [5, 10, 5], "inflate": 0.25, "pivot": [0.25, 13.75, -0.5], "rotation": [0, 0, -5], "uv": [16, 48], "mirror": true},
						{"origin": [-4.25, 3.75, -2.5], "size": [5, 10, 5], "inflate": 0.245, "pivot": [-0.25, 13.75, -0.5], "rotation": [0, 0, 5], "uv": [16, 48]}
					]
				},
				{
					"name": "armorLeggingTorsoLayer",
					"parent": "bipedBody",
					"pivot": [0, 24, 0],
					"cubes": [
						{"origin": [-4, 12, -2], "size": [8, 12, 4], "inflate": 0.26, "uv": [72, 16]}
					]
				},
				{
					"name": "dyeArmorLeggingTorsoLayer",
					"parent": "armorLeggingTorsoLayer",
					"pivot": [0, 0, 0],
					"cubes": [
						{"origin": [-4, 12, -2], "size": [8, 12, 4], "inflate": 0.25, "uv": [48, 16]}
					]
				},
				{
					"name": "bipedRightArm",
					"pivot": [-5, 22, 0]
				},
				{
					"name": "armorRightArm",
					"parent": "bipedRightArm",
					"pivot": [-5, 22, 0],
					"cubes": [
						{"origin": [-8, 14.8, -2], "size": [4, 9, 4], "inflate": 0.5, "uv": [16, 35]}
					]
				},
				{
					"name": "dyeRightArm",
					"parent": "armorRightArm",
					"pivot": [0, 0, 0],
					"cubes": [
						{"origin": [-8, 18, -2], "size": [4, 6, 4], "inflate": 0.5, "uv": [0, 32]}
					]
				},
				{
					"name": "bipedLeftArm",
					"pivot": [5, 22, 0]
				},
				{
					"name": "armorLeftArm",
					"parent": "bipedLeftArm",
					"pivot": [5, 22, 0],
					"cubes": [
						{"origin": [4, 14.8, -2], "size": [4, 9, 4], "inflate": 0.5, "uv": [15, 35]}
					]
				},
				{
					"name": "dyeLeftArm",
					"parent": "armorLeftArm",
					"pivot": [0, 0, 0],
					"cubes": [
						{"origin": [4, 18, -2], "size": [4, 6, 4], "inflate": 0.5, "uv": [0, 32]}
					]
				},
				{
					"name": "bipedLeftLeg",
					"pivot": [2, 12, 0]
				},
				{
					"name": "armorLeftLeg",
					"parent": "bipedLeftLeg",
					"pivot": [2, 12, 0],
					"cubes": [
						{"origin": [0, 3, -2], "size": [4, 12, 4], "inflate": 0.1, "uv": [0, 63]}
					]
				},
				{
					"name": "dyeLeftLeg",
					"parent": "armorLeftLeg",
					"pivot": [0, 0, 0],
					"cubes": [
						{"origin": [0, 6, -2], "size": [4, 6, 4], "inflate": 0.1, "uv": [0, 48]}
					]
				},
				{
					"name": "armorLeftBoot",
					"parent": "bipedLeftLeg",
					"pivot": [2, 12, 0],
					"cubes": [
						{"origin": [0, 0, -2], "size": [4, 12, 4], "inflate": 0.6, "uv": [48, 32], "mirror": true}
					]
				},
				{
					"name": "dyeLeftBoot",
					"parent": "armorLeftBoot",
					"pivot": [8, -12, 0],
					"cubes": [
						{"origin": [0, 0, -2], "size": [4, 12, 4], "inflate": 0.3, "uv": [32, 32], "mirror": true}
					]
				},
				{
					"name": "bipedRightLeg",
					"pivot": [-2, 12, 0]
				},
				{
					"name": "armorRightLeg",
					"parent": "bipedRightLeg",
					"pivot": [-2, 12, 0],
					"cubes": [
						{"origin": [-4, 3, -2], "size": [4, 12, 4], "inflate": 0.1, "uv": [0, 63]}
					]
				},
				{
					"name": "dyeRightLeg",
					"parent": "armorRightLeg",
					"pivot": [0, 0, 0],
					"cubes": [
						{"origin": [-4, 6, -2], "size": [4, 6, 4], "inflate": 0.1, "uv": [0, 48]}
					]
				},
				{
					"name": "armorRightBoot",
					"parent": "bipedRightLeg",
					"pivot": [-2, 12, 0],
					"cubes": [
						{"origin": [-4, 0, -2], "size": [4, 12, 4], "inflate": 0.6, "uv": [48, 32]}
					]
				},
				{
					"name": "dyeRightBoot",
					"parent": "armorRightBoot",
					"pivot": [4, -12, 0],
					"cubes": [
						{"origin": [-4, 0, -2], "size": [4, 12, 4], "inflate": 0.3, "uv": [32, 32]}
					]
				}
			]
		}
	]
}