{
  "type": "apotheosis:attribute",
  "attribute": "attributeslib:experience_gained",
  "operation": "ADDITION",
  "values": {
    "common": {
      "min": 0.0875,
      "steps": 5,
      "step": 0.0035
    },
    "uncommon": {
      "min": 0.0875,
      "steps": 5,
      "step": 0.0035
    },
    "rare": {
      "min": 0.0875,
      "steps": 10,
      "step": 0.0035
    },
    "epic": {
      "min": 0.1225,
      "steps": 10,
      "step": 0.0035
    },
    "mythic": {
      "min": 0.14,
      "steps": 15,
      "step": 0.0035
    },
    "ancient": {
      "min": 0.1925,
      "steps": 15,
      "step": 0.0035
    }
  },
  "types": [
    "pickaxe",
    "shovel"
  ]
}