{
  "type": "apotheosis:attribute",
  "attribute": "forge:block_reach",
  "operation": "ADDITION",
  "values": {
    "common": {
      "min": 0.175,
      "steps": 3,
      "step": 0.175
    },
    "uncommon": {
      "min": 0.175,
      "steps": 3,
      "step": 0.175
    },
    "rare": {
      "min": 0.175,
      "steps": 4,
      "step": 0.175
    },
    "epic": {
      "min": 0.35,
      "steps": 4,
      "step": 0.175
    },
    "mythic": {
      "min": 0.525,
      "steps": 5,
      "step": 0.175
    },
    "ancient": {
      "min": 0.7,
      "steps": 2,
      "step": 0.175
    }
  },
  "types": [
    "pickaxe",
    "shovel"
  ]
}