{
	"type": "apotheosis:attribute",
	"attribute": "attributeslib:draw_speed",
	"operation": "ADDITION",
	"values": {
		"common": {
			"min": 0.05,
			"steps": 2,
			"step": 0.1
		},
		"uncommon": {
			"min": 0.1,
			"steps": 2,
			"step": 0.1
		},
		"rare": {
			"min": 0.2,
			"steps": 3,
			"step": 0.15
		},
		"epic": {
			"min": 0.3,
			"steps": 3,
			"step": 0.25
		},
		"mythic": {
			"min": 0.4,
			"steps": 3,
			"step": 0.25
		},
		"ancient": {
			"min": 0.5,
			"steps": 3,
			"step": 0.25
		}
	},
	"types": [
		"bow",
		"crossbow",
		"trident"
	]
}