{
  "variants": {
    "facing=west,bites=0": [
      { "model": "block/cake_uneaten" },
      { "model": "block/misc/cake/bread_uneaten" },
      { "model": "block/misc/cake/pie_uneaten" }
    ],
    "facing=west,bites=1": [
      { "model": "block/cake_slice1" },
      { "model": "block/misc/cake/bread_slice1" },
      { "model": "block/misc/cake/pie_slice1" }
    ],
    "facing=west,bites=2": [
      { "model": "block/cake_slice2" },
      { "model": "block/misc/cake/bread_slice2" },
      { "model": "block/misc/cake/pie_slice2" }
    ],
    "facing=west,bites=3": [
      { "model": "block/cake_slice3" },
      { "model": "block/misc/cake/bread_slice3" },
      { "model": "block/misc/cake/pie_slice3" }
    ],
    "facing=west,bites=4": [
      { "model": "block/cake_slice4" },
      { "model": "block/misc/cake/bread_slice4" },
      { "model": "block/misc/cake/pie_slice4" }
    ],
    "facing=west,bites=5": [
      { "model": "block/cake_slice5" },
      { "model": "block/misc/cake/bread_slice5" },
      { "model": "block/misc/cake/pie_slice5" }
    ],
    "facing=west,bites=6": [
      { "model": "block/cake_slice6" },
      { "model": "block/misc/cake/bread_slice6" },
      { "model": "block/misc/cake/pie_slice6" }
    ],
    "facing=north,bites=0": [
      { "y": 90, "model": "block/cake_uneaten" },
      { "y": 90, "model": "block/misc/cake/bread_uneaten" },
      { "y": 90, "model": "block/misc/cake/pie_uneaten" }
    ],
    "facing=north,bites=1": [
      { "y": 90, "model": "block/cake_slice1" },
      { "y": 90, "model": "block/misc/cake/bread_slice1" },
      { "y": 90, "model": "block/misc/cake/pie_slice1" }
    ],
    "facing=north,bites=2": [
      { "y": 90, "model": "block/cake_slice2" },
      { "y": 90, "model": "block/misc/cake/bread_slice2" },
      { "y": 90, "model": "block/misc/cake/pie_slice2" }
    ],
    "facing=north,bites=3": [
      { "y": 90, "model": "block/cake_slice3" },
      { "y": 90, "model": "block/misc/cake/bread_slice3" },
      { "y": 90, "model": "block/misc/cake/pie_slice3" }
    ],
    "facing=north,bites=4": [
      { "y": 90, "model": "block/cake_slice4" },
      { "y": 90, "model": "block/misc/cake/bread_slice4" },
      { "y": 90, "model": "block/misc/cake/pie_slice4" }
    ],
    "facing=north,bites=5": [
      { "y": 90, "model": "block/cake_slice5" },
      { "y": 90, "model": "block/misc/cake/bread_slice5" },
      { "y": 90, "model": "block/misc/cake/pie_slice5" }
    ],
    "facing=north,bites=6": [
      { "y": 90, "model": "block/cake_slice6" },
      { "y": 90, "model": "block/misc/cake/bread_slice6" },
      { "y": 90, "model": "block/misc/cake/pie_slice6" }
    ],
    "facing=east,bites=0": [
      { "y": 180, "model": "block/cake_uneaten" },
      { "y": 180, "model": "block/misc/cake/bread_uneaten" },
      { "y": 180, "model": "block/misc/cake/pie_uneaten" }
    ],
    "facing=east,bites=1": [
      { "y": 180, "model": "block/cake_slice1" },
      { "y": 180, "model": "block/misc/cake/bread_slice1" },
      { "y": 180, "model": "block/misc/cake/pie_slice1" }
    ],
    "facing=east,bites=2": [
      { "y": 180, "model": "block/cake_slice2" },
      { "y": 180, "model": "block/misc/cake/bread_slice2" },
      { "y": 180, "model": "block/misc/cake/pie_slice2" }
    ],
    "facing=east,bites=3": [
      { "y": 180, "model": "block/cake_slice3" },
      { "y": 180, "model": "block/misc/cake/bread_slice3" },
      { "y": 180, "model": "block/misc/cake/pie_slice3" }
    ],
    "facing=east,bites=4": [
      { "y": 180, "model": "block/cake_slice4" },
      { "y": 180, "model": "block/misc/cake/bread_slice4" },
      { "y": 180, "model": "block/misc/cake/pie_slice4" }
    ],
    "facing=east,bites=5": [
      { "y": 180, "model": "block/cake_slice5" },
      { "y": 180, "model": "block/misc/cake/bread_slice5" },
      { "y": 180, "model": "block/misc/cake/pie_slice5" }
    ],
    "facing=east,bites=6": [
      { "y": 180, "model": "block/cake_slice6" },
      { "y": 180, "model": "block/misc/cake/bread_slice6" },
      { "y": 180, "model": "block/misc/cake/pie_slice6" }
    ],
    "facing=south,bites=0": [
      { "y": 270, "model": "block/cake_uneaten" },
      { "y": 270, "model": "block/misc/cake/bread_uneaten" },
      { "y": 270, "model": "block/misc/cake/pie_uneaten" }
    ],
    "facing=south,bites=1": [
      { "y": 270, "model": "block/cake_slice1" },
      { "y": 270, "model": "block/misc/cake/bread_slice1" },
      { "y": 270, "model": "block/misc/cake/pie_slice1" }
    ],
    "facing=south,bites=2": [
      { "y": 270, "model": "block/cake_slice2" },
      { "y": 270, "model": "block/misc/cake/bread_slice2" },
      { "y": 270, "model": "block/misc/cake/pie_slice2" }
    ],
    "facing=south,bites=3": [
      { "y": 270, "model": "block/cake_slice3" },
      { "y": 270, "model": "block/misc/cake/bread_slice3" },
      { "y": 270, "model": "block/misc/cake/pie_slice3" }
    ],
    "facing=south,bites=4": [
      { "y": 270, "model": "block/cake_slice4" },
      { "y": 270, "model": "block/misc/cake/bread_slice4" },
      { "y": 270, "model": "block/misc/cake/pie_slice4" }
    ],
    "facing=south,bites=5": [
      { "y": 270, "model": "block/cake_slice5" },
      { "y": 270, "model": "block/misc/cake/bread_slice5" },
      { "y": 270, "model": "block/misc/cake/pie_slice5" }
    ],
    "facing=south,bites=6": [
      { "y": 270, "model": "block/cake_slice6" },
      { "y": 270, "model": "block/misc/cake/bread_slice6" },
      { "y": 270, "model": "block/misc/cake/pie_slice6" }
    ]
  }
}
