{
  "variants": {
    "facing=west,bites=0": [
      { "model": "amendments:block/double_cake/full_cake" },
      { "model": "amendments:block/double_cake/full_bread" },
      { "model": "amendments:block/double_cake/full_pie" }
    ],
    "facing=west,bites=1": [
      { "model": "amendments:block/double_cake/slice1_cake" },
      { "model": "amendments:block/double_cake/slice1_bread" },
      { "model": "amendments:block/double_cake/slice1_pie" }
    ],
    "facing=west,bites=2": [
      { "model": "amendments:block/double_cake/slice2_cake" },
      { "model": "amendments:block/double_cake/slice2_bread" },
      { "model": "amendments:block/double_cake/slice2_pie" }
    ],
    "facing=west,bites=3": [
      { "model": "amendments:block/double_cake/slice3_cake" },
      { "model": "amendments:block/double_cake/slice3_bread" },
      { "model": "amendments:block/double_cake/slice3_pie" }
    ],
    "facing=west,bites=4": [
      { "model": "amendments:block/double_cake/slice4_cake" },
      { "model": "amendments:block/double_cake/slice4_bread" },
      { "model": "amendments:block/double_cake/slice4_pie" }
    ],
    "facing=west,bites=5": [
      { "model": "amendments:block/double_cake/slice5_cake" },
      { "model": "amendments:block/double_cake/slice5_bread" },
      { "model": "amendments:block/double_cake/slice5_pie" }
    ],
    "facing=west,bites=6": [
      { "model": "amendments:block/double_cake/slice6_cake" },
      { "model": "amendments:block/double_cake/slice6_bread" },
      { "model": "amendments:block/double_cake/slice6_pie" }
    ],

    "facing=north,bites=0": [
      { "y": 90, "model": "amendments:block/double_cake/full_cake" },
      { "y": 90, "model": "amendments:block/double_cake/full_bread" },
      { "y": 90, "model": "amendments:block/double_cake/full_pie" }
    ],
    "facing=north,bites=1": [
      { "y": 90, "model": "amendments:block/double_cake/slice1_cake" },
      { "y": 90, "model": "amendments:block/double_cake/slice1_bread" },
      { "y": 90, "model": "amendments:block/double_cake/slice1_pie" }
    ],
    "facing=north,bites=2": [
      { "y": 90, "model": "amendments:block/double_cake/slice2_cake" },
      { "y": 90, "model": "amendments:block/double_cake/slice2_bread" },
      { "y": 90, "model": "amendments:block/double_cake/slice2_pie" }
    ],
    "facing=north,bites=3": [
      { "y": 90, "model": "amendments:block/double_cake/slice3_cake" },
      { "y": 90, "model": "amendments:block/double_cake/slice3_bread" },
      { "y": 90, "model": "amendments:block/double_cake/slice3_pie" }
    ],
    "facing=north,bites=4": [
      { "y": 90, "model": "amendments:block/double_cake/slice4_cake" },
      { "y": 90, "model": "amendments:block/double_cake/slice4_bread" },
      { "y": 90, "model": "amendments:block/double_cake/slice4_pie" }
    ],
    "facing=north,bites=5": [
      { "y": 90, "model": "amendments:block/double_cake/slice5_cake" },
      { "y": 90, "model": "amendments:block/double_cake/slice5_bread" },
      { "y": 90, "model": "amendments:block/double_cake/slice5_pie" }
    ],
    "facing=north,bites=6": [
      { "y": 90, "model": "amendments:block/double_cake/slice6_cake" },
      { "y": 90, "model": "amendments:block/double_cake/slice6_bread" },
      { "y": 90, "model": "amendments:block/double_cake/slice6_pie" }
    ],

    "facing=east,bites=0": [
      { "y": 180, "model": "amendments:block/double_cake/full_cake" },
      { "y": 180, "model": "amendments:block/double_cake/full_bread" },
      { "y": 180, "model": "amendments:block/double_cake/full_pie" }
    ],
    "facing=east,bites=1": [
      { "y": 180, "model": "amendments:block/double_cake/slice1_cake" },
      { "y": 180, "model": "amendments:block/double_cake/slice1_bread" },
      { "y": 180, "model": "amendments:block/double_cake/slice1_pie" }
    ],
    "facing=east,bites=2": [
      { "y": 180, "model": "amendments:block/double_cake/slice2_cake" },
      { "y": 180, "model": "amendments:block/double_cake/slice2_bread" },
      { "y": 180, "model": "amendments:block/double_cake/slice2_pie" }
    ],
    "facing=east,bites=3": [
      { "y": 180, "model": "amendments:block/double_cake/slice3_cake" },
      { "y": 180, "model": "amendments:block/double_cake/slice3_bread" },
      { "y": 180, "model": "amendments:block/double_cake/slice3_pie" }
    ],
    "facing=east,bites=4": [
      { "y": 180, "model": "amendments:block/double_cake/slice4_cake" },
      { "y": 180, "model": "amendments:block/double_cake/slice4_bread" },
      { "y": 180, "model": "amendments:block/double_cake/slice4_pie" }
    ],
    "facing=east,bites=5": [
      { "y": 180, "model": "amendments:block/double_cake/slice5_cake" },
      { "y": 180, "model": "amendments:block/double_cake/slice5_bread" },
      { "y": 180, "model": "amendments:block/double_cake/slice5_pie" }
    ],
    "facing=east,bites=6": [
      { "y": 180, "model": "amendments:block/double_cake/slice6_cake" },
      { "y": 180, "model": "amendments:block/double_cake/slice6_bread" },
      { "y": 180, "model": "amendments:block/double_cake/slice6_pie" }
    ],

    "facing=south,bites=0": [
      { "y": 270, "model": "amendments:block/double_cake/full_cake" },
      { "y": 270, "model": "amendments:block/double_cake/full_bread" },
      { "y": 270, "model": "amendments:block/double_cake/full_pie" }
    ],
    "facing=south,bites=1": [
      { "y": 270, "model": "amendments:block/double_cake/slice1_cake" },
      { "y": 270, "model": "amendments:block/double_cake/slice1_bread" },
      { "y": 270, "model": "amendments:block/double_cake/slice1_pie" }
    ],
    "facing=south,bites=2": [
      { "y": 270, "model": "amendments:block/double_cake/slice2_cake" },
      { "y": 270, "model": "amendments:block/double_cake/slice2_bread" },
      { "y": 270, "model": "amendments:block/double_cake/slice2_pie" }
    ],
    "facing=south,bites=3": [
      { "y": 270, "model": "amendments:block/double_cake/slice3_cake" },
      { "y": 270, "model": "amendments:block/double_cake/slice3_bread" },
      { "y": 270, "model": "amendments:block/double_cake/slice3_pie" }
    ],
    "facing=south,bites=4": [
      { "y": 270, "model": "amendments:block/double_cake/slice4_cake" },
      { "y": 270, "model": "amendments:block/double_cake/slice4_bread" },
      { "y": 270, "model": "amendments:block/double_cake/slice4_pie" }
    ],
    "facing=south,bites=5": [
      { "y": 270, "model": "amendments:block/double_cake/slice5_cake" },
      { "y": 270, "model": "amendments:block/double_cake/slice5_bread" },
      { "y": 270, "model": "amendments:block/double_cake/slice5_pie" }
    ],
    "facing=south,bites=6": [
      { "y": 270, "model": "amendments:block/double_cake/slice6_cake" },
      { "y": 270, "model": "amendments:block/double_cake/slice6_bread" },
      { "y": 270, "model": "amendments:block/double_cake/slice6_pie" }
    ]
  }
}
