{
  "processors": [
    {
      "processor_type": "integrated_api:waterlogging_fix_processor"
    },
    {
      "processor_type": "integrated_villages:windmill_bearing_processor"
    },
    {
      "processor_type": "integrated_api:integrated_block_replace_processor",
      "input_block" : "minecraft:terracotta",
      "required_mod" : "quark",
      "output_block" : "quark:shingles",
      "probability" : 0.5
    },
    {
      "processor_type": "integrated_api:integrated_block_replace_processor",
      "input_block" : "minecraft:white_terracotta",
      "required_mod" : "quark",
      "output_block" : "quark:white_shingles",
      "probability" : 0.4
    },
    {
      "processor_type": "integrated_api:integrated_block_replace_processor",
      "input_block" : "minecraft:hay_block",
      "required_mod" : "quark",
      "output_block" : "quark:thatch",
      "probability" : 0.4
    },
    {
      "processor_type": "integrated_api:integrated_block_replace_processor",
      "input_block" : "minecraft:muddy_mangrove_roots",
      "required_mod" : "regions_unexplored",
      "output_block" : "regions_unexplored:peat_mud",
      "probability" : 0.3
    },
    {
      "processor_type": "integrated_api:integrated_block_replace_processor",
      "input_block" : "minecraft:purple_stained_glass_pane",
      "required_mod" : "bountiful",
      "output_block" : "bountiful:bountyboard",
      "probability" : 1,
      "otherwise_block": "minecraft:air"
    },
    {
      "processor_type": "integrated_api:integrated_block_replace_processor",
      "input_block" : "minecraft:magenta_stained_glass_pane",
      "required_mod" : "paraglider",
      "output_block" : "paraglider:goron_goddess_statue",
      "probability" : 1,
      "otherwise_block": "minecraft:air"
    },
    {
      "processor_type": "integrated_villages:workstation_processor",
      "input_block" : "minecraft:magenta_glazed_terracotta",
      "workstation_type" : "generic",
      "enable_integration" : true
    },
    {
      "processor_type": "integrated_villages:workstation_processor",
      "input_block" : "minecraft:light_blue_glazed_terracotta",
      "workstation_type" : "librarian",
      "enable_integration" : true
    },
    {
      "processor_type": "integrated_villages:workstation_processor",
      "input_block" : "minecraft:purple_glazed_terracotta",
      "workstation_type" : "cleric",
      "enable_integration" : true
    },
    {
      "processor_type": "integrated_villages:workstation_processor",
      "input_block" : "minecraft:gray_glazed_terracotta",
      "workstation_type" : "mason",
      "enable_integration" : true
    },
    {
      "processor_type": "integrated_villages:workstation_processor",
      "input_block" : "minecraft:black_glazed_terracotta",
      "workstation_type" : "blacksmith",
      "enable_integration" : true
    },
    {
      "processor_type": "integrated_villages:workstation_processor",
      "input_block" : "minecraft:brown_glazed_terracotta",
      "workstation_type" : "cartographer",
      "enable_integration" : true
    },
    {
      "processor_type": "integrated_villages:workstation_processor",
      "input_block" : "minecraft:pink_glazed_terracotta",
      "workstation_type" : "butcher",
      "enable_integration" : true
    }
  ]
}