{
  "processors": [
    {
      "processor_type": "integrated_api:waterlogging_fix_processor"
    },
    {
      "processor_type": "integrated_api:tick_blocks_processor",
      "blocks_to_tick": [
        "minecraft:water"
      ]
    },
    {
      "processor_type": "integrated_api:integrated_block_replace_processor",
      "input_block" : "minecraft:gilded_blackstone",
      "required_mod" : "supplementaries",
      "output_block" : "supplementaries:cannon",
      "probability" : 1
    },
    {
      "processor_type": "integrated_api:integrated_block_replace_processor",
      "input_block" : "minecraft:cyan_terracotta",
      "required_mod" : "quark",
      "output_block" : "quark:cyan_shingles",
      "probability" : 0.4
    },
    {
      "processor_type": "integrated_api:integrated_block_replace_processor",
      "input_block" : "minecraft:mud_bricks",
      "required_mod" : "betterarcheology",
      "output_block" : "betterarcheology:cracked_mud_bricks",
      "probability" : 0.3
    },
    {
      "processor_type": "integrated_api:integrated_block_replace_processor",
      "input_block" : "minecraft:dark_oak_planks",
      "required_mod" : "betterarcheology",
      "output_block" : "betterarcheology:rotten_planks",
      "probability" : 0.2
    },
    {
      "processor_type": "integrated_api:integrated_block_replace_processor",
      "input_block" : "supplementaries:fodder",
      "required_mod" : "quark",
      "output_block" : "quark:thatch",
      "probability" : 0.4
    },
    {
      "processor_type": "integrated_api:integrated_block_replace_processor",
      "input_block" : "minecraft:hay_block",
      "required_mod" : "quark",
      "output_block" : "quark:thatch",
      "probability" : 0.4
    },
    {
      "processor_type": "integrated_api:integrated_block_replace_processor",
      "input_block" : "minecraft:purple_stained_glass_pane",
      "required_mod" : "bountiful",
      "output_block" : "bountiful:bountyboard",
      "probability" : 1,
      "otherwise_block": "minecraft:stripped_spruce_log"
    },
    {
      "processor_type": "integrated_api:integrated_block_replace_processor",
      "input_block" : "minecraft:magenta_stained_glass_pane",
      "required_mod" : "paraglider",
      "output_block" : "paraglider:horned_statue",
      "probability" : 1,
      "otherwise_block": "minecraft:air"
    },
    {
      "processor_type": "integrated_villages:workstation_processor",
      "input_block" : "minecraft:magenta_glazed_terracotta",
      "workstation_type" : "generic",
      "enable_integration" : true
    },
    {
      "processor_type": "integrated_villages:workstation_processor",
      "input_block" : "minecraft:light_blue_glazed_terracotta",
      "workstation_type" : "librarian",
      "enable_integration" : true
    },
    {
      "processor_type": "integrated_villages:workstation_processor",
      "input_block" : "minecraft:purple_glazed_terracotta",
      "workstation_type" : "cleric",
      "enable_integration" : true
    },
    {
      "processor_type": "integrated_villages:workstation_processor",
      "input_block" : "minecraft:gray_glazed_terracotta",
      "workstation_type" : "mason",
      "enable_integration" : true
    },
    {
      "processor_type": "integrated_villages:workstation_processor",
      "input_block" : "minecraft:black_glazed_terracotta",
      "workstation_type" : "blacksmith",
      "enable_integration" : true
    },
    {
      "processor_type": "integrated_villages:workstation_processor",
      "input_block" : "minecraft:green_glazed_terracotta",
      "workstation_type" : "cartographer",
      "enable_integration" : true
    },
    {
      "processor_type": "integrated_villages:workstation_processor",
      "input_block" : "minecraft:pink_glazed_terracotta",
      "workstation_type" : "butcher",
      "enable_integration" : true
    },
    {
      "processor_type": "integrated_villages:workstation_processor",
      "input_block" : "minecraft:sponge",
      "workstation_type" : "leatherworker",
      "enable_integration" : true
    }
  ]
}