{
    "type": "apotheosis:attribute",
    "attribute": "attributeslib:experience_gained",
    "operation": "ADDITION",
    "values": {
		"common": {
			"min": 0.05,
			"steps": 1,
			"step": 0.0
		},
		"uncommon": {
			"min": 0.1,
			"steps": 1,
			"step": 0.0
		},
		"rare": {
			"min": 0.2,
			"steps": 1,
			"step": 0.0
		},
		"epic": {
			"min": 0.3,
			"steps": 1,
			"step": 0.0
		},
		"mythic": {
			"min": 0.4,
			"steps": 1,
			"step": 0.0
		},
		"ancient": {
			"min": 0.5,
			"steps": 1,
			"step": 0.0
		}
    },
    "types": [
        "curios:necklace"
    ]
}