{
	"credit": "Model generated using MrCrayfish's Model Creator (https://mrcrayfish.com/tools?id=mc)",
	"textures": {
		"mechanical_press_head": "create:block/mechanical_press_head",
		"mechanical_press_pole": "create:block/mechanical_press_pole"
	},
	"elements": [
		{
			"name": "Pole1Core",
			"from": [5.995, 5.9, 6],
			"to": [10.005, 14.9, 10],
			"faces": {
				"east": {"uv": [6, 5, 10, 14], "texture": "#mechanical_press_pole"},
				"west": {"uv": [6, 5, 10, 14], "texture": "#mechanical_press_pole"}
			}
		},
		{
			"name": "Pole2Core",
			"from": [5.995, 14.9, 6],
			"to": [10.005, 24.9, 10],
			"faces": {
				"east": {"uv": [6, 2, 10, 12], "texture": "#mechanical_press_pole"},
				"west": {"uv": [6, 2, 10, 12], "texture": "#mechanical_press_pole"},
				"up": {"uv": [11, 1, 15, 5], "rotation": 180, "texture": "#mechanical_press_pole"}
			}
		},
		{
			"name": "Pole1Side",
			"from": [5, 5.9, 5],
			"to": [11, 14.9, 6],
			"faces": {
				"north": {"uv": [0, 5, 6, 14], "texture": "#mechanical_press_pole"},
				"east": {"uv": [0, 5, 1, 14], "texture": "#mechanical_press_pole"},
				"south": {"uv": [10, 9, 11, 10], "texture": "#mechanical_press_pole"},
				"west": {"uv": [5, 5, 6, 14], "texture": "#mechanical_press_pole"}
			}
		},
		{
			"name": "Pole1Side",
			"from": [5, 5.9, 10],
			"to": [11, 14.9, 11],
			"faces": {
				"north": {"uv": [10, 9, 11, 10], "texture": "#mechanical_press_pole"},
				"east": {"uv": [0, 5, 1, 14], "texture": "#mechanical_press_pole"},
				"south": {"uv": [0, 5, 6, 14], "texture": "#mechanical_press_pole"},
				"west": {"uv": [5, 5, 6, 14], "texture": "#mechanical_press_pole"}
			}
		},
		{
			"name": "Pole2Side",
			"from": [5, 14.9, 10],
			"to": [11, 24.9, 11],
			"faces": {
				"north": {"uv": [10, 10, 11, 11], "texture": "#mechanical_press_pole"},
				"east": {"uv": [0, 2, 1, 12], "texture": "#mechanical_press_pole"},
				"south": {"uv": [0, 2, 6, 12], "texture": "#mechanical_press_pole"},
				"west": {"uv": [5, 2, 6, 12], "texture": "#mechanical_press_pole"},
				"up": {"uv": [6, 1, 0, 2], "rotation": 180, "texture": "#mechanical_press_pole"}
			}
		},
		{
			"name": "Pole2Side",
			"from": [5, 14.9, 5],
			"to": [11, 24.895, 6],
			"faces": {
				"north": {"uv": [0, 2, 6, 12], "texture": "#mechanical_press_pole"},
				"east": {"uv": [0, 2, 1, 12], "texture": "#mechanical_press_pole"},
				"south": {"uv": [10, 9, 11, 10], "texture": "#mechanical_press_pole"},
				"west": {"uv": [5, 2, 6, 12], "texture": "#mechanical_press_pole"},
				"up": {"uv": [6, 1, 0, 2], "rotation": 180, "texture": "#mechanical_press_pole"}
			}
		},
		{
			"name": "Head",
			"from": [3, 0, 3],
			"to": [13, 4, 13],
			"faces": {
				"north": {"uv": [1, 0, 11, 4], "texture": "#mechanical_press_head"},
				"east": {"uv": [1, 0, 11, 4], "texture": "#mechanical_press_head"},
				"south": {"uv": [1, 0, 11, 4], "texture": "#mechanical_press_head"},
				"west": {"uv": [1, 0, 11, 4], "texture": "#mechanical_press_head"},
				"up": {"uv": [1, 5, 11, 15], "rotation": 180, "texture": "#mechanical_press_head"},
				"down": {"uv": [1, 5, 11, 15], "rotation": 180, "texture": "#mechanical_press_head"}
			}
		},
		{
			"name": "CapPoleTop",
			"from": [5, 24.9, 5],
			"to": [11, 26.9, 11],
			"rotation": {"angle": 0, "axis": "y", "origin": [7, 25, 3]},
			"faces": {
				"north": {"uv": [10, 0, 16, 2], "texture": "#mechanical_press_pole"},
				"east": {"uv": [10, 0, 16, 2], "texture": "#mechanical_press_pole"},
				"south": {"uv": [10, 0, 16, 2], "texture": "#mechanical_press_pole"},
				"west": {"uv": [10, 0, 16, 2], "texture": "#mechanical_press_pole"},
				"up": {"uv": [10, 6, 16, 12], "texture": "#mechanical_press_pole"},
				"down": {"uv": [10, 6, 16, 12], "texture": "#mechanical_press_pole"}
			}
		},
		{
			"name": "CapPoleBottom",
			"from": [5, 3.9, 5],
			"to": [11, 5.9, 11],
			"rotation": {"angle": 0, "axis": "y", "origin": [7, 4, 3]},
			"faces": {
				"north": {"uv": [10, 2, 16, 4], "texture": "#mechanical_press_pole"},
				"east": {"uv": [10, 2, 16, 4], "texture": "#mechanical_press_pole"},
				"south": {"uv": [10, 2, 16, 4], "texture": "#mechanical_press_pole"},
				"west": {"uv": [10, 2, 16, 4], "texture": "#mechanical_press_pole"},
				"up": {"uv": [10, 6, 16, 12], "texture": "#mechanical_press_pole"},
				"down": {"uv": [0, 0, 6, 6], "texture": "#missing"}
			}
		},
		{
			"name": "Toothed1Pole",
			"from": [5, 20.9, 6],
			"to": [11, 21.9, 10],
			"rotation": {"angle": 0, "axis": "y", "origin": [10, 20, 6]},
			"faces": {
				"east": {"uv": [1, 0, 5, 1], "texture": "#mechanical_press_pole"},
				"west": {"uv": [1, 1, 5, 2], "texture": "#mechanical_press_pole"},
				"up": {"uv": [10, 12, 16, 16], "texture": "#mechanical_press_pole"},
				"down": {"uv": [10, 12, 16, 16], "texture": "#mechanical_press_pole"}
			}
		},
		{
			"name": "Toothed2Pole",
			"from": [5, 17.9, 6],
			"to": [11, 18.9, 10],
			"rotation": {"angle": 0, "axis": "y", "origin": [10, 17, 6]},
			"faces": {
				"east": {"uv": [1, 0, 5, 1], "texture": "#mechanical_press_pole"},
				"west": {"uv": [1, 1, 5, 2], "texture": "#mechanical_press_pole"},
				"up": {"uv": [10, 12, 16, 16], "texture": "#mechanical_press_pole"},
				"down": {"uv": [10, 12, 16, 16], "texture": "#mechanical_press_pole"}
			}
		},
		{
			"name": "Toothed3Pole",
			"from": [5, 14.9, 6],
			"to": [11, 15.9, 10],
			"rotation": {"angle": 0, "axis": "y", "origin": [10, 14, 6]},
			"faces": {
				"east": {"uv": [1, 0, 5, 1], "texture": "#mechanical_press_pole"},
				"west": {"uv": [1, 1, 5, 2], "texture": "#mechanical_press_pole"},
				"up": {"uv": [10, 12, 16, 16], "texture": "#mechanical_press_pole"},
				"down": {"uv": [10, 12, 16, 16], "texture": "#mechanical_press_pole"}
			}
		},
		{
			"name": "Toothed4Pole",
			"from": [5, 11.9, 6],
			"to": [11, 12.9, 10],
			"rotation": {"angle": 0, "axis": "y", "origin": [10, 11, 6]},
			"faces": {
				"east": {"uv": [1, 0, 5, 1], "texture": "#mechanical_press_pole"},
				"west": {"uv": [1, 1, 5, 2], "texture": "#mechanical_press_pole"},
				"up": {"uv": [10, 12, 16, 16], "texture": "#mechanical_press_pole"},
				"down": {"uv": [10, 12, 16, 16], "texture": "#mechanical_press_pole"}
			}
		},
		{
			"name": "Toothed5Pole",
			"from": [5, 8.9, 6],
			"to": [11, 9.9, 10],
			"rotation": {"angle": 0, "axis": "y", "origin": [10, 8, 6]},
			"faces": {
				"east": {"uv": [1, 0, 5, 1], "texture": "#mechanical_press_pole"},
				"west": {"uv": [1, 1, 5, 2], "texture": "#mechanical_press_pole"},
				"up": {"uv": [10, 12, 16, 16], "texture": "#mechanical_press_pole"},
				"down": {"uv": [10, 12, 16, 16], "texture": "#mechanical_press_pole"}
			}
		},
		{
			"name": "Toothed3Pole",
			"from": [5.5, 3.9, 6],
			"to": [10.5, 4.9, 10],
			"rotation": {"angle": 0, "axis": "y", "origin": [10, 3, 6]},
			"faces": {
				"east": {"uv": [11, 5, 15, 6], "texture": "#mechanical_press_pole"},
				"west": {"uv": [11, 5, 15, 6], "texture": "#mechanical_press_pole"},
				"up": {"uv": [10, 7, 16, 11], "texture": "#mechanical_press_pole"},
				"down": {"uv": [10, 7, 16, 11], "texture": "#mechanical_press_pole"}
			}
		}
	]
}