{
	"credit": "Made with Blockbench",
	"parent": "block/block",
	"textures": {
		"3": "create:block/chute",
		"4": "create:block/chute_large",
		"5": "create:block/chute_hole",
		"particle": "create:block/industrial_iron_block"
	},
	"elements": [
		{
			"from": [0, 0, 0],
			"to": [16, 16, 16],
			"faces": {
				"north": {"uv": [0, 0, 16, 16], "texture": "#particle"},
				"east": {"uv": [0, 0, 16, 16], "texture": "#particle"},
				"south": {"uv": [0, 0, 16, 16], "texture": "#particle"},
				"west": {"uv": [0, 0, 16, 16], "texture": "#particle"},
				"up": {"uv": [0, 0, 8, 8], "texture": "#4"},
				"down": {"uv": [0, 0, 8, 8], "texture": "#4"}
			}
		},
		{
			"from": [2.95, 14, 13.05],
			"to": [13.05, 16, 2.95],
			"faces": {
				"north": {"uv": [9.5, 3.5, 14.5, 4.5], "texture": "#3"},
				"east": {"uv": [9.5, 3.5, 14.5, 4.5], "texture": "#3"},
				"south": {"uv": [9.5, 3.5, 14.5, 4.5], "texture": "#3"},
				"west": {"uv": [9.5, 3.5, 14.5, 4.5], "texture": "#3"},
				"down": {"uv": [3, 3, 13, 13], "texture": "#5"}
			}
		},
		{
			"from": [4, -16, -1],
			"to": [12, -5.15, 0],
			"rotation": {"angle": 45, "axis": "x", "origin": [8, -16, 0]},
			"faces": {
				"east": {"uv": [6.5, 9.5, 7, 15], "texture": "#4"},
				"south": {"uv": [2, 9.5, 6, 15], "texture": "#4"},
				"west": {"uv": [1, 9.5, 1.5, 15], "texture": "#4"}
			}
		},
		{
			"from": [1.1, -11.8, 2],
			"to": [14.9, 0, 16],
			"rotation": {"angle": 45, "axis": "x", "origin": [8, 0, 16]},
			"faces": {
				"north": {"uv": [8.5, 9.5, 15.5, 15], "texture": "#4"},
				"east": {"uv": [8.5, 9.5, 15.5, 15], "texture": "#4"},
				"south": {"uv": [8.5, 9.5, 15.5, 15], "texture": "#4"},
				"west": {"uv": [8.5, 9.5, 15.5, 15], "texture": "#4"},
				"down": {"uv": [0.5, 8.5, 7.5, 15.5], "rotation": 180, "texture": "#3"}
			}
		},
		{
			"from": [2.1, -16, -13],
			"to": [13.9, -5.15, -1],
			"rotation": {"angle": 45, "axis": "x", "origin": [8, -16, 0]},
			"faces": {
				"north": {"uv": [9, 1.5, 15, 7], "texture": "#4"},
				"east": {"uv": [9, 1.5, 15, 7], "texture": "#4"},
				"south": {"uv": [9, 1.5, 15, 7], "texture": "#4"},
				"west": {"uv": [9, 1.5, 15, 7], "texture": "#4"}
			}
		}
	],
	"groups": [
		{
			"name": "group",
			"origin": [8, 8, 8],
			"color": 0,
			"children": [0, 1]
		},
		{
			"name": "group",
			"origin": [8, -16, 0],
			"color": 0,
			"children": [2, 3, 4]
		}
	]
}