{
	"credit": "Made with Blockbench",
	"textures": {
		"0": "create:block/girder",
		"particle": "create:block/girder"
	},
	"elements": [
		{
			"from": [5, 5, 0],
			"to": [11, 11, 16],
			"rotation": {"angle": 0, "axis": "y", "origin": [8, 5, 8]},
			"faces": {
				"north": {"uv": [4.5, 5, 7.5, 8], "texture": "#0"},
				"east": {"uv": [0, 8, 3, 16], "rotation": 90, "texture": "#0"},
				"south": {"uv": [4.5, 5, 7.5, 8], "texture": "#0"},
				"west": {"uv": [0, 8, 3, 16], "rotation": 90, "texture": "#0"},
				"up": {"uv": [0, 8, 3, 16], "texture": "#0"},
				"down": {"uv": [0, 8, 3, 16], "rotation": 180, "texture": "#0"}
			}
		}
	]
}