{
	"credit": "Made with Blockbench",
	"textures": {
		"1": "create:block/girder_pole",
		"2": "create:block/girder_pole_side",
		"particle": "create:block/industrial_iron_block"
	},
	"elements": [
		{
			"from": [4, 0, 4],
			"to": [12, 16, 12],
			"faces": {
				"north": {"uv": [4, 0, 12, 16], "texture": "#2"},
				"east": {"uv": [4, 0, 12, 16], "texture": "#2"},
				"south": {"uv": [4, 0, 12, 16], "texture": "#2"},
				"west": {"uv": [4, 0, 12, 16], "texture": "#2"},
				"up": {"uv": [8, 0, 16, 8], "texture": "#1"},
				"down": {"uv": [8, 0, 16, 8], "texture": "#1"}
			}
		}
	],
	"groups": [
		{
			"name": "Beam Pole",
			"origin": [0, 0, 0],
			"color": 0,
			"children": [0]
		}
	]
}