{
	"credit": "Made with Blockbench",
	"texture_size": [32, 32],
	"textures": {
		"0": "create:block/girder",
		"particle": "create:block/girder"
	},
	"elements": [
		{
			"name": "cube_segment",
			"from": [4, 4, 4],
			"to": [12, 12, 12],
			"faces": {
				"north": {"uv": [5, 0.5, 9, 4.5], "texture": "#0"},
				"east": {"uv": [5, 0.5, 9, 4.5], "texture": "#0"},
				"south": {"uv": [5, 0.5, 9, 4.5], "texture": "#0"},
				"west": {"uv": [5, 0.5, 9, 4.5], "texture": "#0"},
				"up": {"uv": [5, 0.5, 9, 4.5], "texture": "#0"},
				"down": {"uv": [5, 0.5, 9, 4.5], "texture": "#0"}
			}
		},
		{
			"from": [5, 5, 1],
			"to": [11, 11, 4],
			"rotation": {"angle": 0, "axis": "y", "origin": [5, 5, 0]},
			"faces": {
				"north": {"uv": [4.5, 5, 7.5, 8], "texture": "#0"},
				"east": {"uv": [9, 10.5, 10.5, 13.5], "texture": "#0"},
				"south": {"uv": [4.5, 5, 7.5, 8], "texture": "#0"},
				"west": {"uv": [13.5, 10.5, 15, 13.5], "texture": "#0"},
				"up": {"uv": [10.5, 13.5, 13.5, 15], "texture": "#0"},
				"down": {"uv": [10.5, 9, 13.5, 10.5], "texture": "#0"}
			}
		},
		{
			"from": [5, 5, 0],
			"to": [11, 11, 1],
			"faces": {
				"north": {"uv": [4.5, 5, 7.5, 8], "texture": "#0"},
				"east": {"uv": [0, 15.5, 3, 16], "rotation": 90, "texture": "#0"},
				"south": {"uv": [0, 0, 3, 3], "texture": "#missing"},
				"west": {"uv": [0, 15.5, 3, 16], "rotation": 90, "texture": "#0"},
				"up": {"uv": [0, 15.5, 3, 16], "texture": "#0"},
				"down": {"uv": [0, 15.5, 3, 16], "texture": "#0"}
			}
		},
		{
			"from": [12, 5, 5],
			"to": [15, 11, 11],
			"rotation": {"angle": 0, "axis": "y", "origin": [8, 5, 8]},
			"faces": {
				"north": {"uv": [13.5, 10.5, 15, 13.5], "texture": "#0"},
				"east": {"uv": [4.5, 5, 7.5, 8], "texture": "#0"},
				"south": {"uv": [9, 10.5, 10.5, 13.5], "texture": "#0"},
				"west": {"uv": [4.5, 5, 7.5, 8], "texture": "#0"},
				"up": {"uv": [10.5, 13.5, 13.5, 15], "rotation": 90, "texture": "#0"},
				"down": {"uv": [10.5, 9, 13.5, 10.5], "rotation": 270, "texture": "#0"}
			}
		},
		{
			"from": [15, 5, 5],
			"to": [16, 11, 11],
			"rotation": {"angle": 0, "axis": "y", "origin": [8, 5, 8]},
			"faces": {
				"north": {"uv": [0, 15.5, 3, 16], "rotation": 90, "texture": "#0"},
				"east": {"uv": [4.5, 5, 7.5, 8], "texture": "#0"},
				"south": {"uv": [0, 15.5, 3, 16], "rotation": 90, "texture": "#0"},
				"west": {"uv": [0, 0, 3, 3], "texture": "#missing"},
				"up": {"uv": [0, 15.5, 3, 16], "rotation": 90, "texture": "#0"},
				"down": {"uv": [0, 15.5, 3, 16], "rotation": 270, "texture": "#0"}
			}
		},
		{
			"from": [5, 5, 12],
			"to": [11, 11, 15],
			"rotation": {"angle": 0, "axis": "y", "origin": [8, 5, 8]},
			"faces": {
				"north": {"uv": [4.5, 5, 7.5, 8], "texture": "#0"},
				"east": {"uv": [13.5, 10.5, 15, 13.5], "texture": "#0"},
				"south": {"uv": [4.5, 5, 7.5, 8], "texture": "#0"},
				"west": {"uv": [9, 10.5, 10.5, 13.5], "texture": "#0"},
				"up": {"uv": [10.5, 13.5, 13.5, 15], "rotation": 180, "texture": "#0"},
				"down": {"uv": [10.5, 9, 13.5, 10.5], "rotation": 180, "texture": "#0"}
			}
		},
		{
			"from": [5, 5, 15],
			"to": [11, 11, 16],
			"rotation": {"angle": 0, "axis": "y", "origin": [8, 5, 8]},
			"faces": {
				"north": {"uv": [0, 0, 3, 3], "texture": "#missing"},
				"east": {"uv": [0, 15.5, 3, 16], "rotation": 90, "texture": "#0"},
				"south": {"uv": [4.5, 5, 7.5, 8], "texture": "#0"},
				"west": {"uv": [0, 15.5, 3, 16], "rotation": 90, "texture": "#0"},
				"up": {"uv": [3, 15.5, 0, 16], "rotation": 180, "texture": "#0"},
				"down": {"uv": [0, 15.5, 3, 16], "rotation": 180, "texture": "#0"}
			}
		},
		{
			"from": [1, 5, 5],
			"to": [4, 11, 11],
			"rotation": {"angle": 0, "axis": "y", "origin": [8, 5, 8]},
			"faces": {
				"north": {"uv": [9, 10.5, 10.5, 13.5], "texture": "#0"},
				"east": {"uv": [4.5, 5, 7.5, 8], "texture": "#0"},
				"south": {"uv": [13.5, 10.5, 15, 13.5], "texture": "#0"},
				"west": {"uv": [4.5, 5, 7.5, 8], "texture": "#0"},
				"up": {"uv": [10.5, 13.5, 13.5, 15], "rotation": 270, "texture": "#0"},
				"down": {"uv": [10.5, 9, 13.5, 10.5], "rotation": 90, "texture": "#0"}
			}
		},
		{
			"from": [0, 5, 5],
			"to": [1, 11, 11],
			"rotation": {"angle": 0, "axis": "y", "origin": [8, 5, 8]},
			"faces": {
				"north": {"uv": [0, 15.5, 3, 16], "rotation": 90, "texture": "#0"},
				"east": {"uv": [0, 0, 3, 3], "texture": "#missing"},
				"south": {"uv": [0, 15.5, 3, 16], "rotation": 90, "texture": "#0"},
				"west": {"uv": [4.5, 5, 7.5, 8], "texture": "#0"},
				"up": {"uv": [3, 15.5, 0, 16], "rotation": 270, "texture": "#0"},
				"down": {"uv": [0, 15.5, 3, 16], "rotation": 90, "texture": "#0"}
			}
		}
	],
	"groups": [
		0,
		{
			"name": "group",
			"origin": [0, 0, 0],
			"color": 0,
			"children": [1, 2]
		},
		{
			"name": "group",
			"origin": [0, 0, 0],
			"color": 0,
			"children": [3, 4]
		},
		{
			"name": "group",
			"origin": [0, 0, 0],
			"color": 0,
			"children": [5, 6]
		},
		{
			"name": "group",
			"origin": [0, 0, 0],
			"color": 0,
			"children": [7, 8]
		}
	]
}