{
	"credit": "Made with Blockbench",
	"texture_size": [32, 32],
	"textures": {
		"0": "create:block/girder",
		"particle": "create:block/girder"
	},
	"elements": [
		{
			"name": "cube_segment",
			"from": [3, 3, 3],
			"to": [13, 13, 13],
			"faces": {
				"north": {"uv": [4.5, 0, 9.5, 5], "texture": "#0"},
				"east": {"uv": [4.5, 0, 9.5, 5], "texture": "#0"},
				"south": {"uv": [4.5, 0, 9.5, 5], "texture": "#0"},
				"west": {"uv": [4.5, 0, 9.5, 5], "texture": "#0"},
				"up": {"uv": [4.5, 0, 9.5, 5], "texture": "#0"},
				"down": {"uv": [4.5, 0, 9.5, 5], "texture": "#0"}
			}
		},
		{
			"name": "cube_link_east",
			"from": [13, 5, 5],
			"to": [16, 11, 11],
			"faces": {
				"north": {"uv": [9, 10.5, 10.5, 13.5], "texture": "#0"},
				"east": {"uv": [7.5, 5, 10.5, 8], "texture": "#0"},
				"south": {"uv": [9, 10.5, 10.5, 13.5], "texture": "#0"},
				"up": {"uv": [10.5, 13.5, 13.5, 15], "rotation": 90, "texture": "#0"},
				"down": {"uv": [10.5, 9, 13.5, 10.5], "rotation": 270, "texture": "#0"}
			}
		},
		{
			"name": "cube_link_west",
			"from": [0, 5, 5],
			"to": [3, 11, 11],
			"faces": {
				"north": {"uv": [9, 10.5, 10.5, 13.5], "texture": "#0"},
				"south": {"uv": [10.5, 10.5, 9, 13.5], "texture": "#0"},
				"west": {"uv": [7.5, 5, 10.5, 8], "texture": "#0"},
				"up": {"uv": [10.5, 13.5, 13.5, 15], "rotation": 270, "texture": "#0"},
				"down": {"uv": [10.5, 9, 13.5, 10.5], "rotation": 270, "texture": "#0"}
			}
		},
		{
			"name": "cube_link_north",
			"from": [5, 5, 0],
			"to": [11, 11, 3],
			"rotation": {"angle": 0, "axis": "y", "origin": [8, 0, 8]},
			"faces": {
				"north": {"uv": [7.5, 5, 10.5, 8], "texture": "#0"},
				"east": {"uv": [9, 10.5, 10.5, 13.5], "texture": "#0"},
				"west": {"uv": [10.5, 10.5, 9, 13.5], "texture": "#0"},
				"up": {"uv": [10.5, 13.5, 13.5, 15], "texture": "#0"},
				"down": {"uv": [10.5, 9, 13.5, 10.5], "rotation": 180, "texture": "#0"}
			}
		},
		{
			"name": "cube_link_south",
			"from": [5, 5, 13],
			"to": [11, 11, 16],
			"rotation": {"angle": 0, "axis": "y", "origin": [8, 0, 8]},
			"faces": {
				"east": {"uv": [9, 10.5, 10.5, 13.5], "texture": "#0"},
				"south": {"uv": [7.5, 5, 10.5, 8], "texture": "#0"},
				"west": {"uv": [9, 10.5, 10.5, 13.5], "texture": "#0"},
				"up": {"uv": [10.5, 13.5, 13.5, 15], "rotation": 180, "texture": "#0"},
				"down": {"uv": [10.5, 9, 13.5, 10.5], "rotation": 180, "texture": "#0"}
			}
		},
		{
			"name": "cube_link_top",
			"from": [4, 13, 4],
			"to": [12, 16, 12],
			"faces": {
				"north": {"uv": [10.5, 12, 13.5, 13.5], "texture": "#0"},
				"east": {"uv": [10.5, 12, 13.5, 13.5], "texture": "#0"},
				"south": {"uv": [10.5, 12, 13.5, 13.5], "texture": "#0"},
				"west": {"uv": [10.5, 12, 13.5, 13.5], "texture": "#0"},
				"up": {"uv": [0, 0, 4, 4], "texture": "#0"},
				"down": {"uv": [10.5, 12, 13.5, 13.5], "texture": "#0"}
			}
		},
		{
			"name": "cube_link_top",
			"from": [4, 0, 4],
			"to": [12, 3, 12],
			"rotation": {"angle": 0, "axis": "y", "origin": [0, -13, 0]},
			"faces": {
				"north": {"uv": [10, 10.5, 14, 12], "texture": "#0"},
				"east": {"uv": [10, 10.5, 14, 12], "texture": "#0"},
				"south": {"uv": [10, 10.5, 14, 12], "texture": "#0"},
				"west": {"uv": [10, 10.5, 14, 12], "texture": "#0"},
				"up": {"uv": [10, 10.5, 14, 12], "texture": "#0"},
				"down": {"uv": [0, 0, 4, 4], "texture": "#0"}
			}
		}
	]
}