{
	"textures": {
		"edge": "create:block/bars/andesite_bars",
		"particle": "create:block/bars/andesite_bars"
	},
	"elements": [
		{
			"name": "cube",
			"from": [7, 0.001, 7],
			"to": [9, 0.001, 9],
			"faces": {
				"up": {"uv": [7, 2, 9, 4], "texture": "#edge"},
				"down": {"uv": [7, 2, 9, 4], "texture": "#edge"}
			}
		},
		{
			"name": "cube",
			"from": [7, 15.999, 7],
			"to": [9, 15.999, 9],
			"faces": {
				"up": {"uv": [7, 2, 9, 4], "texture": "#edge"},
				"down": {"uv": [7, 2, 9, 4], "texture": "#edge"}
			}
		}
	],
	"ambientocclusion": false
}