{
	"credit": "Made with Blockbench",
	"textures": {
		"particle": "#wall"
	},
	"elements": [
		{
			"from": [5, 0, 0],
			"to": [11, 16, 8],
			"faces": {
				"north": {"uv": [0, 1, 16, 7], "rotation": 90, "texture": "#wall"},
				"east": {"uv": [0, 0, 8, 16], "texture": "#wall"},
				"south": {"uv": [0, 1, 16, 7], "rotation": 90, "texture": "#wall"},
				"west": {"uv": [8, 0, 16, 16], "texture": "#wall"},
				"up": {"uv": [8, 9, 16, 15], "rotation": 90, "texture": "#wall"},
				"down": {"uv": [8, 9, 16, 15], "rotation": 90, "texture": "#wall"}
			}
		}
	]
}