{
	"credit": "Made with Blockbench",
	"textures": {
		"particle": "#wall_post"
	},
	"elements": [
		{
			"from": [4, 0, 4],
			"to": [12, 16, 12],
			"faces": {
				"north": {"uv": [0, 0, 8, 16], "texture": "#wall_post"},
				"east": {"uv": [0, 0, 8, 16], "texture": "#wall_post"},
				"south": {"uv": [0, 0, 8, 16], "texture": "#wall_post"},
				"west": {"uv": [0, 0, 8, 16], "texture": "#wall_post"},
				"up": {"uv": [16, 8, 8, 0], "texture": "#wall_post"},
				"down": {"uv": [16, 0, 8, 8], "texture": "#wall_post"}
			}
		}
	]
}