{
	"textures": {
        "particle" : "#0"
	},
	"elements": [
		{
			"from": [2, 0, 14],
			"to": [4, 16, 16],
			"faces": {
				"north": {"uv": [12, 0, 14, 16], "texture": "#0"},
				"east": {"uv": [4, 0, 2, 16], "texture": "#0"},
				"south": {"uv": [2, 0, 4, 16], "texture": "#0"},
				"west": {"uv": [12, 0, 14, 16], "texture": "#0"},
				"up": {"uv": [7, 3, 9, 5], "texture": "#0"},
				"down": {"uv": [12, 14, 14, 16], "texture": "#0"}
			}
		},
		{
			"from": [12, 0, 14],
			"to": [14, 16, 16],
			"faces": {
				"north": {"uv": [2, 0, 4, 16], "texture": "#0"},
				"east": {"uv": [14, 0, 12, 16], "texture": "#0"},
				"south": {"uv": [12, 0, 14, 16], "texture": "#0"},
				"west": {"uv": [2, 0, 4, 16], "texture": "#0"},
				"up": {"uv": [7, 3, 9, 5], "texture": "#0"},
				"down": {"uv": [2, 14, 4, 16], "texture": "#0"}
			}
		},
		{
			"from": [1, 11, 14.5],
			"to": [15, 13, 15.5],
			"faces": {
				"north": {"uv": [1, 3, 15, 5], "texture": "#0"},
				"east": {"uv": [1, 3, 2, 5], "texture": "#0"},
				"south": {"uv": [1, 3, 15, 5], "texture": "#0"},
				"west": {"uv": [14, 3, 15, 5], "texture": "#0"},
				"up": {"uv": [1, 3, 15, 4], "texture": "#0"},
				"down": {"uv": [1, 4, 15, 5], "texture": "#0"}
			}
		},
		{
			"from": [1, 3, 14.5],
			"to": [15, 5, 15.5],
			"faces": {
				"north": {"uv": [1, 11, 15, 13], "texture": "#0"},
				"east": {"uv": [1, 11, 2, 13], "texture": "#0"},
				"south": {"uv": [1, 11, 15, 13], "texture": "#0"},
				"west": {"uv": [14, 11, 15, 13], "texture": "#0"},
				"up": {"uv": [1, 11, 15, 12], "texture": "#0"},
				"down": {"uv": [1, 12, 15, 13], "texture": "#0"}
			}
		}
	]
}