{
	"format_version": "1.21.6",
	"credit": "Made with Blockbench",
	"loader": "forge:composite",
	"parent": "block/block",
	"ambientocclusion": false,
	"textures": {
		"0": "create:block/stock_ticker",
		"particle": "create:block/andesite_casing"
	},
	"children": {
		"base": {
			"render_type": "minecraft:cutout_mipped",
			"textures": {
		"0": "create:block/stock_ticker",
		"particle": "create:block/andesite_casing"
	},
	
	
	"elements": [
		{
			"from": [1, 0, 1],
			"to": [15, 4, 15],
			"rotation": {"angle": 0, "axis": "y", "origin": [11, 4, 4]},
			"faces": {
				"north": {"uv": [0, 7, 7, 9], "texture": "#0"},
				"east": {"uv": [0, 7, 7, 9], "texture": "#0"},
				"south": {"uv": [0, 7, 7, 9], "texture": "#0"},
				"west": {"uv": [0, 7, 7, 9], "texture": "#0"},
				"up": {"uv": [0, 0, 7, 7], "texture": "#0"},
				"down": {"uv": [0, 9, 7, 16], "texture": "#0"}
			}
		},
		{
			"from": [4, 0, 0],
			"to": [12, 4, 1],
			"rotation": {"angle": 0, "axis": "y", "origin": [6, 0, 0]},
			"faces": {
				"north": {"uv": [7, 0, 11, 2], "rotation": 180, "texture": "#0"},
				"east": {"uv": [8, 2.5, 10, 3], "rotation": 270, "texture": "#0"},
				"west": {"uv": [8, 2.5, 10, 3], "rotation": 270, "texture": "#0"},
				"up": {"uv": [7, 2, 11, 2.5], "texture": "#0"},
				"down": {"uv": [8, 2.5, 8.5, 3], "texture": "#0"}
			}
		},
		{
			"from": [4.5, 3, 12],
			"to": [11.5, 5, 16],
			"rotation": {"angle": 0, "axis": "y", "origin": [4, 3, 12]},
			"faces": {
				"north": {"uv": [14, 11, 13, 14.5], "rotation": 90, "texture": "#0"},
				"east": {"uv": [16, 14.5, 14, 15.5], "texture": "#0"},
				"south": {"uv": [14, 11, 13, 14.5], "rotation": 90, "texture": "#0"},
				"west": {"uv": [14, 14.5, 16, 15.5], "texture": "#0"},
				"up": {"uv": [14, 11, 16, 14.5], "rotation": 90, "texture": "#0"}
			}
		},
		{
			"from": [6, -3, -0.1],
			"to": [10, 2, -0.1],
			"rotation": {"angle": 0, "axis": "y", "origin": [6, -3, 0]},
			"faces": {
				"north": {"uv": [14, 0, 16, 2.5], "texture": "#0"},
				"south": {"uv": [14, 0, 15.5, 2.5], "texture": "#0"}
			}
		},
		{
			"from": [6, 2, -0.1],
			"to": [10, 2, 0.9],
			"rotation": {"angle": 0, "axis": "x", "origin": [7, 2, -0.1]},
			"faces": {
				"up": {"uv": [14, 2.5, 16, 3], "rotation": 180, "texture": "#0"},
				"down": {"uv": [14, 2.5, 15.5, 3], "texture": "#0"}
			}
		},
		{
			"from": [6, 7.2, 7],
			"to": [10, 7.2, 11.5],
			"rotation": {"angle": -22.5, "axis": "x", "origin": [7, 7, 14]},
			"faces": {
				"up": {"uv": [14, 0, 16, 3], "rotation": 180, "texture": "#0"},
				"down": {"uv": [14, 0, 16, 3], "texture": "#0"}
			}
		},
		{
			"name": "TicketShaft",
			"from": [2.1, 9, 9],
			"to": [13.9, 11, 11],
			"rotation": {"angle": 0, "axis": "y", "origin": [5, 9, 9]},
			"faces": {
				"north": {"uv": [8, 7, 11, 8], "rotation": 180, "texture": "#0"},
				"east": {"uv": [11.5, 7, 12.5, 8], "texture": "#0"},
				"south": {"uv": [8, 7, 11, 8], "rotation": 180, "texture": "#0"},
				"west": {"uv": [11.5, 7, 12.5, 8], "texture": "#0"},
				"up": {"uv": [8, 7, 11, 8], "rotation": 180, "texture": "#0"},
				"down": {"uv": [8, 7, 11, 7.5], "texture": "#0"}
			}
		},
		{
			"from": [6, 7, 7],
			"to": [10, 13, 13],
			"rotation": {"angle": 22.5, "axis": "x", "origin": [6, 10, 10]},
			"faces": {
				"north": {"uv": [14, 0, 16, 3], "texture": "#0"},
				"east": {"uv": [11, 0, 14, 3], "texture": "#0"},
				"south": {"uv": [14, 0, 16, 3], "texture": "#0"},
				"west": {"uv": [11, 0, 14, 3], "texture": "#0"},
				"up": {"uv": [14, 0, 16, 3], "texture": "#0"},
				"down": {"uv": [14, 0, 16, 3], "texture": "#0"}
			}
		},
		{
			"from": [3, 4, 8],
			"to": [4, 12, 12],
			"rotation": {"angle": 0, "axis": "y", "origin": [3, 4, 9]},
			"faces": {
				"north": {"uv": [1, 1, 1.5, 5], "texture": "#0"},
				"east": {"uv": [0.5, 9.5, 2.5, 13.5], "texture": "#0"},
				"south": {"uv": [0.5, 0.5, 1, 4.5], "texture": "#0"},
				"west": {"uv": [0.5, 9.5, 2.5, 13.5], "texture": "#0"},
				"up": {"uv": [1, 2.5, 1.5, 4.5], "texture": "#0"},
				"down": {"uv": [0, 0, 1, 4], "texture": "#missing"}
			}
		},
		{
			"from": [12, 4, 8],
			"to": [13, 12, 12],
			"rotation": {"angle": 0, "axis": "y", "origin": [12, 4, 9]},
			"faces": {
				"north": {"uv": [1, 1, 1.5, 5], "texture": "#0"},
				"east": {"uv": [0.5, 9.5, 2.5, 13.5], "texture": "#0"},
				"south": {"uv": [0.5, 0.5, 1, 4.5], "texture": "#0"},
				"west": {"uv": [0.5, 9.5, 2.5, 13.5], "texture": "#0"},
				"up": {"uv": [1, 1, 1.5, 3], "texture": "#0"},
				"down": {"uv": [0, 0, 1, 4], "texture": "#missing"}
			}
		},
		{
			"from": [3, 4, 7],
			"to": [13, 5, 8],
			"rotation": {"angle": 0, "axis": "y", "origin": [0, 4, 6]},
			"faces": {
				"north": {"uv": [1.5, 10, 2, 15], "rotation": 90, "texture": "#0"},
				"east": {"uv": [2, 14, 2.5, 14.5], "texture": "#0"},
				"south": {"uv": [11.5, 6, 16, 6.5], "texture": "#0"},
				"west": {"uv": [0.5, 14, 1, 14.5], "texture": "#0"},
				"up": {"uv": [3.5, 10, 4, 15], "rotation": 90, "texture": "#0"},
				"down": {"uv": [0, 0, 10, 1], "texture": "#missing"}
			}
		}
	]
	},
	
	"ClocheGlass": {
			"render_type": "minecraft:translucent",
			"textures": {
		       "0": "create:block/stock_ticker"
	        },
			"elements": [
				
						
			{
				"from": [2, 4, 2],
				"to": [14, 16, 14],
				"rotation": {"angle": 0, "axis": "y", "origin": [2, 4, 2]},
				"faces": {
					"north": {"uv": [7, 10, 13, 16], "texture": "#0"},
					"east": {"uv": [7, 10, 13, 16], "texture": "#0"},
					"south": {"uv": [7, 10, 13, 16], "texture": "#0"},
					"west": {"uv": [7, 10, 13, 16], "texture": "#0"},
					"up": {"uv": [7, 10, 13, 16], "texture": "#0"}
				}
			}
		]
	}
	},
	"display": {
		"thirdperson_righthand": {
			"rotation": [75, 45, 0],
			"translation": [0, 2.5, 0],
			"scale": [0.375, 0.375, 0.375]
		},
		"thirdperson_lefthand": {
			"rotation": [75, 45, 0],
			"translation": [0, 2.5, 0],
			"scale": [0.375, 0.375, 0.375]
		},
		"firstperson_righthand": {
			"rotation": [0, 45, 0],
			"scale": [0.4, 0.4, 0.4]
		},
		"firstperson_lefthand": {
			"rotation": [0, 225, 0],
			"scale": [0.4, 0.4, 0.4]
		},
		"ground": {
			"translation": [0, 3, 0],
			"scale": [0.25, 0.25, 0.25]
		},
		"gui": {
			"rotation": [30, 225, 0],
			"translation": [0, 1.5, 0],
			"scale": [0.625, 0.625, 0.625]
		},
		"fixed": {
			"rotation": [270, 0, 0],
			"translation": [0, 0, -4],
			"scale": [0.5, 0.5, 0.5]
		}
	}
}