{
  "variant": "ballast",
  "weight": 10,
  "quality": 0,
  "dimensions": [],
  "bonuses": [
    {
      "type": "apotheosis:attribute",
      "gem_class": {
        "key": "light_weapon",
        "types": [
          "sword",
          "trident"
        ]
      },
      "attribute": "minecraft:generic.attack_damage",
      "operation": "ADDITION",
      "values": {
        "common": 0.35,
        "uncommon": 0.7,
        "rare": 1.225,
        "epic": 1.75,
        "mythic": 2.45,
        "ancient": 3.5
      }
    },
    {
      "type": "apotheosis:attribute",
      "gem_class": {
        "key": "heavy_weapon",
        "types": [
          "heavy_weapon"
        ]
      },
      "attribute": "minecraft:generic.attack_damage",
      "operation": "ADDITION",
      "values": {
        "common": 0.7,
        "uncommon": 1.4,
        "rare": 1.75,
        "epic": 2.45,
        "mythic": 3.15,
        "ancient": 4.55
      }
    },
    {
      "type": "apotheosis:durability",
      "gem_class": {
        "key": "breaker",
        "types": [
          "pickaxe",
          "shovel"
        ]
      },
      "values": {
        "common": 0.035,
        "uncommon": 0.0525,
        "rare": 0.0875,
        "epic": 0.1225,
        "mythic": 0.1575,
        "ancient": 0.21
      }
    },
    {
      "type": "apotheosis:attribute",
      "gem_class": {
        "key": "core_armor",
        "types": [
          "chestplate",
          "leggings"
        ]
      },
      "attribute": "minecraft:generic.knockback_resistance",
      "operation": "ADDITION",
      "values": {
        "common": 0.035,
        "uncommon": 0.07,
        "rare": 0.105,
        "epic": 0.14,
        "mythic": 0.175,
        "ancient": 0.245
      }
    }
  ]
}