{
  "variant": "brawlers",
  "weight": 10,
  "quality": 0,
  "dimensions": [],
  "bonuses": [
    {
      "type": "apotheosis:attribute",
      "gem_class": {
        "key": "light_weapon",
        "types": [
          "sword",
          "trident"
        ]
      },
      "attribute": "minecraft:generic.attack_speed",
      "operation": "MULTIPLY_BASE",
      "values": {
        "common": 0.035,
        "uncommon": 0.0525,
        "rare": 0.07,
        "epic": 0.0875,
        "mythic": 0.1225,
        "ancient": 0.175
      }
    },
    {
      "type": "apotheosis:attribute",
      "gem_class": {
        "key": "core_armor",
        "types": [
          "leggings",
          "chestplate"
        ]
      },
      "attribute": "minecraft:generic.max_health",
      "operation": "ADDITION",
      "values": {
        "common": 0.35,
        "uncommon": 0.7,
        "rare": 1.4,
        "epic": 2.1,
        "mythic": 2.8,
        "ancient": 3.5
      }
    },
    {
      "type": "apotheosis:attribute",
      "gem_class": {
        "key": "heavy_weapon",
        "types": [
          "heavy_weapon"
        ]
      },
      "attribute": "attributeslib:armor_pierce",
      "operation": "ADDITION",
      "values": {
        "common": 0.35,
        "uncommon": 0.875,
        "rare": 1.75,
        "epic": 2.45,
        "mythic": 3.15,
        "ancient": 4.9
      }
    },
    {
      "type": "apotheosis:attribute",
      "gem_class": {
        "key": "shield",
        "types": [
          "shield"
        ]
      },
      "attribute": "minecraft:generic.max_health",
      "operation": "MULTIPLY_TOTAL",
      "values": {
        "common": 0.0175,
        "uncommon": 0.035,
        "rare": 0.0525,
        "epic": 0.07,
        "mythic": 0.0875,
        "ancient": 0.105
      }
    }
  ]
}