{
  "variant": "breach",
  "weight": 10,
  "quality": 0,
  "dimensions": [],
  "bonuses": [
    {
      "type": "apotheosis:attribute",
      "gem_class": {
        "key": "light_weapon",
        "types": [
          "sword",
          "trident"
        ]
      },
      "attribute": "attributeslib:armor_pierce",
      "operation": "ADDITION",
      "values": {
        "common": 0.175,
        "uncommon": 0.35,
        "rare": 0.7,
        "epic": 0.9625,
        "mythic": 1.225,
        "ancient": 1.925
      }
    },
    {
      "type": "apotheosis:attribute",
      "gem_class": {
        "key": "heavy_weapon",
        "types": [
          "heavy_weapon"
        ]
      },
      "attribute": "attributeslib:armor_shred",
      "operation": "ADDITION",
      "values": {
        "common": 0.0175,
        "uncommon": 0.035,
        "rare": 0.0437,
        "epic": 0.0525,
        "mythic": 0.0612,
        "ancient": 0.0875
      }
    },
    {
      "type": "apotheosis:attribute",
      "gem_class": {
        "key": "breaker",
        "types": [
          "shovel",
          "pickaxe"
        ]
      },
      "attribute": "forge:block_reach",
      "operation": "ADDITION",
      "values": {
        "common": 0.175,
        "uncommon": 0.35,
        "rare": 0.525,
        "epic": 0.7,
        "mythic": 0.875,
        "ancient": 1.05
      }
    },
    {
      "type": "apotheosis:attribute",
      "gem_class": {
        "key": "ranged_weapon",
        "types": [
          "bow",
          "crossbow"
        ]
      },
      "attribute": "attributeslib:prot_pierce",
      "operation": "ADDITION",
      "values": {
        "common": 0.175,
        "uncommon": 0.35,
        "rare": 0.7,
        "epic": 1.05,
        "mythic": 1.4,
        "ancient": 1.75
      }
    }
  ]
}