{
  "variant": "combatant",
  "weight": 10,
  "quality": 0,
  "dimensions": [],
  "unique": true,
  "bonuses": [
    {
      "type": "apotheosis:attribute",
      "gem_class": {
        "key": "ranged_weapon",
        "types": [
          "trident",
          "bow",
          "crossbow"
        ]
      },
      "attribute": "attributeslib:arrow_damage",
      "operation": "MULTIPLY_BASE",
      "values": {
        "common": 0.0175,
        "uncommon": 0.0525,
        "rare": 0.07,
        "epic": 0.105,
        "mythic": 0.14,
        "ancient": 0.175
      }
    },
    {
      "type": "apotheosis:damage_reduction",
      "gem_class": {
        "key": "core_armor",
        "types": [
          "chestplate",
          "leggings"
        ]
      },
      "damage_type": "physical",
      "values": {
        "common": 0.0175,
        "uncommon": 0.0262,
        "rare": 0.0437,
        "epic": 0.0612,
        "mythic": 0.0788,
        "ancient": 0.0963
      }
    },
    {
      "type": "apotheosis:durability",
      "gem_class": {
        "key": "melee_weapon",
        "types": [
          "sword",
          "heavy_weapon"
        ]
      },
      "values": {
        "common": 0.0175,
        "uncommon": 0.035,
        "rare": 0.0525,
        "epic": 0.0788,
        "mythic": 0.105,
        "ancient": 0.14
      }
    }
  ]
}