{
  "variant": "guardian",
  "weight": 10,
  "quality": 0,
  "dimensions": [],
  "bonuses": [
    {
      "type": "apotheosis:attribute",
      "gem_class": {
        "key": "core_armor",
        "types": [
          "chestplate",
          "leggings"
        ]
      },
      "attribute": "minecraft:generic.armor",
      "operation": "ADDITION",
      "values": {
        "common": 0.175,
        "uncommon": 0.35,
        "rare": 0.875,
        "epic": 1.4,
        "mythic": 2.1,
        "ancient": 2.8
      }
    },
    {
      "type": "apotheosis:attribute",
      "gem_class": {
        "key": "light_weapon",
        "types": [
          "sword",
          "trident"
        ]
      },
      "attribute": "attributeslib:life_steal",
      "operation": "ADDITION",
      "values": {
        "common": 0.0175,
        "uncommon": 0.035,
        "rare": 0.0525,
        "epic": 0.07,
        "mythic": 0.0875,
        "ancient": 0.105
      }
    },
    {
      "type": "apotheosis:attribute",
      "gem_class": {
        "key": "heavy_weapon",
        "types": [
          "heavy_weapon"
        ]
      },
      "attribute": "attributeslib:overheal",
      "operation": "ADDITION",
      "values": {
        "common": 0.0175,
        "uncommon": 0.035,
        "rare": 0.0525,
        "epic": 0.07,
        "mythic": 0.0875,
        "ancient": 0.105
      }
    },
    {
      "type": "apotheosis:attribute",
      "gem_class": {
        "key": "shield",
        "types": [
          "shield"
        ]
      },
      "attribute": "minecraft:generic.armor",
      "operation": "MULTIPLY_TOTAL",
      "values": {
        "common": 0.0175,
        "uncommon": 0.035,
        "rare": 0.07,
        "epic": 0.0875,
        "mythic": 0.105,
        "ancient": 0.1575
      }
    }
  ]
}