{
  "variant": "lightning",
  "weight": 10,
  "quality": 0,
  "dimensions": [],
  "bonuses": [
    {
      "type": "apotheosis:attribute",
      "gem_class": {
        "key": "ranged_weapon",
        "types": [
          "bow",
          "crossbow"
        ]
      },
      "attribute": "attributeslib:arrow_velocity",
      "operation": "MULTIPLY_BASE",
      "values": {
        "common": 0.0175,
        "uncommon": 0.0525,
        "rare": 0.0875,
        "epic": 0.1225,
        "mythic": 0.1487,
        "ancient": 0.1925
      }
    },
    {
      "type": "apotheosis:attribute",
      "gem_class": {
        "key": "breaker",
        "types": [
          "shovel",
          "pickaxe"
        ]
      },
      "attribute": "attributeslib:mining_speed",
      "operation": "ADDITION",
      "values": {
        "common": 0.0175,
        "uncommon": 0.0525,
        "rare": 0.0875,
        "epic": 0.1225,
        "mythic": 0.1487,
        "ancient": 0.175
      }
    },
    {
      "type": "apotheosis:attribute",
      "gem_class": {
        "key": "lower_armor",
        "types": [
          "boots",
          "leggings"
        ]
      },
      "attribute": "minecraft:generic.movement_speed",
      "operation": "MULTIPLY_TOTAL",
      "values": {
        "common": 0.035,
        "uncommon": 0.0788,
        "rare": 0.1312,
        "epic": 0.14,
        "mythic": 0.1925,
        "ancient": 0.245
      }
    }
  ]
}