{
  "variant": "lunar",
  "weight": 10,
  "quality": 0,
  "dimensions": [],
  "bonuses": [
    {
      "type": "apotheosis:attribute",
      "gem_class": {
        "key": "light_weapon",
        "types": [
          "sword",
          "trident"
        ]
      },
      "attribute": "attributeslib:cold_damage",
      "operation": "ADDITION",
      "values": {
        "common": 0.35,
        "uncommon": 0.525,
        "rare": 0.875,
        "epic": 1.4,
        "mythic": 2.1,
        "ancient": 2.8
      }
    },
    {
      "type": "apotheosis:attribute",
      "gem_class": {
        "key": "core_armor",
        "types": [
          "chestplate",
          "leggings"
        ]
      },
      "attribute": "forge:entity_gravity",
      "operation": "MULTIPLY_TOTAL",
      "values": {
        "common": -0.035,
        "uncommon": -0.0875,
        "rare": -0.1575,
        "epic": -0.2275,
        "mythic": -0.2975,
        "ancient": -0.364
      }
    },
    {
      "type": "apotheosis:attribute",
      "gem_class": {
        "key": "boots",
        "types": [
          "boots"
        ]
      },
      "attribute": "forge:swim_speed",
      "operation": "MULTIPLY_BASE",
      "values": {
        "common": 0.035,
        "uncommon": 0.07,
        "rare": 0.105,
        "epic": 0.1575,
        "mythic": 0.21,
        "ancient": 0.28
      }
    }
  ]
}