{
  "variant": "samurai",
  "weight": 10,
  "quality": 0,
  "dimensions": [],
  "unique": true,
  "bonuses": [
    {
      "type": "apotheosis:attribute",
      "gem_class": {
        "key": "light_ranged",
        "types": [
          "sword",
          "trident",
          "bow",
          "crossbow"
        ]
      },
      "attribute": "attributeslib:crit_chance",
      "operation": "ADDITION",
      "values": {
        "common": 0.0175,
        "uncommon": 0.0525,
        "rare": 0.0875,
        "epic": 0.1225,
        "mythic": 0.14,
        "ancient": 0.1575
      }
    },
    {
      "type": "apotheosis:attribute",
      "gem_class": {
        "key": "heavy_weapon",
        "types": [
          "heavy_weapon"
        ]
      },
      "attribute": "attributeslib:crit_chance",
      "operation": "ADDITION",
      "values": {
        "common": 0.035,
        "uncommon": 0.0875,
        "rare": 0.1225,
        "epic": 0.14,
        "mythic": 0.1662,
        "ancient": 0.2275
      }
    },
    {
      "type": "apotheosis:attribute",
      "gem_class": {
        "key": "lower_armor",
        "types": [
          "leggings",
          "boots"
        ]
      },
      "attribute": "minecraft:generic.movement_speed",
      "operation": "MULTIPLY_TOTAL",
      "values": {
        "common": 0.0175,
        "uncommon": 0.0525,
        "rare": 0.0875,
        "epic": 0.1225,
        "mythic": 0.1575,
        "ancient": 0.2275
      }
    },
    {
      "type": "apotheosis:attribute",
      "gem_class": {
        "key": "helmet",
        "types": [
          "helmet"
        ]
      },
      "attribute": "attributeslib:arrow_velocity",
      "operation": "MULTIPLY_TOTAL",
      "values": {
        "common": 0.0262,
        "uncommon": 0.0525,
        "rare": 0.0875,
        "epic": 0.1312,
        "mythic": 0.1487,
        "ancient": 0.175
      }
    },
    {
      "type": "apotheosis:attribute",
      "gem_class": {
        "key": "shield",
        "types": [
          "shield"
        ]
      },
      "attribute": "attributeslib:dodge_chance",
      "operation": "ADDITION",
      "values": {
        "common": 0.0035,
        "uncommon": 0.007,
        "rare": 0.014,
        "epic": 0.021,
        "mythic": 0.028,
        "ancient": 0.035
      }
    }
  ]
}