{
  "variant": "slipstream",
  "weight": 10,
  "quality": 0,
  "unique": true,
  "dimensions": [],
  "bonuses": [
    {
      "type": "apotheosis:attribute",
      "gem_class": {
        "key": "ranged_weapon",
        "types": [
          "bow",
          "crossbow"
        ]
      },
      "attribute": "attributeslib:draw_speed",
      "operation": "MULTIPLY_BASE",
      "values": {
        "common": 0.035,
        "uncommon": 0.0875,
        "rare": 0.1225,
        "epic": 0.1575,
        "mythic": 0.175,
        "ancient": 0.21
      }
    },
    {
      "type": "apotheosis:attribute",
      "gem_class": {
        "key": "breaker",
        "types": [
          "shovel",
          "pickaxe"
        ]
      },
      "attribute": "attributeslib:mining_speed",
      "operation": "MULTIPLY_BASE",
      "values": {
        "common": 0.0175,
        "uncommon": 0.0525,
        "rare": 0.0788,
        "epic": 0.105,
        "mythic": 0.1312,
        "ancient": 0.1575
      }
    },
    {
      "type": "apotheosis:attribute",
      "gem_class": {
        "key": "boots",
        "types": [
          "boots"
        ]
      },
      "attribute": "attributeslib:dodge_chance",
      "operation": "ADDITION",
      "values": {
        "common": 0.0087,
        "uncommon": 0.0175,
        "rare": 0.0262,
        "epic": 0.035,
        "mythic": 0.0437,
        "ancient": 0.0525
      }
    }
  ]
}