{
  "variant": "splendor",
  "weight": 10,
  "quality": 0,
  "dimensions": [],
  "bonuses": [
    {
      "type": "apotheosis:attribute",
      "gem_class": {
        "key": "core_armor",
        "types": [
          "chestplate",
          "leggings"
        ]
      },
      "attribute": "minecraft:generic.luck",
      "operation": "ADDITION",
      "values": {
        "common": 0.175,
        "uncommon": 0.525,
        "rare": 0.9625,
        "epic": 1.4,
        "mythic": 1.75,
        "ancient": 2.1
      }
    },
    {
      "type": "apotheosis:attribute",
      "gem_class": {
        "key": "weapon_or_tool",
        "types": [
          "sword",
          "trident",
          "bow",
          "crossbow",
          "heavy_weapon",
          "shovel",
          "pickaxe"
        ]
      },
      "attribute": "attributeslib:experience_gained",
      "operation": "MULTIPLY_TOTAL",
      "values": {
        "common": 0.0262,
        "uncommon": 0.0525,
        "rare": 0.0788,
        "epic": 0.105,
        "mythic": 0.1225,
        "ancient": 0.14
      }
    },
    {
      "type": "apotheosis:attribute",
      "gem_class": {
        "key": "boots",
        "types": [
          "boots"
        ]
      },
      "attribute": "minecraft:generic.movement_speed",
      "operation": "MULTIPLY_TOTAL",
      "values": {
        "common": 0.035,
        "uncommon": 0.0875,
        "rare": 0.1225,
        "epic": 0.1575,
        "mythic": 0.1925,
        "ancient": 0.245
      }
    }
  ]
}