{
  "variant": "tyrannical",
  "weight": 10,
  "quality": 0,
  "unique": true,
  "dimensions": [],
  "bonuses": [
    {
      "type": "apotheosis:attribute",
      "gem_class": {
        "key": "heavy_weapon",
        "types": [
          "heavy_weapon"
        ]
      },
      "attribute": "attributeslib:current_hp_damage",
      "operation": "ADDITION",
      "values": {
        "common": 0.0087,
        "uncommon": 0.0175,
        "rare": 0.035,
        "epic": 0.0525,
        "mythic": 0.07,
        "ancient": 0.0875
      }
    },
    {
      "type": "apotheosis:attribute",
      "gem_class": {
        "key": "light_weapon",
        "types": [
          "sword",
          "trident"
        ]
      },
      "attribute": "minecraft:generic.attack_knockback",
      "operation": "ADDITION",
      "values": {
        "common": 0.175,
        "uncommon": 0.35,
        "rare": 0.525,
        "epic": 0.7,
        "mythic": 1.05,
        "ancient": 1.225
      }
    },
    {
      "type": "apotheosis:attribute",
      "gem_class": {
        "key": "core_armor",
        "types": [
          "chestplate",
          "leggings"
        ]
      },
      "attribute": "minecraft:generic.armor_toughness",
      "operation": "ADDITION",
      "values": {
        "common": 0.175,
        "uncommon": 0.35,
        "rare": 0.525,
        "epic": 0.875,
        "mythic": 1.4,
        "ancient": 2.1
      }
    },
    {
      "type": "apotheosis:attribute",
      "gem_class": {
        "key": "shield",
        "types": [
          "shield"
        ]
      },
      "attribute": "minecraft:generic.armor_toughness",
      "operation": "MULTIPLY_TOTAL",
      "values": {
        "common": 0.0175,
        "uncommon": 0.035,
        "rare": 0.0525,
        "epic": 0.0788,
        "mythic": 0.105,
        "ancient": 0.1487
      }
    },
    {
      "type": "apotheosis:mob_effect",
      "gem_class": {
        "key": "ranged_weapon",
        "types": [
          "bow",
          "crossbow"
        ]
      },
      "mob_effect": "attributeslib:bleeding",
      "stack_on_reapply": true,
      "target": "arrow_target",
      "values": {
        "mythic": {
          "duration": 160,
          "amplifier": 0,
          "cooldown": 40
        },
        "ancient": {
          "duration": 160,
          "amplifier": 1,
          "cooldown": 40
        }
      }
    }
  ]
}