{
  "variant": "warlord",
  "weight": 10,
  "quality": 0,
  "dimensions": [],
  "bonuses": [
    {
      "type": "apotheosis:attribute",
      "gem_class": {
        "key": "light_ranged",
        "types": [
          "sword",
          "trident",
          "bow",
          "crossbow"
        ]
      },
      "attribute": "attributeslib:crit_damage",
      "operation": "ADDITION",
      "values": {
        "common": 0.0175,
        "uncommon": 0.035,
        "rare": 0.0525,
        "epic": 0.07,
        "mythic": 0.0875,
        "ancient": 0.105
      }
    },
    {
      "type": "apotheosis:attribute",
      "gem_class": {
        "key": "heavy_weapon",
        "types": [
          "heavy_weapon"
        ]
      },
      "attribute": "attributeslib:crit_damage",
      "operation": "ADDITION",
      "values": {
        "common": 0.0262,
        "uncommon": 0.0525,
        "rare": 0.0788,
        "epic": 0.105,
        "mythic": 0.1225,
        "ancient": 0.14
      }
    },
    {
      "type": "apotheosis:attribute",
      "gem_class": {
        "key": "chestplate",
        "types": [
          "chestplate"
        ]
      },
      "attribute": "minecraft:generic.max_health",
      "operation": "MULTIPLY_BASE",
      "values": {
        "common": 0.0175,
        "uncommon": 0.035,
        "rare": 0.0525,
        "epic": 0.07,
        "mythic": 0.0875,
        "ancient": 0.105
      }
    },
    {
      "type": "apotheosis:attribute",
      "gem_class": {
        "key": "helmet",
        "types": [
          "helmet"
        ]
      },
      "attribute": "minecraft:generic.attack_damage",
      "operation": "MULTIPLY_TOTAL",
      "values": {
        "common": 0.0175,
        "uncommon": 0.035,
        "rare": 0.0437,
        "epic": 0.0525,
        "mythic": 0.0612,
        "ancient": 0.07
      }
    }
  ]
}