{
    "sfx.enderblaster_reload":
    {
        "category":"master",
        "subtitle":"sfx.enderblaster_reload",
        "sounds":[{"name":"wom:sfx/enderblaster_reload", "stream":true}]
    },
    "sfx.antitheus_blackhole":
    {
        "category":"master",
        "subtitle":"sfx.antitheus_blackhole",
        "sounds":[{"name":"wom:sfx/antitheus_blackhole", "stream":true}]
    },
    "sfx.antitheus_blackhole_chargeup":
    {
        "category":"master",
        "subtitle":"sfx.antitheus_blackhole_chargeup",
        "sounds":[{"name":"wom:sfx/antitheus_blackhole_chargeup", "stream":true}]
    },
    "sfx.solar_hit":
    {
        "category":"master",
        "subtitle":"sfx.solar_hit",
        "sounds":[{"name":"wom:sfx/solar_hit", "stream":true}]
    },
    "sfx.time_travel":
    {
        "category":"master",
        "subtitle":"sfx.time_travel",
        "sounds":[{"name":"wom:sfx/time_travel", "stream":true}]
    },
    "entity.lupus_aureum_howl":
    {
        "category":"master",
        "subtitle":"entity.lupus_aureum_howl",
        "sounds":[{"name":"wom:entity/lupus_aureum_howl", "stream":true}]
    },
    "sfx.satsujin_gesshoku":
    {
        "category":"master",
        "subtitle":"sfx.satsujin_gesshoku",
        "sounds":[{"name":"wom:sfx/satsujin_gesshoku", "stream":true}]
    }
}