{
  "name": "integrated_villages:minka_village/minka_village_intersection",
  "fallback": "minecraft:empty",
  "elements": [
    {
      "weight": 1,
      "element": {
        "location": "integrated_villages:minka_village/path/minka_village_gates1",
        "processors": "integrated_villages:minka_village_processor",
        "projection": "rigid",
        "enhanced_terrain_adaptation": {
          "type": "integrated_api:custom",
          "carves": true,
          "beards": true,
          "kernel_size": 15,
          "kernel_distance": 15
        },
        "element_type": "integrated_api:integrated_api_single_pool_element"
      }
    },
    {
      "weight": 1,
      "element": {
        "location": "integrated_villages:minka_village/path/minka_village_gates2",
        "processors": "integrated_villages:minka_village_processor",
        "projection": "rigid",
        "enhanced_terrain_adaptation": {
          "type": "integrated_api:custom",
          "carves": true,
          "beards": true,
          "kernel_size": 15,
          "kernel_distance": 15
        },
        "element_type": "integrated_api:integrated_api_single_pool_element"
      }
    },
    {
      "weight": 1,
      "element": {
        "location": "integrated_villages:minka_village/path/minka_village_pond",
        "processors": "integrated_villages:minka_village_processor",
        "projection": "rigid",
        "enhanced_terrain_adaptation": {
          "type": "integrated_api:custom",
          "carves": true,
          "beards": true,
          "kernel_size": 25,
          "kernel_distance": 25
        },
        "element_type": "integrated_api:integrated_api_single_pool_element"
      }
    },
    {
      "weight": 1,
      "element": {
        "location": "integrated_villages:minka_village/path/minka_village_fountain",
        "processors": "integrated_villages:minka_village_processor",
        "projection": "rigid",
        "enhanced_terrain_adaptation": {
          "type": "integrated_api:custom",
          "carves": true,
          "beards": true,
          "kernel_size": 16,
          "kernel_distance": 15
        },
        "element_type": "integrated_api:integrated_api_single_pool_element"
      }
    }
  ]
}