{
  "name": "integrated_villages:minka_village/path/path_torii",
  "fallback": "minecraft:empty",
  "elements": [
    {
      "weight": 2,
      "element": {
        "location": "integrated_villages:minka_village/path/minka_village_path_torii1",
        "processors": "integrated_villages:minka_village_processor",
        "projection": "terrain_matching",
        "element_type": "minecraft:legacy_single_pool_element"
      }
    },
    {
      "weight": 2,
      "element": {
        "location": "integrated_villages:minka_village/path/minka_village_path_torii2",
        "processors": "integrated_villages:minka_village_processor",
        "projection": "terrain_matching",
        "element_type": "minecraft:legacy_single_pool_element"
      }
    },
    {
      "weight": 2,
      "element": {
        "location": "integrated_villages:minka_village/path/minka_village_path_torii3",
        "processors": "integrated_villages:minka_village_processor",
        "projection": "terrain_matching",
        "element_type": "minecraft:legacy_single_pool_element"
      }
    }
  ]
}