{
	"weight": 5,
	"quality": 1.5,
	"dimensions": ["minecraft:overworld"],
	"unique": true,
	"min_rarity": "rare",
	"bonuses": [{
			"type": "apotheosis:all_stats",
			"gem_class": {
				"key": "helmet",
				"types": [
					"helmet"
				]
			},
			"operation": "multiply_total",
			"values": {
				"rare": 0.06,
				"epic": 0.09,
				"mythic": 0.12,
				"ancient": 0.16
			},
            "attributes": [
                "minecraft:generic.max_health",
                "minecraft:generic.knockback_resistance",
                "minecraft:generic.movement_speed",
                "minecraft:generic.attack_damage",
                "minecraft:generic.attack_knockback",
                "minecraft:generic.attack_speed",
                "minecraft:generic.luck",
                "attributeslib:armor_pierce",
                "attributeslib:armor_shred",
                "attributeslib:arrow_damage",
                "attributeslib:arrow_velocity",
                "attributeslib:cold_damage",
                "attributeslib:crit_chance",
                "attributeslib:crit_damage",
                "attributeslib:current_hp_damage",
                "attributeslib:dodge_chance",
                "attributeslib:draw_speed",
                "attributeslib:experience_gained",
                "attributeslib:fire_damage",
                "attributeslib:ghost_health",
                "attributeslib:healing_received",
                "attributeslib:life_steal",
                "attributeslib:mining_speed",
                "attributeslib:overheal",
                "attributeslib:prot_pierce",
                "attributeslib:prot_shred",
                "forge:swim_speed",
                "forge:block_reach",
                "forge:entity_reach",
                "forge:step_height_addition",
		"irons_spellbooks:spell_power",
		"irons_spellbooks:max_mana",
		"parcool:max_stamina"
            ]
		},
		{
			"type": "apotheosis:drop_transform",
			"gem_class": {
				"key": "pickaxe",
				"types": [
					"pickaxe"
				]
			},
			"blocks": "forge:ores/copper",
			"inputs": {
				"tag": "forge:raw_materials/copper"
			},
			"output": {
				"item": "minecraft:raw_gold"
			},
			"values": {
				"rare": 0.15,
				"epic": 0.20,
				"mythic": 0.25,
				"ancient": 0.40
			},
			"desc": "gem.apotheosis:overworld/royalty.bonus.pickaxe"
		},
		{
			"type": "apotheosis:multi_attribute",
			"desc": "bonus.apotheosis:multi_attr.desc.and",
			"gem_class": {
				"key": "ranged_weapon",
				"types": [
					"bow", "crossbow"
				]
			},
			"modifiers": [{
					"attribute": "attributeslib:prot_shred",
					"operation": "ADDITION",
					"values": {
						"rare": 0.25,
						"epic": 0.30,
						"mythic": 0.35,
						"ancient": 0.40
					}
				},
				{
					"attribute": "attributeslib:draw_speed",
					"operation": "MULTIPLY_TOTAL",
					"values": {
						"rare": -0.35,
						"epic": -0.45,
						"mythic": -0.55,
						"ancient": -0.65
					}
				}
			]
		},
		{
			"type": "apotheosis:multi_attribute",
			"desc": "bonus.apotheosis:multi_attr.desc.and_but",
			"gem_class": {
				"key": "shield",
				"types": [
					"shield"
				]
			},
			"modifiers": [{
					"attribute": "minecraft:generic.armor",
					"operation": "MULTIPLY_TOTAL",
					"values": {
						"rare": 0.15,
						"epic": 0.25,
						"mythic": 0.35,
						"ancient": 0.5
					}
				},
				{
					"attribute": "minecraft:generic.armor_toughness",
					"operation": "MULTIPLY_TOTAL",
					"values": {
						"rare": 0.075,
						"epic": 0.125,
						"mythic": 0.225,
						"ancient": 0.30
					}
				},
				{
					"attribute": "minecraft:generic.movement_speed",
					"operation": "MULTIPLY_TOTAL",
					"values": {
						"rare": -0.25,
						"epic": -0.30,
						"mythic": -0.35,
						"ancient": -0.40
					}
				}
			]
		}
	]
}