{
  "name": "integrated_villages:kutcha_village/well/well",
  "fallback": "minecraft:empty",
  "elements": [
    {
      "weight": 1,
      "element": {
        "location": "integrated_villages:kutcha_village/well/kutcha_village_well1",
        "processors": "integrated_villages:kutcha_village_processor",
        "projection": "rigid",
        "enhanced_terrain_adaptation": {
          "type": "integrated_api:custom",
          "carves": true,
          "beards": true,
          "kernel_size": 15,
          "kernel_distance": 15
        },
        "element_type": "integrated_api:integrated_api_single_pool_element"
      }
    },
    {
      "weight": 1,
      "element": {
        "location": "integrated_villages:kutcha_village/well/kutcha_village_well2",
        "processors": "integrated_villages:kutcha_village_processor",
        "projection": "rigid",
        "enhanced_terrain_adaptation": {
          "type": "integrated_api:custom",
          "carves": true,
          "beards": true,
          "kernel_size": 15,
          "kernel_distance": 15
        },
        "element_type": "integrated_api:integrated_api_single_pool_element"
      }
    }
  ]
}