{
  "type": "apotheosis:attribute",
  "attribute": "minecraft:generic.armor",
  "operation": "MULTIPLY_BASE",
  "values": {
    "common": {
      "min": 0.035,
      "steps": 5,
      "step": 0.0035
    },
    "uncommon": {
      "min": 0.035,
      "steps": 5,
      "step": 0.0035
    },
    "rare": {
      "min": 0.0525,
      "steps": 5,
      "step": 0.0035
    },
    "epic": {
      "min": 0.0525,
      "steps": 5,
      "step": 0.0035
    },
    "mythic": {
      "min": 0.0525,
      "steps": 10,
      "step": 0.0035
    },
    "ancient": {
      "min": 0.0875,
      "steps": 5,
      "step": 0.0035
    }
  },
  "types": [
    "shield"
  ]
}