{
  "type": "apotheosis:attribute",
  "attribute": "attributeslib:draw_speed",
  "operation": "ADDITION",
  "values": {
    "common": {
      "min": 0.07,
      "steps": 2,
      "step": 0.035
    },
    "uncommon": {
      "min": 0.07,
      "steps": 2,
      "step": 0.035
    },
    "rare": {
      "min": 0.105,
      "steps": 3,
      "step": 0.0525
    },
    "epic": {
      "min": 0.175,
      "steps": 3,
      "step": 0.0875
    },
    "mythic": {
      "min": 0.175,
      "steps": 3,
      "step": 0.0875
    },
    "ancient": {
      "min": 0.35,
      "steps": 3,
      "step": 0.0875
    }
  },
  "types": [
    "bow",
    "crossbow",
    "trident"
  ]
}