{
  "type": "apotheosis:attribute",
  "attribute": "minecraft:generic.movement_speed",
  "operation": "MULTIPLY_BASE",
  "values": {
    "common": {
      "min": 0.0525,
      "steps": 2,
      "step": 0.0175
    },
    "uncommon": {
      "min": 0.0525,
      "steps": 3,
      "step": 0.0175
    },
    "rare": {
      "min": 0.0525,
      "steps": 3,
      "step": 0.0175
    },
    "epic": {
      "min": 0.0525,
      "steps": 4,
      "step": 0.0175
    },
    "mythic": {
      "min": 0.0525,
      "steps": 4,
      "step": 0.0175
    },
    "ancient": {
      "min": 0.0875,
      "steps": 5,
      "step": 0.0175
    }
  },
  "types": [
    "bow",
    "crossbow",
    "trident"
  ]
}