{
	"credit": "Made with Blockbench",
	"loader": "forge:composite",
	"parent": "block/block",
	"ambientocclusion": false,
	"textures": {
		"particle": "create:block/brass_casing"
	},
	"children": {
		"base": {
			"render_type": "minecraft:cutout_mipped",
			"textures": {
				"0": "create:block/link_base_powered",
				"1": "create:block/link_details",
				"particle": "create:block/vault/vault_front_small"
			},
			"elements": [
				{
					"from": [1.95, 1.95, -1.05],
					"to": [14.05, 14.05, 1.05],
					"rotation": {"angle": 0, "axis": "y", "origin": [8, 8, 8]},
					"faces": {
						"north": {"uv": [9, 9, 15, 15], "rotation": 180, "texture": "#1"},
						"east": {"uv": [9, 4, 15, 5], "rotation": 270, "texture": "#0"},
						"west": {"uv": [9, 4, 15, 5], "rotation": 90, "texture": "#0"},
						"up": {"uv": [9, 5, 15, 6], "rotation": 180, "texture": "#0"},
						"down": {"uv": [9, 5, 15, 6], "texture": "#0"}
					}
				},
				{
					"from": [1, 1, 1],
					"to": [15, 15, 4],
					"rotation": {"angle": 0, "axis": "y", "origin": [8, 8, 8]},
					"faces": {
						"north": {"uv": [8.5, 8.5, 15.5, 15.5], "rotation": 180, "texture": "#1"},
						"east": {"uv": [8.5, 2.5, 15.5, 4], "rotation": 270, "texture": "#0"},
						"south": {"uv": [0.5, 0.5, 7.5, 7.5], "texture": "#0"},
						"west": {"uv": [8.5, 2.5, 15.5, 4], "rotation": 90, "texture": "#0"},
						"up": {"uv": [15.5, 0.5, 8.5, 2], "rotation": 180, "texture": "#0"},
						"down": {"uv": [8.5, 0.5, 15.5, 2], "texture": "#0"}
					}
				},
				{
					"from": [3, 3, 4],
					"to": [7, 7, 6],
					"rotation": {"angle": 0, "axis": "y", "origin": [8, 8, 8]},
					"faces": {
						"east": {"uv": [6, 7, 8, 8], "rotation": 270, "texture": "#1"},
						"south": {"uv": [6, 0, 8, 2], "texture": "#1"},
						"west": {"uv": [6, 7, 8, 8], "rotation": 90, "texture": "#1"},
						"up": {"uv": [6, 7, 8, 8], "rotation": 180, "texture": "#1"},
						"down": {"uv": [6, 7, 8, 8], "texture": "#1"}
					}
				},
				{
					"from": [9, 3, 4],
					"to": [13, 7, 6],
					"rotation": {"angle": 0, "axis": "y", "origin": [8, 8, 8]},
					"faces": {
						"east": {"uv": [6, 7, 8, 8], "rotation": 270, "texture": "#1"},
						"south": {"uv": [6, 5, 8, 7], "texture": "#1"},
						"west": {"uv": [6, 7, 8, 8], "rotation": 90, "texture": "#1"},
						"up": {"uv": [6, 7, 8, 8], "rotation": 180, "texture": "#1"},
						"down": {"uv": [6, 7, 8, 8], "texture": "#1"}
					}
				},
				{
					"from": [3.5, 5, 6],
					"to": [6.5, 5, 10],
					"rotation": {"angle": 0, "axis": "y", "origin": [8, 8, 8]},
					"faces": {
						"up": {"uv": [11.5, 6, 13, 8], "rotation": 180, "texture": "#1"},
						"down": {"uv": [11.5, 6, 13, 8], "texture": "#1"}
					}
				},
				{
			"from": [5.5, 8.5, 4],
			"to": [9.5, 12.5, 6],
			"rotation": {"angle": 0, "axis": "x", "origin": [8, 11, 5]},
			"faces": {
				"east": {"uv": [0, 2, 1, 0], "rotation": 180, "texture": "#1"},
				"south": {"uv": [6, 0, 3.5, 2.5], "rotation": 180, "texture": "#1"},
				"west": {"uv": [2, 0, 1, 2], "rotation": 180, "texture": "#1"},
				"up": {"uv": [1, 2, 3, 3], "rotation": 180, "texture": "#1"},
				"down": {"uv": [2, 0, 3, 2], "rotation": 90, "texture": "#1"}
			}
		},
		{
			"from": [6.5, 13.5, 4.5],
			"to": [8.5, 14.5, 6.5],
			"rotation": {"angle": 0, "axis": "y", "origin": [6, 12, 4]},
			"faces": {
				"north": {"uv": [0, 7.5, 1, 8], "texture": "#1"},
				"east": {"uv": [0, 7.5, 1, 8], "texture": "#1"},
				"south": {"uv": [0, 7.5, 1, 8], "texture": "#1"},
				"west": {"uv": [0, 7.5, 1, 8], "texture": "#1"},
				"up": {"uv": [2, 4.5, 3, 5.5], "texture": "#1"},
				"down": {"uv": [4.5, 0.5, 5, 1], "texture": "#1"}
			}
		},
		{
			"from": [6.5, 11.6, 4.5],
			"to": [8.5, 12.6, 6.5],
			"rotation": {"angle": 0, "axis": "y", "origin": [6, 10, 4]},
			"faces": {
				"north": {"uv": [0, 7.5, 1, 8], "texture": "#1"},
				"east": {"uv": [0, 7.5, 1, 8], "texture": "#1"},
				"south": {"uv": [0, 7.5, 1, 8], "texture": "#1"},
				"west": {"uv": [0, 7.5, 1, 8], "texture": "#1"},
				"up": {"uv": [2, 4.5, 3, 5.5], "texture": "#1"},
				"down": {"uv": [4.5, 0.5, 5, 1], "texture": "#1"}
			}
		},
		{
			"from": [5.5, 15.5, 5],
			"to": [9.5, 16.5, 6],
			"rotation": {"angle": 0, "axis": "y", "origin": [5, 15, 5]},
			"faces": {
				"north": {"uv": [1.5, 3, 3.5, 3.5], "texture": "#1"},
				"east": {"uv": [1.5, 7.5, 2, 8], "texture": "#1"},
				"south": {"uv": [1.5, 3, 3.5, 3.5], "texture": "#1"},
				"west": {"uv": [1.5, 7.5, 2, 8], "texture": "#1"},
				"up": {"uv": [1, 3, 3, 3.5], "texture": "#1"},
				"down": {"uv": [0, 7.5, 2, 8], "texture": "#1"}
			}
		},
		{
			"from": [8.5, 16.5, 5],
			"to": [9.5, 20.5, 6],
			"rotation": {"angle": 0, "axis": "y", "origin": [10, 16, 5]},
			"faces": {
				"north": {"uv": [0, 5.5, 0.5, 7.5], "texture": "#1"},
				"east": {"uv": [0, 5.5, 0.5, 7.5], "texture": "#1"},
				"south": {"uv": [0, 5.5, 0.5, 7.5], "texture": "#1"},
				"west": {"uv": [0, 5.5, 0.5, 7.5], "texture": "#1"},
				"up": {"uv": [0, 5.5, 0.5, 6], "texture": "#1"},
				"down": {"uv": [0, 5.5, 0.5, 7.5], "texture": "#missing"}
			}
		},
		{
			"from": [5.5, 16.5, 5],
			"to": [6.5, 20.5, 6],
			"rotation": {"angle": 0, "axis": "y", "origin": [4, 16, 5]},
			"faces": {
				"north": {"uv": [0, 5.5, 0.5, 7.5], "texture": "#1"},
				"east": {"uv": [0, 5.5, 0.5, 7.5], "texture": "#1"},
				"south": {"uv": [0, 5.5, 0.5, 7.5], "texture": "#1"},
				"west": {"uv": [0, 5.5, 0.5, 7.5], "texture": "#1"},
				"up": {"uv": [0, 5.5, 0.5, 6], "texture": "#1"},
				"down": {"uv": [0, 5.5, 0.5, 7.5], "texture": "#missing"}
			}
		},
		{
			"from": [7, 12.5, 5],
			"to": [8, 15.5, 6],
			"rotation": {"angle": 0, "axis": "y", "origin": [7, 12, 5]},
			"faces": {
				"north": {"uv": [4.5, 4, 5, 5.5], "texture": "#1"},
				"east": {"uv": [4.5, 4.5, 5, 6], "texture": "#1"},
				"south": {"uv": [4.5, 4, 5, 5.5], "texture": "#1"},
				"west": {"uv": [4.5, 4, 5, 5.5], "texture": "#1"},
				"down": {"uv": [0, 1.5, 0.5, 3], "texture": "#missing"}
			}
		}
			]
		},
		"bulb": {
			"render_type": "minecraft:translucent",
			"textures": {
				"1": "create:block/link_details"
			},
			"elements": [
				{
				"from": [2.5, 2.5, 6],
				"to": [7.5, 7.5, 11],
				"rotation": {"angle": 0, "axis": "y", "origin": [8, 8, 8]},
				"faces": {
					"north": {"uv": [13.5, 5, 16, 7.5], "rotation": 180, "texture": "#1"},
					"east": {"uv": [16, 2.5, 13.5, 5], "rotation": 270, "texture": "#1"},
					"south": {"uv": [13.5, 0, 16, 2.5], "texture": "#1"},
					"west": {"uv": [13.5, 2.5, 16, 5], "rotation": 90, "texture": "#1"},
					"up": {"uv": [16, 2.5, 13.5, 5], "rotation": 180, "texture": "#1"},
					"down": {"uv": [13.5, 2.5, 16, 5], "texture": "#1"}
				}
			}
			]
		}
	}
}
