{
	"credit": "Made with Blockbench",
	"loader": "forge:composite",
	"parent": "block/block",
	"ambientocclusion": false,
	"textures": {
		"particle": "create:block/brass_casing"
	},
	"children": {
		"base": {
			"render_type": "minecraft:cutout_mipped",
			"textures": {
				"0": "create:block/link_base_powered",
				"1": "create:block/link_details",
				"particle": "create:block/vault/vault_front_small"
			},
			"elements": [
				{
					"from": [1, 1, 1],
					"to": [15, 4, 15],
					"rotation": {"angle": 0, "axis": "y", "origin": [8, 8, 8]},
					"faces": {
						"north": {"uv": [8.5, 0.5, 15.5, 2], "texture": "#0"},
						"east": {"uv": [8.5, 2.5, 15.5, 4], "texture": "#0"},
						"south": {"uv": [15.5, 0.5, 8.5, 2], "texture": "#0"},
						"west": {"uv": [8.5, 2.5, 15.5, 4], "texture": "#0"},
						"up": {"uv": [0.5, 0.5, 7.5, 7.5], "rotation": 180, "texture": "#0"},
						"down": {"uv": [8.5, 8.5, 15.5, 15.5], "rotation": 180, "texture": "#1"}
					}
				},
				{
					"from": [1.95, -1.05, 1.95],
					"to": [14.05, 1.05, 14.05],
					"rotation": {"angle": 0, "axis": "y", "origin": [8, 8, 8]},
					"faces": {
						"north": {"uv": [9, 5, 15, 6], "texture": "#0"},
						"east": {"uv": [9, 4, 15, 5], "texture": "#0"},
						"south": {"uv": [9, 5, 15, 6], "texture": "#0"},
						"west": {"uv": [9, 4, 15, 5], "texture": "#0"},
						"down": {"uv": [9, 9, 15, 15], "rotation": 180, "texture": "#1"}
					}
				},
				{
					"from": [9, 4, 3],
					"to": [13, 6, 7],
					"rotation": {"angle": 0, "axis": "y", "origin": [8, 8, 8]},
					"faces": {
						"north": {"uv": [6, 7, 8, 8], "texture": "#1"},
						"east": {"uv": [6, 7, 8, 8], "texture": "#1"},
						"south": {"uv": [6, 7, 8, 8], "texture": "#1"},
						"west": {"uv": [6, 7, 8, 8], "texture": "#1"},
						"up": {"uv": [6, 0, 8, 2], "rotation": 180, "texture": "#1"}
					}
				},
				{
					"from": [3, 4, 3],
					"to": [7, 6, 7],
					"rotation": {"angle": 0, "axis": "y", "origin": [8, 8, 8]},
					"faces": {
						"north": {"uv": [6, 7, 8, 8], "texture": "#1"},
						"east": {"uv": [6, 7, 8, 8], "texture": "#1"},
						"south": {"uv": [6, 7, 8, 8], "texture": "#1"},
						"west": {"uv": [6, 7, 8, 8], "texture": "#1"},
						"up": {"uv": [6, 5, 8, 7], "rotation": 180, "texture": "#1"}
					}
				},
				{
					"from": [9.5, 6, 5],
					"to": [12.5, 10, 5],
					"rotation": {"angle": 0, "axis": "y", "origin": [8, 8, 8]},
					"faces": {
						"north": {"uv": [11.5, 6, 13, 8], "texture": "#1"},
						"south": {"uv": [11.5, 6, 13, 8], "texture": "#1"}
					}
				},
				{
			"from": [6.5, 4, 8.5],
			"to": [10.5, 6, 12.5],
			"rotation": {"angle": 0, "axis": "y", "origin": [7, 8, 8]},
			"faces": {
				"north": {"uv": [1, 2, 3, 3], "texture": "#1"},
				"east": {"uv": [0, 2, 1, 0], "rotation": 270, "texture": "#1"},
				"south": {"uv": [2, 0, 3, 2], "rotation": 90, "texture": "#1"},
				"west": {"uv": [2, 0, 1, 2], "rotation": 90, "texture": "#1"},
				"up": {"uv": [6, 0, 3.5, 2.5], "rotation": 180, "texture": "#1"}
			}
		},
		{
			"from": [7.5, 8, 9.5],
			"to": [9.5, 9, 11.5],
			"rotation": {"angle": 0, "axis": "y", "origin": [7, 7, 9]},
			"faces": {
				"north": {"uv": [0, 7.5, 1, 8], "texture": "#1"},
				"east": {"uv": [0, 7.5, 1, 8], "texture": "#1"},
				"south": {"uv": [0, 7.5, 1, 8], "texture": "#1"},
				"west": {"uv": [0, 7.5, 1, 8], "texture": "#1"},
				"up": {"uv": [2, 4.5, 3, 5.5], "texture": "#1"},
				"down": {"uv": [4, 0.5, 5, 1.5], "texture": "#1"}
			}
		},
		{
			"from": [7.5, 6, 9.5],
			"to": [9.5, 7, 11.5],
			"rotation": {"angle": 0, "axis": "y", "origin": [7, 5, 9]},
			"faces": {
				"north": {"uv": [0, 7.5, 1, 8], "texture": "#1"},
				"east": {"uv": [0, 7.5, 1, 8], "texture": "#1"},
				"south": {"uv": [0, 7.5, 1, 8], "texture": "#1"},
				"west": {"uv": [0, 7.5, 1, 8], "texture": "#1"},
				"up": {"uv": [2, 4.5, 3, 5.5], "texture": "#1"},
				"down": {"uv": [4, 0.5, 5, 1.5], "texture": "#1"}
			}
		},
		{
			"from": [6.5, 10, 10],
			"to": [10.5, 11, 11],
			"rotation": {"angle": 0, "axis": "y", "origin": [6, 10, 10]},
			"faces": {
				"north": {"uv": [1.5, 3, 3.5, 3.5], "texture": "#1"},
				"east": {"uv": [1.5, 7.5, 2, 8], "texture": "#1"},
				"south": {"uv": [1.5, 3, 3.5, 3.5], "texture": "#1"},
				"west": {"uv": [1.5, 7.5, 2, 8], "texture": "#1"},
				"up": {"uv": [1, 3, 3, 3.5], "texture": "#1"},
				"down": {"uv": [0, 7.5, 2, 8], "texture": "#1"}
			}
		},
		{
			"from": [9.5, 11, 10],
			"to": [10.5, 15, 11],
			"rotation": {"angle": 0, "axis": "y", "origin": [11, 11, 10]},
			"faces": {
				"north": {"uv": [0, 5.5, 0.5, 7.5], "texture": "#1"},
				"east": {"uv": [0, 5.5, 0.5, 7.5], "texture": "#1"},
				"south": {"uv": [0, 5.5, 0.5, 7.5], "texture": "#1"},
				"west": {"uv": [0, 5.5, 0.5, 7.5], "texture": "#1"},
				"up": {"uv": [0, 5.5, 0.5, 6], "texture": "#1"},
				"down": {"uv": [0, 5.5, 0.5, 7.5], "texture": "#1"}
			}
		},
		{
			"from": [6.5, 11, 10],
			"to": [7.5, 15, 11],
			"rotation": {"angle": 0, "axis": "y", "origin": [5, 11, 10]},
			"faces": {
				"north": {"uv": [0, 5.5, 0.5, 7.5], "texture": "#1"},
				"east": {"uv": [0, 5.5, 0.5, 7.5], "texture": "#1"},
				"south": {"uv": [0, 5.5, 0.5, 7.5], "texture": "#1"},
				"west": {"uv": [0, 5.5, 0.5, 7.5], "texture": "#1"},
				"up": {"uv": [0, 5.5, 0.5, 6], "texture": "#1"},
				"down": {"uv": [0, 5.5, 0.5, 7.5], "texture": "#1"}
			}
		},
		{
			"from": [8, 7, 10],
			"to": [9, 10, 11],
			"rotation": {"angle": 0, "axis": "y", "origin": [8, 7, 10]},
			"faces": {
				"north": {"uv": [4.5, 4, 5, 5.5], "texture": "#1"},
				"east": {"uv": [4.5, 4.5, 5, 6], "texture": "#1"},
				"south": {"uv": [4.5, 4, 5, 5.5], "texture": "#1"},
				"west": {"uv": [4.5, 4, 5, 5.5], "texture": "#1"},
				"down": {"uv": [0, 1.5, 0.5, 3], "texture": "#1"}
			}
		}
			]
		},
		"bulb": {
			"render_type": "minecraft:translucent",
			"textures": {
				"1": "create:block/link_details"
			},
			"elements": [
				{
					"from": [8.5, 6, 2.5],
					"to": [13.5, 11, 7.5],
					"rotation": {"angle": 0, "axis": "y", "origin": [8, 8, 8]},
					"faces": {
						"north": {"uv": [13.5, 2.5, 16, 5], "texture": "#1"},
						"east": {"uv": [13.5, 2.5, 16, 5], "texture": "#1"},
						"south": {"uv": [16, 2.5, 13.5, 5], "texture": "#1"},
						"west": {"uv": [16, 2.5, 13.5, 5], "texture": "#1"},
						"up": {"uv": [13.5, 0, 16, 2.5], "rotation": 180, "texture": "#1"},
						"down": {"uv": [13.5, 5, 16, 7.5], "rotation": 180, "texture": "#1"}
					}
				}
			]
		}
	},
	"display": {
		"thirdperson_righthand": {
			"rotation": [75, 45, 0],
			"translation": [0, 2.5, 0],
			"scale": [0.375, 0.375, 0.375]
		},
		"thirdperson_lefthand": {
			"rotation": [75, 45, 0],
			"translation": [0, 2.5, 0],
			"scale": [0.375, 0.375, 0.375]
		},
		"firstperson_righthand": {
			"rotation": [0, 45, 0],
			"scale": [0.4, 0.4, 0.4]
		},
		"firstperson_lefthand": {
			"rotation": [0, 225, 0],
			"scale": [0.4, 0.4, 0.4]
		},
		"ground": {
			"translation": [0, 3, 0],
			"scale": [0.25, 0.25, 0.25]
		},
		"gui": {
			"rotation": [30, 225, 0],
			"translation": [0, 1.5, 0],
			"scale": [0.625, 0.625, 0.625]
		},
		"fixed": {
			"rotation": [270, 0, 0],
			"translation": [0, 0, -4],
			"scale": [0.5, 0.5, 0.5]
		}
	}
}
